Initialized native services in: /Users/enayat/.gradle/native
Initialized jansi services in: /Users/enayat/.gradle/native
To honour the JVM settings for this build a single-use Daemon process will be forked. For more on this, please refer to https://docs.gradle.org/8.12/userguide/gradle_daemon.html#sec:disabling_the_daemon in the Gradle documentation.
Starting process 'Gradle build daemon'. Working directory: /Users/enayat/.gradle/daemon/8.12 Command: /Library/Java/JavaVirtualMachines/temurin-17.jdk/Contents/Home/bin/java --add-opens=java.base/java.lang=ALL-UNNAMED --add-opens=java.base/java.lang.invoke=ALL-UNNAMED --add-opens=java.base/java.util=ALL-UNNAMED --add-opens=java.prefs/java.util.prefs=ALL-UNNAMED --add-exports=jdk.compiler/com.sun.tools.javac.api=ALL-UNNAMED --add-exports=jdk.compiler/com.sun.tools.javac.util=ALL-UNNAMED --add-opens=java.base/java.util=ALL-UNNAMED --add-opens=java.prefs/java.util.prefs=ALL-UNNAMED --add-opens=java.base/java.nio.charset=ALL-UNNAMED --add-opens=java.base/java.net=ALL-UNNAMED --add-opens=java.base/java.util.concurrent.atomic=ALL-UNNAMED --add-opens=java.xml/javax.xml.namespace=ALL-UNNAMED -Xmx4096m -Dfile.encoding=UTF-8 -Duser.country=US -Duser.language=en -Duser.variant -cp /Users/enayat/.gradle/wrapper/dists/gradle-8.12-bin/cetblhg4pflnnks72fxwobvgv/gradle-8.12/lib/gradle-daemon-main-8.12.jar -javaagent:/Users/enayat/.gradle/wrapper/dists/gradle-8.12-bin/cetblhg4pflnnks72fxwobvgv/gradle-8.12/lib/agents/gradle-instrumentation-agent-8.12.jar org.gradle.launcher.daemon.bootstrap.GradleDaemon 8.12
Successfully started process 'Gradle build daemon'
An attempt to start the daemon took 9.063 secs.
The client will now receive all logging from the daemon (pid: 50656). The daemon log file: /Users/enayat/.gradle/daemon/8.12/daemon-50656.out.log
Daemon will be stopped at the end of the build 
Using 4 worker leases.
Received JVM installation metadata from '/Library/Java/JavaVirtualMachines/temurin-17.jdk/Contents/Home': {JAVA_HOME=/Library/Java/JavaVirtualMachines/temurin-17.jdk/Contents/Home, JAVA_VERSION=17.0.18, JAVA_VENDOR=Eclipse Adoptium, RUNTIME_NAME=OpenJDK Runtime Environment, RUNTIME_VERSION=17.0.18+8, VM_NAME=OpenJDK 64-Bit Server VM, VM_VERSION=17.0.18+8, VM_VENDOR=Eclipse Adoptium, OS_ARCH=x86_64}
Watching the file system is configured to be enabled if available
Now considering [/Users/enayat/Documents/DeepEyeUnlocker] as hierarchies to watch
File system watching is active
Starting Build
Settings evaluated using settings file '/Users/enayat/Documents/DeepEyeUnlocker/settings.gradle.kts'.
Projects loaded. Root project using build file '/Users/enayat/Documents/DeepEyeUnlocker/build.gradle.kts'.
Included projects: [root project 'DeepEyeUnlocker', project ':app']

> Configure project :
Evaluating root project 'DeepEyeUnlocker' using build file '/Users/enayat/Documents/DeepEyeUnlocker/build.gradle.kts'.

> Configure project :app
Evaluating project ':app' using build file '/Users/enayat/Documents/DeepEyeUnlocker/app/build.gradle'.
Resolved plugin [id: 'com.android.application']
Resolved plugin [id: 'org.jetbrains.kotlin.android']
Resolved plugin [id: 'org.jetbrains.kotlin.plugin.compose']
Using default execution profile
Using Kotlin Gradle Plugin gradle85 variant
C/C++: android.ndkVersion from module build.gradle is [25.1.8937393]
C/C++: android.ndkPath from module build.gradle is not set
C/C++: ndk.dir in local.properties is not set
C/C++: Not considering ANDROID_NDK_HOME because support was removed after deprecation period.
C/C++: sdkFolder is /usr/local/share/android-commandlinetools
C/C++: android.ndkVersion from module build.gradle is [25.1.8937393]
C/C++: android.ndkPath from module build.gradle is not set
C/C++: ndk.dir in local.properties is not set
C/C++: Not considering ANDROID_NDK_HOME because support was removed after deprecation period.
C/C++: sdkFolder is /usr/local/share/android-commandlinetools
C/C++: android.ndkVersion from module build.gradle is [25.1.8937393]
C/C++: android.ndkPath from module build.gradle is not set
C/C++: ndk.dir in local.properties is not set
C/C++: Not considering ANDROID_NDK_HOME because support was removed after deprecation period.
C/C++: sdkFolder is /usr/local/share/android-commandlinetools
C/C++: android.ndkVersion from module build.gradle is [25.1.8937393]
C/C++: android.ndkPath from module build.gradle is not set
C/C++: ndk.dir in local.properties is not set
C/C++: Not considering ANDROID_NDK_HOME because support was removed after deprecation period.
C/C++: sdkFolder is /usr/local/share/android-commandlinetools
C/C++: android.ndkVersion from module build.gradle is [25.1.8937393]
C/C++: android.ndkPath from module build.gradle is not set
C/C++: ndk.dir in local.properties is not set
C/C++: Not considering ANDROID_NDK_HOME because support was removed after deprecation period.
C/C++: sdkFolder is /usr/local/share/android-commandlinetools
C/C++: android.ndkVersion from module build.gradle is [25.1.8937393]
C/C++: android.ndkPath from module build.gradle is not set
C/C++: ndk.dir in local.properties is not set
C/C++: Not considering ANDROID_NDK_HOME because support was removed after deprecation period.
C/C++: sdkFolder is /usr/local/share/android-commandlinetools
C/C++: android.ndkVersion from module build.gradle is [25.1.8937393]
C/C++: android.ndkPath from module build.gradle is not set
C/C++: ndk.dir in local.properties is not set
C/C++: Not considering ANDROID_NDK_HOME because support was removed after deprecation period.
C/C++: sdkFolder is /usr/local/share/android-commandlinetools
C/C++: android.ndkVersion from module build.gradle is [25.1.8937393]
C/C++: android.ndkPath from module build.gradle is not set
C/C++: ndk.dir in local.properties is not set
C/C++: Not considering ANDROID_NDK_HOME because support was removed after deprecation period.
C/C++: sdkFolder is /usr/local/share/android-commandlinetools
C/C++: android.ndkVersion from module build.gradle is [25.1.8937393]
C/C++: android.ndkPath from module build.gradle is not set
C/C++: ndk.dir in local.properties is not set
C/C++: Not considering ANDROID_NDK_HOME because support was removed after deprecation period.
C/C++: sdkFolder is /usr/local/share/android-commandlinetools
C/C++: android.ndkVersion from module build.gradle is [25.1.8937393]
C/C++: android.ndkPath from module build.gradle is not set
C/C++: ndk.dir in local.properties is not set
C/C++: Not considering ANDROID_NDK_HOME because support was removed after deprecation period.
C/C++: sdkFolder is /usr/local/share/android-commandlinetools
C/C++: android.ndkVersion from module build.gradle is [25.1.8937393]
C/C++: android.ndkPath from module build.gradle is not set
C/C++: ndk.dir in local.properties is not set
C/C++: Not considering ANDROID_NDK_HOME because support was removed after deprecation period.
C/C++: sdkFolder is /usr/local/share/android-commandlinetools
Parsed shrinker version: 8.2.47
Detected Android Gradle Plugin compose compiler configuration
Detected Android Gradle Plugin compose compiler configuration
Detected Android Gradle Plugin compose compiler configuration
Detected Android Gradle Plugin compose compiler configuration
Detected Android Gradle Plugin compose compiler configuration
All projects evaluated.
Task path ':app:clean' matched project ':app'
Task name matched 'clean'
Task path ':app:compileReleaseKotlin' matched project ':app'
Task name matched 'compileReleaseKotlin'
Selected primary task 'clean' from project :app
Selected primary task 'compileReleaseKotlin' from project :app
Warning: SDK processing. This version only understands SDK XML versions up to 3 but an SDK XML file of version 4 was encountered. This can happen if you use versions of Android Studio and the command-line tools that were released at different times.
Tasks to be executed: [task ':app:externalNativeBuildCleanDebug', task ':app:externalNativeBuildCleanRelease', task ':app:clean', task ':app:checkKotlinGradlePluginConfigurationErrors', task ':app:preBuild', task ':app:preReleaseBuild', task ':app:generateReleaseBuildConfig', task ':app:checkReleaseAarMetadata', task ':app:generateReleaseResValues', task ':app:mapReleaseSourceSetPaths', task ':app:generateReleaseResources', task ':app:mergeReleaseResources', task ':app:packageReleaseResources', task ':app:parseReleaseLocalResources', task ':app:createReleaseCompatibleScreenManifests', task ':app:extractDeepLinksRelease', task ':app:processReleaseMainManifest', task ':app:processReleaseManifest', task ':app:processReleaseManifestForPackage', task ':app:processReleaseResources', task ':app:compileReleaseKotlin']
Tasks that were excluded: []
Resolve mutations for :app:externalNativeBuildCleanDebug (Thread[Execution worker,5,main]) started.
:app:externalNativeBuildCleanDebug (Thread[Execution worker,5,main]) started.

> Task :app:externalNativeBuildCleanDebug
Caching disabled for task ':app:externalNativeBuildCleanDebug' because:
  Build cache is disabled
Task ':app:externalNativeBuildCleanDebug' is not up-to-date because:
  Task has not declared any outputs despite executing actions.
C/C++: starting clean
C/C++: finding existing JSONs
C/C++: Json file not found so contents couldn't be cleaned /Users/enayat/Documents/DeepEyeUnlocker/app/.cxx/Debug/24l17233/x86/android_gradle_build.json
C/C++: Json file not found so contents couldn't be cleaned /Users/enayat/Documents/DeepEyeUnlocker/app/.cxx/Debug/24l17233/x86_64/android_gradle_build.json
C/C++: about to execute 2 clean command batches
Clean deepeye_core-armeabi-v7a, usb_static-armeabi-v7a
C/C++: /usr/local/share/android-commandlinetools/cmake/3.22.1/bin/ninja \
  -C \
  /Users/enayat/Documents/DeepEyeUnlocker/app/.cxx/Debug/24l17233/armeabi-v7a \
  clean

Starting process 'command '/usr/local/share/android-commandlinetools/cmake/3.22.1/bin/ninja''. Working directory: /Users/enayat/Documents/DeepEyeUnlocker Command: /usr/local/share/android-commandlinetools/cmake/3.22.1/bin/ninja -C /Users/enayat/Documents/DeepEyeUnlocker/app/.cxx/Debug/24l17233/armeabi-v7a clean
Successfully started process 'command '/usr/local/share/android-commandlinetools/cmake/3.22.1/bin/ninja''
C/C++: Received process result: 0
Clean deepeye_core-arm64-v8a, usb_static-arm64-v8a
C/C++: /usr/local/share/android-commandlinetools/cmake/3.22.1/bin/ninja \
  -C \
  /Users/enayat/Documents/DeepEyeUnlocker/app/.cxx/Debug/24l17233/arm64-v8a \
  clean

Starting process 'command '/usr/local/share/android-commandlinetools/cmake/3.22.1/bin/ninja''. Working directory: /Users/enayat/Documents/DeepEyeUnlocker Command: /usr/local/share/android-commandlinetools/cmake/3.22.1/bin/ninja -C /Users/enayat/Documents/DeepEyeUnlocker/app/.cxx/Debug/24l17233/arm64-v8a clean
Successfully started process 'command '/usr/local/share/android-commandlinetools/cmake/3.22.1/bin/ninja''
C/C++: Received process result: 0
C/C++: clean complete
Resolve mutations for :app:externalNativeBuildCleanRelease (Thread[Execution worker,5,main]) started.
:app:externalNativeBuildCleanRelease (Thread[included builds,5,main]) started.

> Task :app:externalNativeBuildCleanRelease
Caching disabled for task ':app:externalNativeBuildCleanRelease' because:
  Build cache is disabled
Task ':app:externalNativeBuildCleanRelease' is not up-to-date because:
  Task has not declared any outputs despite executing actions.
C/C++: starting clean
C/C++: finding existing JSONs
C/C++: Json file not found so contents couldn't be cleaned /Users/enayat/Documents/DeepEyeUnlocker/app/.cxx/RelWithDebInfo/474d3161/x86/android_gradle_build.json
C/C++: Json file not found so contents couldn't be cleaned /Users/enayat/Documents/DeepEyeUnlocker/app/.cxx/RelWithDebInfo/474d3161/x86_64/android_gradle_build.json
C/C++: about to execute 2 clean command batches
Clean deepeye_core-armeabi-v7a, usb_static-armeabi-v7a
C/C++: /usr/local/share/android-commandlinetools/cmake/3.22.1/bin/ninja \
  -C \
  /Users/enayat/Documents/DeepEyeUnlocker/app/.cxx/RelWithDebInfo/474d3161/armeabi-v7a \
  clean

Starting process 'command '/usr/local/share/android-commandlinetools/cmake/3.22.1/bin/ninja''. Working directory: /Users/enayat/Documents/DeepEyeUnlocker Command: /usr/local/share/android-commandlinetools/cmake/3.22.1/bin/ninja -C /Users/enayat/Documents/DeepEyeUnlocker/app/.cxx/RelWithDebInfo/474d3161/armeabi-v7a clean
Successfully started process 'command '/usr/local/share/android-commandlinetools/cmake/3.22.1/bin/ninja''
C/C++: Received process result: 0
Clean deepeye_core-arm64-v8a, usb_static-arm64-v8a
C/C++: /usr/local/share/android-commandlinetools/cmake/3.22.1/bin/ninja \
  -C \
  /Users/enayat/Documents/DeepEyeUnlocker/app/.cxx/RelWithDebInfo/474d3161/arm64-v8a \
  clean

Starting process 'command '/usr/local/share/android-commandlinetools/cmake/3.22.1/bin/ninja''. Working directory: /Users/enayat/Documents/DeepEyeUnlocker Command: /usr/local/share/android-commandlinetools/cmake/3.22.1/bin/ninja -C /Users/enayat/Documents/DeepEyeUnlocker/app/.cxx/RelWithDebInfo/474d3161/arm64-v8a clean
Successfully started process 'command '/usr/local/share/android-commandlinetools/cmake/3.22.1/bin/ninja''
C/C++: Received process result: 0
C/C++: clean complete
Resolve mutations for :app:clean (Thread[included builds,5,main]) started.
:app:clean (Thread[included builds,5,main]) started.
destroyer locations for task group 0 (Thread[Execution worker,5,main]) started.

> Task :app:clean
Caching disabled for task ':app:clean' because:
  Build cache is disabled
Task ':app:clean' is not up-to-date because:
  Task has not declared any outputs despite executing actions.
Resolve mutations for :app:checkKotlinGradlePluginConfigurationErrors (Thread[Execution worker,5,main]) started.
:app:checkKotlinGradlePluginConfigurationErrors (Thread[Execution worker,5,main]) started.

> Task :app:checkKotlinGradlePluginConfigurationErrors SKIPPED
Skipping task ':app:checkKotlinGradlePluginConfigurationErrors' as task onlyIf 'errorDiagnostics are present' is false.
Resolve mutations for :app:preBuild (Thread[Execution worker,5,main]) started.
:app:preBuild (Thread[Execution worker,5,main]) started.

> Task :app:preBuild UP-TO-DATE
Skipping task ':app:preBuild' as it has no actions.
Resolve mutations for :app:preReleaseBuild (Thread[Execution worker,5,main]) started.
:app:preReleaseBuild (Thread[Execution worker,5,main]) started.

> Task :app:preReleaseBuild UP-TO-DATE
Skipping task ':app:preReleaseBuild' as it has no actions.
Resolve mutations for :app:generateReleaseBuildConfig (Thread[Execution worker,5,main]) started.
:app:generateReleaseBuildConfig (Thread[Execution worker,5,main]) started.

> Task :app:generateReleaseBuildConfig
Caching disabled for task ':app:generateReleaseBuildConfig' because:
  Build cache is disabled
Task ':app:generateReleaseBuildConfig' is not up-to-date because:
  Output property 'sourceOutputDir' file /Users/enayat/Documents/DeepEyeUnlocker/app/build/generated/source/buildConfig/release has been removed.
  Output property 'sourceOutputDir' file /Users/enayat/Documents/DeepEyeUnlocker/app/build/generated/source/buildConfig/release/com has been removed.
  Output property 'sourceOutputDir' file /Users/enayat/Documents/DeepEyeUnlocker/app/build/generated/source/buildConfig/release/com/deepeye has been removed.
  and more...
Resolve mutations for :app:checkReleaseAarMetadata (Thread[Execution worker,5,main]) started.
:app:checkReleaseAarMetadata (Thread[Execution worker,5,main]) started.

> Task :app:checkReleaseAarMetadata
Caching disabled for task ':app:checkReleaseAarMetadata' because:
  Build cache is disabled
  Caching has been disabled for the task
Task ':app:checkReleaseAarMetadata' is not up-to-date because:
  Output property 'dummyOutputDirectory' file /Users/enayat/Documents/DeepEyeUnlocker/app/build/intermediates/aar_metadata_check/release has been removed.

Resolve mutations for :app:generateReleaseResValues (Thread[included builds,5,main]) started.
:app:generateReleaseResValues (Thread[included builds,5,main]) started.

> Task :app:generateReleaseResValues
Caching disabled for task ':app:generateReleaseResValues' because:
  Build cache is disabled
Task ':app:generateReleaseResValues' is not up-to-date because:
  Output property 'outputDirectory' file /Users/enayat/Documents/DeepEyeUnlocker/app/build/generated/res/resValues/release has been removed.
Resolve mutations for :app:mapReleaseSourceSetPaths (Thread[Execution worker Thread 3,5,main]) started.
:app:mapReleaseSourceSetPaths (Thread[Execution worker Thread 3,5,main]) started.

> Task :app:mapReleaseSourceSetPaths
Caching disabled for task ':app:mapReleaseSourceSetPaths' because:
  Build cache is disabled
  Caching has been disabled for the task
Task ':app:mapReleaseSourceSetPaths' is not up-to-date because:
  Output property 'filepathMappingFile' file /Users/enayat/Documents/DeepEyeUnlocker/app/build/intermediates/source_set_path_map/release/file-map.txt has been removed.
Resolve mutations for :app:generateReleaseResources (Thread[Execution worker Thread 3,5,main]) started.
:app:generateReleaseResources (Thread[Execution worker Thread 3,5,main]) started.

> Task :app:generateReleaseResources
Skipping task ':app:generateReleaseResources' as it has no actions.
Resolve mutations for :app:mergeReleaseResources (Thread[Execution worker Thread 3,5,main]) started.
:app:mergeReleaseResources (Thread[Execution worker Thread 3,5,main]) started.

> Task :app:mergeReleaseResources
Caching disabled for task ':app:mergeReleaseResources' because:
  Build cache is disabled
Task ':app:mergeReleaseResources' is not up-to-date because:
  Output property 'blameLogOutputFolder' file /Users/enayat/Documents/DeepEyeUnlocker/app/build/intermediates/merged_res_blame_folder/release/out has been removed.
  Output property 'blameLogOutputFolder' file /Users/enayat/Documents/DeepEyeUnlocker/app/build/intermediates/merged_res_blame_folder/release/out/multi-v2 has been removed.
  Output property 'blameLogOutputFolder' file /Users/enayat/Documents/DeepEyeUnlocker/app/build/intermediates/merged_res_blame_folder/release/out/multi-v2/release.json has been removed.
  and more...
The input changes require a full rebuild for incremental task ':app:mergeReleaseResources'.
[MergeResources] Inputs are non-incremental full task action.
Compiling XML table /Users/enayat/Documents/DeepEyeUnlocker/app/build/intermediates/incremental/release/mergeReleaseResources/merged.dir/values/values.xml to /Users/enayat/Documents/DeepEyeUnlocker/app/build/intermediates/merged_res/release/values_values.arsc.flat
Compiling XML table /Users/enayat/Documents/DeepEyeUnlocker/app/build/intermediates/incremental/release/mergeReleaseResources/merged.dir/values-hi/values-hi.xml to /Users/enayat/Documents/DeepEyeUnlocker/app/build/intermediates/merged_res/release/values-hi_values-hi.arsc.flat
Compiling XML table /Users/enayat/Documents/DeepEyeUnlocker/app/build/intermediates/incremental/release/mergeReleaseResources/merged.dir/values-pt/values-pt.xml to /Users/enayat/Documents/DeepEyeUnlocker/app/build/intermediates/merged_res/release/values-pt_values-pt.arsc.flat

Resolve mutations for :app:packageReleaseResources (Thread[Execution worker,5,main]) started.
:app:packageReleaseResources (Thread[Execution worker,5,main]) started.

> Task :app:packageReleaseResources
Caching disabled for task ':app:packageReleaseResources' because:
  Build cache is disabled
Task ':app:packageReleaseResources' is not up-to-date because:
  Output property 'dataBindingLayoutInfoOutFolder' file /Users/enayat/Documents/DeepEyeUnlocker/app/build/intermediates/data_binding_layout_info_type_package/release/out has been removed.
  Output property 'incrementalFolder' file /Users/enayat/Documents/DeepEyeUnlocker/app/build/intermediates/incremental/release/packageReleaseResources has been removed.
  Output property 'incrementalFolder' file /Users/enayat/Documents/DeepEyeUnlocker/app/build/intermediates/incremental/release/packageReleaseResources/compile-file-map.properties has been removed.
  and more...
The input changes require a full rebuild for incremental task ':app:packageReleaseResources'.
[MergeResources] Inputs are non-incremental full task action.
Resolve mutations for :app:parseReleaseLocalResources (Thread[Execution worker,5,main]) started.
:app:parseReleaseLocalResources (Thread[Execution worker,5,main]) started.

> Task :app:mergeReleaseResources
Compiling XML table /Users/enayat/Documents/DeepEyeUnlocker/app/build/intermediates/incremental/release/mergeReleaseResources/merged.dir/values-hu/values-hu.xml to /Users/enayat/Documents/DeepEyeUnlocker/app/build/intermediates/merged_res/release/values-hu_values-hu.arsc.flat
Compiling XML table /Users/enayat/Documents/DeepEyeUnlocker/app/build/intermediates/incremental/release/mergeReleaseResources/merged.dir/values-hr/values-hr.xml to /Users/enayat/Documents/DeepEyeUnlocker/app/build/intermediates/merged_res/release/values-hr_values-hr.arsc.flat

Resolve mutations for :app:createReleaseCompatibleScreenManifests (Thread[included builds,5,main]) started.
:app:createReleaseCompatibleScreenManifests (Thread[included builds,5,main]) started.

> Task :app:createReleaseCompatibleScreenManifests
Caching disabled for task ':app:createReleaseCompatibleScreenManifests' because:
  Build cache is disabled
  Caching has been disabled for the task
Task ':app:createReleaseCompatibleScreenManifests' is not up-to-date because:
  Output property 'outputFolder' file /Users/enayat/Documents/DeepEyeUnlocker/app/build/intermediates/compatible_screen_manifest/release has been removed.
  Output property 'outputFolder' file /Users/enayat/Documents/DeepEyeUnlocker/app/build/intermediates/compatible_screen_manifest/release/output-metadata.json has been removed.
Resolve mutations for :app:extractDeepLinksRelease (Thread[included builds,5,main]) started.
:app:extractDeepLinksRelease (Thread[included builds,5,main]) started.

> Task :app:extractDeepLinksRelease
Caching disabled for task ':app:extractDeepLinksRelease' because:
  Build cache is disabled
Task ':app:extractDeepLinksRelease' is not up-to-date because:
  Output property 'navigationJson' file /Users/enayat/Documents/DeepEyeUnlocker/app/build/intermediates/navigation_json/release/navigation.json has been removed.
Resolve mutations for :app:processReleaseMainManifest (Thread[included builds,5,main]) started.
:app:processReleaseMainManifest (Thread[included builds,5,main]) started.

> Task :app:parseReleaseLocalResources
Caching disabled for task ':app:parseReleaseLocalResources' because:
  Build cache is disabled
Task ':app:parseReleaseLocalResources' is not up-to-date because:
  Output property 'librarySymbolsFile' file /Users/enayat/Documents/DeepEyeUnlocker/app/build/intermediates/local_only_symbol_list/release/R-def.txt has been removed.
The input changes require a full rebuild for incremental task ':app:parseReleaseLocalResources'.

Detected overflow for /Users/enayat/Documents/DeepEyeUnlocker

> Task :app:mergeReleaseResources
Compiling XML table /Users/enayat/Documents/DeepEyeUnlocker/app/build/intermediates/incremental/release/mergeReleaseResources/merged.dir/values-v18/values-v18.xml to /Users/enayat/Documents/DeepEyeUnlocker/app/build/intermediates/merged_res/release/values-v18_values-v18.arsc.flat
Compiling XML table /Users/enayat/Documents/DeepEyeUnlocker/app/build/intermediates/incremental/release/mergeReleaseResources/merged.dir/values-in/values-in.xml to /Users/enayat/Documents/DeepEyeUnlocker/app/build/intermediates/merged_res/release/values-in_values-in.arsc.flat
Compiling XML table /Users/enayat/Documents/DeepEyeUnlocker/app/build/intermediates/incremental/release/mergeReleaseResources/merged.dir/values-v16/values-v16.xml to /Users/enayat/Documents/DeepEyeUnlocker/app/build/intermediates/merged_res/release/values-v16_values-v16.arsc.flat
Compiling XML table /Users/enayat/Documents/DeepEyeUnlocker/app/build/intermediates/incremental/release/mergeReleaseResources/merged.dir/values-w360dp-port-v13/values-w360dp-port-v13.xml to /Users/enayat/Documents/DeepEyeUnlocker/app/build/intermediates/merged_res/release/values-w360dp-port-v13_values-w360dp-port-v13.arsc.flat
Compiling XML table /Users/enayat/Documents/DeepEyeUnlocker/app/build/intermediates/incremental/release/mergeReleaseResources/merged.dir/values-zh-rHK/values-zh-rHK.xml to /Users/enayat/Documents/DeepEyeUnlocker/app/build/intermediates/merged_res/release/values-zh-rHK_values-zh-rHK.arsc.flat
Compiling XML table /Users/enayat/Documents/DeepEyeUnlocker/app/build/intermediates/incremental/release/mergeReleaseResources/merged.dir/values-is/values-is.xml to /Users/enayat/Documents/DeepEyeUnlocker/app/build/intermediates/merged_res/release/values-is_values-is.arsc.flat
Compiling XML table /Users/enayat/Documents/DeepEyeUnlocker/app/build/intermediates/incremental/release/mergeReleaseResources/merged.dir/values-iw/values-iw.xml to /Users/enayat/Documents/DeepEyeUnlocker/app/build/intermediates/merged_res/release/values-iw_values-iw.arsc.flat
Compiling XML table /Users/enayat/Documents/DeepEyeUnlocker/app/build/intermediates/incremental/release/mergeReleaseResources/merged.dir/values-b+sr+Latn/values-b+sr+Latn.xml to /Users/enayat/Documents/DeepEyeUnlocker/app/build/intermediates/merged_res/release/values-b+sr+Latn_values-b+sr+Latn.arsc.flat
Compiling XML table /Users/enayat/Documents/DeepEyeUnlocker/app/build/intermediates/incremental/release/mergeReleaseResources/merged.dir/values-v21/values-v21.xml to /Users/enayat/Documents/DeepEyeUnlocker/app/build/intermediates/merged_res/release/values-v21_values-v21.arsc.flat
Compiling XML table /Users/enayat/Documents/DeepEyeUnlocker/app/build/intermediates/incremental/release/mergeReleaseResources/merged.dir/values-es-rUS/values-es-rUS.xml to /Users/enayat/Documents/DeepEyeUnlocker/app/build/intermediates/merged_res/release/values-es-rUS_values-es-rUS.arsc.flat
Compiling XML table /Users/enayat/Documents/DeepEyeUnlocker/app/build/intermediates/incremental/release/mergeReleaseResources/merged.dir/values-v25/values-v25.xml to /Users/enayat/Documents/DeepEyeUnlocker/app/build/intermediates/merged_res/release/values-v25_values-v25.arsc.flat
Compiling XML table /Users/enayat/Documents/DeepEyeUnlocker/app/build/intermediates/incremental/release/mergeReleaseResources/merged.dir/values-pt-rPT/values-pt-rPT.xml to /Users/enayat/Documents/DeepEyeUnlocker/app/build/intermediates/merged_res/release/values-pt-rPT_values-pt-rPT.arsc.flat
Compiling XML table /Users/enayat/Documents/DeepEyeUnlocker/app/build/intermediates/incremental/release/mergeReleaseResources/merged.dir/values-h480dp-land-v13/values-h480dp-land-v13.xml to /Users/enayat/Documents/DeepEyeUnlocker/app/build/intermediates/merged_res/release/values-h480dp-land-v13_values-h480dp-land-v13.arsc.flat
Compiling XML table /Users/enayat/Documents/DeepEyeUnlocker/app/build/intermediates/incremental/release/mergeReleaseResources/merged.dir/values-sw600dp-v13/values-sw600dp-v13.xml to /Users/enayat/Documents/DeepEyeUnlocker/app/build/intermediates/merged_res/release/values-sw600dp-v13_values-sw600dp-v13.arsc.flat
Compiling XML table /Users/enayat/Documents/DeepEyeUnlocker/app/build/intermediates/incremental/release/mergeReleaseResources/merged.dir/values-v22/values-v22.xml to /Users/enayat/Documents/DeepEyeUnlocker/app/build/intermediates/merged_res/release/values-v22_values-v22.arsc.flat
Compiling XML table /Users/enayat/Documents/DeepEyeUnlocker/app/build/intermediates/incremental/release/mergeReleaseResources/merged.dir/values-bn/values-bn.xml to /Users/enayat/Documents/DeepEyeUnlocker/app/build/intermediates/merged_res/release/values-bn_values-bn.arsc.flat
Compiling XML table /Users/enayat/Documents/DeepEyeUnlocker/app/build/intermediates/incremental/release/mergeReleaseResources/merged.dir/values-h360dp-land-v13/values-h360dp-land-v13.xml to /Users/enayat/Documents/DeepEyeUnlocker/app/build/intermediates/merged_res/release/values-h360dp-land-v13_values-h360dp-land-v13.arsc.flat
Compiling XML table /Users/enayat/Documents/DeepEyeUnlocker/app/build/intermediates/incremental/release/mergeReleaseResources/merged.dir/values-v26/values-v26.xml to /Users/enayat/Documents/DeepEyeUnlocker/app/build/intermediates/merged_res/release/values-v26_values-v26.arsc.flat
Compiling XML table /Users/enayat/Documents/DeepEyeUnlocker/app/build/intermediates/incremental/release/mergeReleaseResources/merged.dir/values-v28/values-v28.xml to /Users/enayat/Documents/DeepEyeUnlocker/app/build/intermediates/merged_res/release/values-v28_values-v28.arsc.flat
Compiling XML table /Users/enayat/Documents/DeepEyeUnlocker/app/build/intermediates/incremental/release/mergeReleaseResources/merged.dir/values-watch-v21/values-watch-v21.xml to /Users/enayat/Documents/DeepEyeUnlocker/app/build/intermediates/merged_res/release/values-watch-v21_values-watch-v21.arsc.flat
Compiling XML table /Users/enayat/Documents/DeepEyeUnlocker/app/build/intermediates/incremental/release/mergeReleaseResources/merged.dir/values-hy/values-hy.xml to /Users/enayat/Documents/DeepEyeUnlocker/app/build/intermediates/merged_res/release/values-hy_values-hy.arsc.flat
Compiling XML table /Users/enayat/Documents/DeepEyeUnlocker/app/build/intermediates/incremental/release/mergeReleaseResources/merged.dir/values-bg/values-bg.xml to /Users/enayat/Documents/DeepEyeUnlocker/app/build/intermediates/merged_res/release/values-bg_values-bg.arsc.flat
Compiling XML table /Users/enayat/Documents/DeepEyeUnlocker/app/build/intermediates/incremental/release/mergeReleaseResources/merged.dir/values-v31/values-v31.xml to /Users/enayat/Documents/DeepEyeUnlocker/app/build/intermediates/merged_res/release/values-v31_values-v31.arsc.flat
Compiling XML table /Users/enayat/Documents/DeepEyeUnlocker/app/build/intermediates/incremental/release/mergeReleaseResources/merged.dir/values-v30/values-v30.xml to /Users/enayat/Documents/DeepEyeUnlocker/app/build/intermediates/merged_res/release/values-v30_values-v30.arsc.flat
Compiling XML table /Users/enayat/Documents/DeepEyeUnlocker/app/build/intermediates/incremental/release/mergeReleaseResources/merged.dir/values-v34/values-v34.xml to /Users/enayat/Documents/DeepEyeUnlocker/app/build/intermediates/merged_res/release/values-v34_values-v34.arsc.flat
Compiling XML table /Users/enayat/Documents/DeepEyeUnlocker/app/build/intermediates/incremental/release/mergeReleaseResources/merged.dir/values-v17/values-v17.xml to /Users/enayat/Documents/DeepEyeUnlocker/app/build/intermediates/merged_res/release/values-v17_values-v17.arsc.flat
Compiling XML table /Users/enayat/Documents/DeepEyeUnlocker/app/build/intermediates/incremental/release/mergeReleaseResources/merged.dir/values-ca/values-ca.xml to /Users/enayat/Documents/DeepEyeUnlocker/app/build/intermediates/merged_res/release/values-ca_values-ca.arsc.flat
Compiling XML table /Users/enayat/Documents/DeepEyeUnlocker/app/build/intermediates/incremental/release/mergeReleaseResources/merged.dir/values-af/values-af.xml to /Users/enayat/Documents/DeepEyeUnlocker/app/build/intermediates/merged_res/release/values-af_values-af.arsc.flat
Compiling XML table /Users/enayat/Documents/DeepEyeUnlocker/app/build/intermediates/incremental/release/mergeReleaseResources/merged.dir/values-kn/values-kn.xml to /Users/enayat/Documents/DeepEyeUnlocker/app/build/intermediates/merged_res/release/values-kn_values-kn.arsc.flat
Compiling XML table /Users/enayat/Documents/DeepEyeUnlocker/app/build/intermediates/incremental/release/mergeReleaseResources/merged.dir/values-it/values-it.xml to /Users/enayat/Documents/DeepEyeUnlocker/app/build/intermediates/merged_res/release/values-it_values-it.arsc.flat
Compiling XML table /Users/enayat/Documents/DeepEyeUnlocker/app/build/intermediates/incremental/release/mergeReleaseResources/merged.dir/values-sk/values-sk.xml to /Users/enayat/Documents/DeepEyeUnlocker/app/build/intermediates/merged_res/release/values-sk_values-sk.arsc.flat
Compiling XML table /Users/enayat/Documents/DeepEyeUnlocker/app/build/intermediates/incremental/release/mergeReleaseResources/merged.dir/values-ta/values-ta.xml to /Users/enayat/Documents/DeepEyeUnlocker/app/build/intermediates/merged_res/release/values-ta_values-ta.arsc.flat
Compiling XML table /Users/enayat/Documents/DeepEyeUnlocker/app/build/intermediates/incremental/release/mergeReleaseResources/merged.dir/values-ar/values-ar.xml to /Users/enayat/Documents/DeepEyeUnlocker/app/build/intermediates/merged_res/release/values-ar_values-ar.arsc.flat
Compiling XML table /Users/enayat/Documents/DeepEyeUnlocker/app/build/intermediates/incremental/release/mergeReleaseResources/merged.dir/values-sr/values-sr.xml to /Users/enayat/Documents/DeepEyeUnlocker/app/build/intermediates/merged_res/release/values-sr_values-sr.arsc.flat
Compiling XML table /Users/enayat/Documents/DeepEyeUnlocker/app/build/intermediates/incremental/release/mergeReleaseResources/merged.dir/values-h720dp-v13/values-h720dp-v13.xml to /Users/enayat/Documents/DeepEyeUnlocker/app/build/intermediates/merged_res/release/values-h720dp-v13_values-h720dp-v13.arsc.flat
Compiling XML table /Users/enayat/Documents/DeepEyeUnlocker/app/build/intermediates/incremental/release/mergeReleaseResources/merged.dir/values-xlarge-v4/values-xlarge-v4.xml to /Users/enayat/Documents/DeepEyeUnlocker/app/build/intermediates/merged_res/release/values-xlarge-v4_values-xlarge-v4.arsc.flat
Compiling XML table /Users/enayat/Documents/DeepEyeUnlocker/app/build/intermediates/incremental/release/mergeReleaseResources/merged.dir/values-sv/values-sv.xml to /Users/enayat/Documents/DeepEyeUnlocker/app/build/intermediates/merged_res/release/values-sv_values-sv.arsc.flat
Compiling XML table /Users/enayat/Documents/DeepEyeUnlocker/app/build/intermediates/incremental/release/mergeReleaseResources/merged.dir/values-v23/values-v23.xml to /Users/enayat/Documents/DeepEyeUnlocker/app/build/intermediates/merged_res/release/values-v23_values-v23.arsc.flat
Compiling XML table /Users/enayat/Documents/DeepEyeUnlocker/app/build/intermediates/incremental/release/mergeReleaseResources/merged.dir/values-de/values-de.xml to /Users/enayat/Documents/DeepEyeUnlocker/app/build/intermediates/merged_res/release/values-de_values-de.arsc.flat
Compiling XML table /Users/enayat/Documents/DeepEyeUnlocker/app/build/intermediates/incremental/release/mergeReleaseResources/merged.dir/values-az/values-az.xml to /Users/enayat/Documents/DeepEyeUnlocker/app/build/intermediates/merged_res/release/values-az_values-az.arsc.flat
Compiling XML table /Users/enayat/Documents/DeepEyeUnlocker/app/build/intermediates/incremental/release/mergeReleaseResources/merged.dir/values-en-rIN/values-en-rIN.xml to /Users/enayat/Documents/DeepEyeUnlocker/app/build/intermediates/merged_res/release/values-en-rIN_values-en-rIN.arsc.flat
Compiling XML table /Users/enayat/Documents/DeepEyeUnlocker/app/build/intermediates/incremental/release/mergeReleaseResources/merged.dir/values-ur/values-ur.xml to /Users/enayat/Documents/DeepEyeUnlocker/app/build/intermediates/merged_res/release/values-ur_values-ur.arsc.flat
Compiling XML table /Users/enayat/Documents/DeepEyeUnlocker/app/build/intermediates/incremental/release/mergeReleaseResources/merged.dir/values-ky/values-ky.xml to /Users/enayat/Documents/DeepEyeUnlocker/app/build/intermediates/merged_res/release/values-ky_values-ky.arsc.flat
Compiling XML table /Users/enayat/Documents/DeepEyeUnlocker/app/build/intermediates/incremental/release/mergeReleaseResources/merged.dir/values-v27/values-v27.xml to /Users/enayat/Documents/DeepEyeUnlocker/app/build/intermediates/merged_res/release/values-v27_values-v27.arsc.flat
Compiling XML table /Users/enayat/Documents/DeepEyeUnlocker/app/build/intermediates/incremental/release/mergeReleaseResources/merged.dir/values-v29/values-v29.xml to /Users/enayat/Documents/DeepEyeUnlocker/app/build/intermediates/merged_res/release/values-v29_values-v29.arsc.flat
Compiling XML table /Users/enayat/Documents/DeepEyeUnlocker/app/build/intermediates/incremental/release/mergeReleaseResources/merged.dir/values-be/values-be.xml to /Users/enayat/Documents/DeepEyeUnlocker/app/build/intermediates/merged_res/release/values-be_values-be.arsc.flat
Compiling XML table /Users/enayat/Documents/DeepEyeUnlocker/app/build/intermediates/incremental/release/mergeReleaseResources/merged.dir/values-uz/values-uz.xml to /Users/enayat/Documents/DeepEyeUnlocker/app/build/intermediates/merged_res/release/values-uz_values-uz.arsc.flat
Compiling XML table /Users/enayat/Documents/DeepEyeUnlocker/app/build/intermediates/incremental/release/mergeReleaseResources/merged.dir/values-te/values-te.xml to /Users/enayat/Documents/DeepEyeUnlocker/app/build/intermediates/merged_res/release/values-te_values-te.arsc.flat
Compiling XML table /Users/enayat/Documents/DeepEyeUnlocker/app/build/intermediates/incremental/release/mergeReleaseResources/merged.dir/values-en-rCA/values-en-rCA.xml to /Users/enayat/Documents/DeepEyeUnlocker/app/build/intermediates/merged_res/release/values-en-rCA_values-en-rCA.arsc.flat
Compiling XML table /Users/enayat/Documents/DeepEyeUnlocker/app/build/intermediates/incremental/release/mergeReleaseResources/merged.dir/values-el/values-el.xml to /Users/enayat/Documents/DeepEyeUnlocker/app/build/intermediates/merged_res/release/values-el_values-el.arsc.flat
Compiling XML table /Users/enayat/Documents/DeepEyeUnlocker/app/build/intermediates/incremental/release/mergeReleaseResources/merged.dir/values-et/values-et.xml to /Users/enayat/Documents/DeepEyeUnlocker/app/build/intermediates/merged_res/release/values-et_values-et.arsc.flat
Compiling XML table /Users/enayat/Documents/DeepEyeUnlocker/app/build/intermediates/incremental/release/mergeReleaseResources/merged.dir/values-ka/values-ka.xml to /Users/enayat/Documents/DeepEyeUnlocker/app/build/intermediates/merged_res/release/values-ka_values-ka.arsc.flat
Compiling XML table /Users/enayat/Documents/DeepEyeUnlocker/app/build/intermediates/incremental/release/mergeReleaseResources/merged.dir/values-da/values-da.xml to /Users/enayat/Documents/DeepEyeUnlocker/app/build/intermediates/merged_res/release/values-da_values-da.arsc.flat
Compiling XML table /Users/enayat/Documents/DeepEyeUnlocker/app/build/intermediates/incremental/release/mergeReleaseResources/merged.dir/values-nb/values-nb.xml to /Users/enayat/Documents/DeepEyeUnlocker/app/build/intermediates/merged_res/release/values-nb_values-nb.arsc.flat
Compiling XML table /Users/enayat/Documents/DeepEyeUnlocker/app/build/intermediates/incremental/release/mergeReleaseResources/merged.dir/values-lo/values-lo.xml to /Users/enayat/Documents/DeepEyeUnlocker/app/build/intermediates/merged_res/release/values-lo_values-lo.arsc.flat
Compiling XML table /Users/enayat/Documents/DeepEyeUnlocker/app/build/intermediates/incremental/release/mergeReleaseResources/merged.dir/values-sl/values-sl.xml to /Users/enayat/Documents/DeepEyeUnlocker/app/build/intermediates/merged_res/release/values-sl_values-sl.arsc.flat
Compiling XML table /Users/enayat/Documents/DeepEyeUnlocker/app/build/intermediates/incremental/release/mergeReleaseResources/merged.dir/values-ne/values-ne.xml to /Users/enayat/Documents/DeepEyeUnlocker/app/build/intermediates/merged_res/release/values-ne_values-ne.arsc.flat
Compiling XML table /Users/enayat/Documents/DeepEyeUnlocker/app/build/intermediates/incremental/release/mergeReleaseResources/merged.dir/values-h550dp-port-v13/values-h550dp-port-v13.xml to /Users/enayat/Documents/DeepEyeUnlocker/app/build/intermediates/merged_res/release/values-h550dp-port-v13_values-h550dp-port-v13.arsc.flat
Compiling XML table /Users/enayat/Documents/DeepEyeUnlocker/app/build/intermediates/incremental/release/mergeReleaseResources/merged.dir/values-kk/values-kk.xml to /Users/enayat/Documents/DeepEyeUnlocker/app/build/intermediates/merged_res/release/values-kk_values-kk.arsc.flat
Compiling XML table /Users/enayat/Documents/DeepEyeUnlocker/app/build/intermediates/incremental/release/mergeReleaseResources/merged.dir/values-mk/values-mk.xml to /Users/enayat/Documents/DeepEyeUnlocker/app/build/intermediates/merged_res/release/values-mk_values-mk.arsc.flat
Compiling XML table /Users/enayat/Documents/DeepEyeUnlocker/app/build/intermediates/incremental/release/mergeReleaseResources/merged.dir/values-fi/values-fi.xml to /Users/enayat/Documents/DeepEyeUnlocker/app/build/intermediates/merged_res/release/values-fi_values-fi.arsc.flat
Compiling XML table /Users/enayat/Documents/DeepEyeUnlocker/app/build/intermediates/incremental/release/mergeReleaseResources/merged.dir/values-fr-rCA/values-fr-rCA.xml to /Users/enayat/Documents/DeepEyeUnlocker/app/build/intermediates/merged_res/release/values-fr-rCA_values-fr-rCA.arsc.flat
Compiling XML table /Users/enayat/Documents/DeepEyeUnlocker/app/build/intermediates/incremental/release/mergeReleaseResources/merged.dir/values-ko/values-ko.xml to /Users/enayat/Documents/DeepEyeUnlocker/app/build/intermediates/merged_res/release/values-ko_values-ko.arsc.flat
Compiling XML table /Users/enayat/Documents/DeepEyeUnlocker/app/build/intermediates/incremental/release/mergeReleaseResources/merged.dir/values-zh-rTW/values-zh-rTW.xml to /Users/enayat/Documents/DeepEyeUnlocker/app/build/intermediates/merged_res/release/values-zh-rTW_values-zh-rTW.arsc.flat
Compiling XML table /Users/enayat/Documents/DeepEyeUnlocker/app/build/intermediates/incremental/release/mergeReleaseResources/merged.dir/values-hdpi-v4/values-hdpi-v4.xml to /Users/enayat/Documents/DeepEyeUnlocker/app/build/intermediates/merged_res/release/values-hdpi-v4_values-hdpi-v4.arsc.flat
Compiling XML table /Users/enayat/Documents/DeepEyeUnlocker/app/build/intermediates/incremental/release/mergeReleaseResources/merged.dir/values-or/values-or.xml to /Users/enayat/Documents/DeepEyeUnlocker/app/build/intermediates/merged_res/release/values-or_values-or.arsc.flat
Compiling XML table /Users/enayat/Documents/DeepEyeUnlocker/app/build/intermediates/incremental/release/mergeReleaseResources/merged.dir/values-pt-rBR/values-pt-rBR.xml to /Users/enayat/Documents/DeepEyeUnlocker/app/build/intermediates/merged_res/release/values-pt-rBR_values-pt-rBR.arsc.flat
Compiling XML table /Users/enayat/Documents/DeepEyeUnlocker/app/build/intermediates/incremental/release/mergeReleaseResources/merged.dir/values-eu/values-eu.xml to /Users/enayat/Documents/DeepEyeUnlocker/app/build/intermediates/merged_res/release/values-eu_values-eu.arsc.flat
Compiling XML table /Users/enayat/Documents/DeepEyeUnlocker/app/build/intermediates/incremental/release/mergeReleaseResources/merged.dir/values-pa/values-pa.xml to /Users/enayat/Documents/DeepEyeUnlocker/app/build/intermediates/merged_res/release/values-pa_values-pa.arsc.flat
Compiling XML table /Users/enayat/Documents/DeepEyeUnlocker/app/build/intermediates/incremental/release/mergeReleaseResources/merged.dir/values-port/values-port.xml to /Users/enayat/Documents/DeepEyeUnlocker/app/build/intermediates/merged_res/release/values-port_values-port.arsc.flat
Compiling XML table /Users/enayat/Documents/DeepEyeUnlocker/app/build/intermediates/incremental/release/mergeReleaseResources/merged.dir/values-fa/values-fa.xml to /Users/enayat/Documents/DeepEyeUnlocker/app/build/intermediates/merged_res/release/values-fa_values-fa.arsc.flat
Compiling XML table /Users/enayat/Documents/DeepEyeUnlocker/app/build/intermediates/incremental/release/mergeReleaseResources/merged.dir/values-en-rXC/values-en-rXC.xml to /Users/enayat/Documents/DeepEyeUnlocker/app/build/intermediates/merged_res/release/values-en-rXC_values-en-rXC.arsc.flat
Compiling XML table /Users/enayat/Documents/DeepEyeUnlocker/app/build/intermediates/incremental/release/mergeReleaseResources/merged.dir/values-th/values-th.xml to /Users/enayat/Documents/DeepEyeUnlocker/app/build/intermediates/merged_res/release/values-th_values-th.arsc.flat
Compiling xml file /Users/enayat/.gradle/caches/8.12/transforms/77ac0f39ae7f2e03d321be88fee5ac34/transformed/material-1.11.0/res/layout/design_navigation_item.xml to /Users/enayat/Documents/DeepEyeUnlocker/app/build/intermediates/merged_res/release/layout_design_navigation_item.xml.flat
Compiling XML table /Users/enayat/Documents/DeepEyeUnlocker/app/build/intermediates/incremental/release/mergeReleaseResources/merged.dir/values-tr/values-tr.xml to /Users/enayat/Documents/DeepEyeUnlocker/app/build/intermediates/merged_res/release/values-tr_values-tr.arsc.flat
Compiling XML table /Users/enayat/Documents/DeepEyeUnlocker/app/build/intermediates/incremental/release/mergeReleaseResources/merged.dir/values-en-rGB/values-en-rGB.xml to /Users/enayat/Documents/DeepEyeUnlocker/app/build/intermediates/merged_res/release/values-en-rGB_values-en-rGB.arsc.flat
Compiling XML table /Users/enayat/Documents/DeepEyeUnlocker/app/build/intermediates/incremental/release/mergeReleaseResources/merged.dir/values-gl/values-gl.xml to /Users/enayat/Documents/DeepEyeUnlocker/app/build/intermediates/merged_res/release/values-gl_values-gl.arsc.flat
Compiling XML table /Users/enayat/Documents/DeepEyeUnlocker/app/build/intermediates/incremental/release/mergeReleaseResources/merged.dir/values-lt/values-lt.xml to /Users/enayat/Documents/DeepEyeUnlocker/app/build/intermediates/merged_res/release/values-lt_values-lt.arsc.flat
Compiling XML table /Users/enayat/Documents/DeepEyeUnlocker/app/build/intermediates/incremental/release/mergeReleaseResources/merged.dir/values-pl/values-pl.xml to /Users/enayat/Documents/DeepEyeUnlocker/app/build/intermediates/merged_res/release/values-pl_values-pl.arsc.flat
Compiling XML table /Users/enayat/Documents/DeepEyeUnlocker/app/build/intermediates/incremental/release/mergeReleaseResources/merged.dir/values-ldrtl-v17/values-ldrtl-v17.xml to /Users/enayat/Documents/DeepEyeUnlocker/app/build/intermediates/merged_res/release/values-ldrtl-v17_values-ldrtl-v17.arsc.flat
Compiling XML table /Users/enayat/Documents/DeepEyeUnlocker/app/build/intermediates/incremental/release/mergeReleaseResources/merged.dir/values-ml/values-ml.xml to /Users/enayat/Documents/DeepEyeUnlocker/app/build/intermediates/merged_res/release/values-ml_values-ml.arsc.flat
Compiling xml file /Users/enayat/.gradle/caches/8.12/transforms/77ac0f39ae7f2e03d321be88fee5ac34/transformed/material-1.11.0/res/color/m3_button_ripple_color_selector.xml to /Users/enayat/Documents/DeepEyeUnlocker/app/build/intermediates/merged_res/release/color_m3_button_ripple_color_selector.xml.flat
Compiling xml file /Users/enayat/.gradle/caches/8.12/transforms/77ac0f39ae7f2e03d321be88fee5ac34/transformed/material-1.11.0/res/color/m3_text_button_background_color_selector.xml to /Users/enayat/Documents/DeepEyeUnlocker/app/build/intermediates/merged_res/release/color_m3_text_button_background_color_selector.xml.flat
Compiling xml file /Users/enayat/.gradle/caches/8.12/transforms/a0ef34c79403f3354ffefc4722ee38e0/transformed/appcompat-1.6.1/res/drawable/abc_btn_check_material_anim.xml to /Users/enayat/Documents/DeepEyeUnlocker/app/build/intermediates/merged_res/release/drawable_abc_btn_check_material_anim.xml.flat
Compiling xml file /Users/enayat/.gradle/caches/8.12/transforms/77ac0f39ae7f2e03d321be88fee5ac34/transformed/material-1.11.0/res/color/material_timepicker_button_background.xml to /Users/enayat/Documents/DeepEyeUnlocker/app/build/intermediates/merged_res/release/color_material_timepicker_button_background.xml.flat
Compiling xml file /Users/enayat/.gradle/caches/8.12/transforms/77ac0f39ae7f2e03d321be88fee5ac34/transformed/material-1.11.0/res/drawable-v23/m3_tabs_transparent_background.xml to /Users/enayat/Documents/DeepEyeUnlocker/app/build/intermediates/merged_res/release/drawable-v23_m3_tabs_transparent_background.xml.flat
Compiling xml file /Users/enayat/.gradle/caches/8.12/transforms/77ac0f39ae7f2e03d321be88fee5ac34/transformed/material-1.11.0/res/animator/mtrl_extended_fab_state_list_animator.xml to /Users/enayat/Documents/DeepEyeUnlocker/app/build/intermediates/merged_res/release/animator_mtrl_extended_fab_state_list_animator.xml.flat
Compiling xml file /Users/enayat/.gradle/caches/8.12/transforms/a0ef34c79403f3354ffefc4722ee38e0/transformed/appcompat-1.6.1/res/layout/abc_dialog_title_material.xml to /Users/enayat/Documents/DeepEyeUnlocker/app/build/intermediates/merged_res/release/layout_abc_dialog_title_material.xml.flat
Compiling xml file /Users/enayat/.gradle/caches/8.12/transforms/77ac0f39ae7f2e03d321be88fee5ac34/transformed/material-1.11.0/res/color/m3_calendar_item_stroke_color.xml to /Users/enayat/Documents/DeepEyeUnlocker/app/build/intermediates/merged_res/release/color_m3_calendar_item_stroke_color.xml.flat
Compiling xml file /Users/enayat/.gradle/caches/8.12/transforms/a0ef34c79403f3354ffefc4722ee38e0/transformed/appcompat-1.6.1/res/drawable/abc_ic_menu_cut_mtrl_alpha.xml to /Users/enayat/Documents/DeepEyeUnlocker/app/build/intermediates/merged_res/release/drawable_abc_ic_menu_cut_mtrl_alpha.xml.flat
Compiling xml file /Users/enayat/.gradle/caches/8.12/transforms/77ac0f39ae7f2e03d321be88fee5ac34/transformed/material-1.11.0/res/drawable/mtrl_popupmenu_background.xml to /Users/enayat/Documents/DeepEyeUnlocker/app/build/intermediates/merged_res/release/drawable_mtrl_popupmenu_background.xml.flat
Compiling xml file /Users/enayat/.gradle/caches/8.12/transforms/a0ef34c79403f3354ffefc4722ee38e0/transformed/appcompat-1.6.1/res/drawable-v21/abc_list_divider_material.xml to /Users/enayat/Documents/DeepEyeUnlocker/app/build/intermediates/merged_res/release/drawable-v21_abc_list_divider_material.xml.flat
Compiling xml file /Users/enayat/.gradle/caches/8.12/transforms/a0ef34c79403f3354ffefc4722ee38e0/transformed/appcompat-1.6.1/res/layout/abc_action_menu_item_layout.xml to /Users/enayat/Documents/DeepEyeUnlocker/app/build/intermediates/merged_res/release/layout_abc_action_menu_item_layout.xml.flat
Compiling xml file /Users/enayat/.gradle/caches/8.12/transforms/a0ef34c79403f3354ffefc4722ee38e0/transformed/appcompat-1.6.1/res/drawable/abc_spinner_textfield_background_material.xml to /Users/enayat/Documents/DeepEyeUnlocker/app/build/intermediates/merged_res/release/drawable_abc_spinner_textfield_background_material.xml.flat
Compiling xml file /Users/enayat/.gradle/caches/8.12/transforms/77ac0f39ae7f2e03d321be88fee5ac34/transformed/material-1.11.0/res/anim-v21/m3_side_sheet_exit_to_right.xml to /Users/enayat/Documents/DeepEyeUnlocker/app/build/intermediates/merged_res/release/anim-v21_m3_side_sheet_exit_to_right.xml.flat
Compiling xml file /Users/enayat/.gradle/caches/8.12/transforms/77ac0f39ae7f2e03d321be88fee5ac34/transformed/material-1.11.0/res/layout-sw600dp-v13/mtrl_layout_snackbar.xml to /Users/enayat/Documents/DeepEyeUnlocker/app/build/intermediates/merged_res/release/layout-sw600dp-v13_mtrl_layout_snackbar.xml.flat
Compiling xml file /Users/enayat/.gradle/caches/8.12/transforms/77ac0f39ae7f2e03d321be88fee5ac34/transformed/material-1.11.0/res/drawable-v23/m3_radiobutton_ripple.xml to /Users/enayat/Documents/DeepEyeUnlocker/app/build/intermediates/merged_res/release/drawable-v23_m3_radiobutton_ripple.xml.flat
Compiling xml file /Users/enayat/.gradle/caches/8.12/transforms/77ac0f39ae7f2e03d321be88fee5ac34/transformed/material-1.11.0/res/color/m3_timepicker_display_background_color.xml to /Users/enayat/Documents/DeepEyeUnlocker/app/build/intermediates/merged_res/release/color_m3_timepicker_display_background_color.xml.flat
Compiling xml file /Users/enayat/.gradle/caches/8.12/transforms/77ac0f39ae7f2e03d321be88fee5ac34/transformed/material-1.11.0/res/drawable/m3_bottom_sheet_drag_handle.xml to /Users/enayat/Documents/DeepEyeUnlocker/app/build/intermediates/merged_res/release/drawable_m3_bottom_sheet_drag_handle.xml.flat
Compiling xml file /Users/enayat/.gradle/caches/8.12/transforms/77ac0f39ae7f2e03d321be88fee5ac34/transformed/material-1.11.0/res/color/m3_fab_efab_background_color_selector.xml to /Users/enayat/Documents/DeepEyeUnlocker/app/build/intermediates/merged_res/release/color_m3_fab_efab_background_color_selector.xml.flat
Compiling xml file /Users/enayat/.gradle/caches/8.12/transforms/a0ef34c79403f3354ffefc4722ee38e0/transformed/appcompat-1.6.1/res/drawable/abc_btn_radio_material_anim.xml to /Users/enayat/Documents/DeepEyeUnlocker/app/build/intermediates/merged_res/release/drawable_abc_btn_radio_material_anim.xml.flat
Compiling xml file /Users/enayat/.gradle/caches/8.12/transforms/77ac0f39ae7f2e03d321be88fee5ac34/transformed/material-1.11.0/res/color/m3_timepicker_button_ripple_color.xml to /Users/enayat/Documents/DeepEyeUnlocker/app/build/intermediates/merged_res/release/color_m3_timepicker_button_ripple_color.xml.flat
Compiling xml file /Users/enayat/.gradle/caches/8.12/transforms/77ac0f39ae7f2e03d321be88fee5ac34/transformed/material-1.11.0/res/drawable/mtrl_checkbox_button_checked_unchecked.xml to /Users/enayat/Documents/DeepEyeUnlocker/app/build/intermediates/merged_res/release/drawable_mtrl_checkbox_button_checked_unchecked.xml.flat
Compiling xml file /Users/enayat/.gradle/caches/8.12/transforms/77ac0f39ae7f2e03d321be88fee5ac34/transformed/material-1.11.0/res/color/material_divider_color.xml to /Users/enayat/Documents/DeepEyeUnlocker/app/build/intermediates/merged_res/release/color_material_divider_color.xml.flat
Compiling xml file /Users/enayat/.gradle/caches/8.12/transforms/77ac0f39ae7f2e03d321be88fee5ac34/transformed/material-1.11.0/res/interpolator-v21/m3_sys_motion_easing_linear.xml to /Users/enayat/Documents/DeepEyeUnlocker/app/build/intermediates/merged_res/release/interpolator-v21_m3_sys_motion_easing_linear.xml.flat
Compiling xml file /Users/enayat/.gradle/caches/8.12/transforms/77ac0f39ae7f2e03d321be88fee5ac34/transformed/material-1.11.0/res/color/m3_efab_ripple_color_selector.xml to /Users/enayat/Documents/DeepEyeUnlocker/app/build/intermediates/merged_res/release/color_m3_efab_ripple_color_selector.xml.flat
Compiling xml file /Users/enayat/.gradle/caches/8.12/transforms/77ac0f39ae7f2e03d321be88fee5ac34/transformed/material-1.11.0/res/color/mtrl_popupmenu_overlay_color.xml to /Users/enayat/Documents/DeepEyeUnlocker/app/build/intermediates/merged_res/release/color_mtrl_popupmenu_overlay_color.xml.flat
Compiling xml file /Users/enayat/.gradle/caches/8.12/transforms/77ac0f39ae7f2e03d321be88fee5ac34/transformed/material-1.11.0/res/color/m3_navigation_rail_ripple_color_selector.xml to /Users/enayat/Documents/DeepEyeUnlocker/app/build/intermediates/merged_res/release/color_m3_navigation_rail_ripple_color_selector.xml.flat
Compiling xml file /Users/enayat/.gradle/caches/8.12/transforms/77ac0f39ae7f2e03d321be88fee5ac34/transformed/material-1.11.0/res/color/m3_card_foreground_color.xml to /Users/enayat/Documents/DeepEyeUnlocker/app/build/intermediates/merged_res/release/color_m3_card_foreground_color.xml.flat
Compiling xml file /Users/enayat/.gradle/caches/8.12/transforms/a0ef34c79403f3354ffefc4722ee38e0/transformed/appcompat-1.6.1/res/anim/abc_slide_in_bottom.xml to /Users/enayat/Documents/DeepEyeUnlocker/app/build/intermediates/merged_res/release/anim_abc_slide_in_bottom.xml.flat
Compiling xml file /Users/enayat/.gradle/caches/8.12/transforms/a0ef34c79403f3354ffefc4722ee38e0/transformed/appcompat-1.6.1/res/interpolator/btn_checkbox_unchecked_mtrl_animation_interpolator_1.xml to /Users/enayat/Documents/DeepEyeUnlocker/app/build/intermediates/merged_res/release/interpolator_btn_checkbox_unchecked_mtrl_animation_interpolator_1.xml.flat
Compiling XML table /Users/enayat/Documents/DeepEyeUnlocker/app/build/intermediates/incremental/release/mergeReleaseResources/merged.dir/values-mr/values-mr.xml to /Users/enayat/Documents/DeepEyeUnlocker/app/build/intermediates/merged_res/release/values-mr_values-mr.arsc.flat
Compiling xml file /Users/enayat/.gradle/caches/8.12/transforms/77ac0f39ae7f2e03d321be88fee5ac34/transformed/material-1.11.0/res/anim-v21/m3_bottom_sheet_slide_out.xml to /Users/enayat/Documents/DeepEyeUnlocker/app/build/intermediates/merged_res/release/anim-v21_m3_bottom_sheet_slide_out.xml.flat
Compiling xml file /Users/enayat/.gradle/caches/8.12/transforms/a0ef34c79403f3354ffefc4722ee38e0/transformed/appcompat-1.6.1/res/color/switch_thumb_material_dark.xml to /Users/enayat/Documents/DeepEyeUnlocker/app/build/intermediates/merged_res/release/color_switch_thumb_material_dark.xml.flat
Compiling xml file /Users/enayat/.gradle/caches/8.12/transforms/77ac0f39ae7f2e03d321be88fee5ac34/transformed/material-1.11.0/res/color/m3_highlighted_text.xml to /Users/enayat/Documents/DeepEyeUnlocker/app/build/intermediates/merged_res/release/color_m3_highlighted_text.xml.flat
Compiling xml file /Users/enayat/.gradle/caches/8.12/transforms/a0ef34c79403f3354ffefc4722ee38e0/transformed/appcompat-1.6.1/res/drawable/abc_ic_arrow_drop_right_black_24dp.xml to /Users/enayat/Documents/DeepEyeUnlocker/app/build/intermediates/merged_res/release/drawable_abc_ic_arrow_drop_right_black_24dp.xml.flat
Compiling xml file /Users/enayat/.gradle/caches/8.12/transforms/77ac0f39ae7f2e03d321be88fee5ac34/transformed/material-1.11.0/res/drawable/ic_mtrl_chip_close_circle.xml to /Users/enayat/Documents/DeepEyeUnlocker/app/build/intermediates/merged_res/release/drawable_ic_mtrl_chip_close_circle.xml.flat
Compiling xml file /Users/enayat/.gradle/caches/8.12/transforms/77ac0f39ae7f2e03d321be88fee5ac34/transformed/material-1.11.0/res/layout/mtrl_calendar_horizontal.xml to /Users/enayat/Documents/DeepEyeUnlocker/app/build/intermediates/merged_res/release/layout_mtrl_calendar_horizontal.xml.flat
Compiling xml file /Users/enayat/.gradle/caches/8.12/transforms/43dd3487e4a65f10fd895170d8cfc6fa/transformed/jetified-core-splashscreen-1.0.1/res/drawable/icon_background.xml to /Users/enayat/Documents/DeepEyeUnlocker/app/build/intermediates/merged_res/release/drawable_icon_background.xml.flat
Compiling xml file /Users/enayat/Documents/DeepEyeUnlocker/app/src/main/res/xml/network_security_config.xml to /Users/enayat/Documents/DeepEyeUnlocker/app/build/intermediates/merged_res/release/xml_network_security_config.xml.flat
Compiling xml file /Users/enayat/.gradle/caches/8.12/transforms/a0ef34c79403f3354ffefc4722ee38e0/transformed/appcompat-1.6.1/res/drawable/tooltip_frame_dark.xml to /Users/enayat/Documents/DeepEyeUnlocker/app/build/intermediates/merged_res/release/drawable_tooltip_frame_dark.xml.flat
Compiling xml file /Users/enayat/.gradle/caches/8.12/transforms/a0ef34c79403f3354ffefc4722ee38e0/transformed/appcompat-1.6.1/res/drawable/btn_checkbox_unchecked_to_checked_mtrl_animation.xml to /Users/enayat/Documents/DeepEyeUnlocker/app/build/intermediates/merged_res/release/drawable_btn_checkbox_unchecked_to_checked_mtrl_animation.xml.flat
Compiling xml file /Users/enayat/.gradle/caches/8.12/transforms/77ac0f39ae7f2e03d321be88fee5ac34/transformed/material-1.11.0/res/layout/mtrl_alert_dialog.xml to /Users/enayat/Documents/DeepEyeUnlocker/app/build/intermediates/merged_res/release/layout_mtrl_alert_dialog.xml.flat
Compiling xml file /Users/enayat/Documents/DeepEyeUnlocker/app/src/main/res/drawable/action_card_danger.xml to /Users/enayat/Documents/DeepEyeUnlocker/app/build/intermediates/merged_res/release/drawable_action_card_danger.xml.flat
Compiling xml file /Users/enayat/.gradle/caches/8.12/transforms/a0ef34c79403f3354ffefc4722ee38e0/transformed/appcompat-1.6.1/res/interpolator/btn_checkbox_unchecked_mtrl_animation_interpolator_0.xml to /Users/enayat/Documents/DeepEyeUnlocker/app/build/intermediates/merged_res/release/interpolator_btn_checkbox_unchecked_mtrl_animation_interpolator_0.xml.flat
Compiling xml file /Users/enayat/.gradle/caches/8.12/transforms/a0ef34c79403f3354ffefc4722ee38e0/transformed/appcompat-1.6.1/res/drawable/abc_ic_clear_material.xml to /Users/enayat/Documents/DeepEyeUnlocker/app/build/intermediates/merged_res/release/drawable_abc_ic_clear_material.xml.flat
Compiling xml file /Users/enayat/.gradle/caches/8.12/transforms/a0ef34c79403f3354ffefc4722ee38e0/transformed/appcompat-1.6.1/res/anim/abc_slide_out_top.xml to /Users/enayat/Documents/DeepEyeUnlocker/app/build/intermediates/merged_res/release/anim_abc_slide_out_top.xml.flat
Compiling xml file /Users/enayat/.gradle/caches/8.12/transforms/a0ef34c79403f3354ffefc4722ee38e0/transformed/appcompat-1.6.1/res/layout/abc_list_menu_item_layout.xml to /Users/enayat/Documents/DeepEyeUnlocker/app/build/intermediates/merged_res/release/layout_abc_list_menu_item_layout.xml.flat
Compiling xml file /Users/enayat/.gradle/caches/8.12/transforms/77ac0f39ae7f2e03d321be88fee5ac34/transformed/material-1.11.0/res/color-v31/m3_ref_palette_dynamic_neutral_variant98.xml to /Users/enayat/Documents/DeepEyeUnlocker/app/build/intermediates/merged_res/release/color-v31_m3_ref_palette_dynamic_neutral_variant98.xml.flat
Compiling xml file /Users/enayat/.gradle/caches/8.12/transforms/77ac0f39ae7f2e03d321be88fee5ac34/transformed/material-1.11.0/res/color-v31/m3_ref_palette_dynamic_neutral_variant22.xml to /Users/enayat/Documents/DeepEyeUnlocker/app/build/intermediates/merged_res/release/color-v31_m3_ref_palette_dynamic_neutral_variant22.xml.flat
Compiling xml file /Users/enayat/.gradle/caches/8.12/transforms/77ac0f39ae7f2e03d321be88fee5ac34/transformed/material-1.11.0/res/color/m3_tabs_text_color_secondary.xml to /Users/enayat/Documents/DeepEyeUnlocker/app/build/intermediates/merged_res/release/color_m3_tabs_text_color_secondary.xml.flat
Compiling XML table /Users/enayat/Documents/DeepEyeUnlocker/app/build/intermediates/incremental/release/mergeReleaseResources/merged.dir/values-my/values-my.xml to /Users/enayat/Documents/DeepEyeUnlocker/app/build/intermediates/merged_res/release/values-my_values-my.arsc.flat
Compiling xml file /Users/enayat/.gradle/caches/8.12/transforms/77ac0f39ae7f2e03d321be88fee5ac34/transformed/material-1.11.0/res/drawable/mtrl_ic_arrow_drop_up.xml to /Users/enayat/Documents/DeepEyeUnlocker/app/build/intermediates/merged_res/release/drawable_mtrl_ic_arrow_drop_up.xml.flat
Compiling xml file /Users/enayat/.gradle/caches/8.12/transforms/77ac0f39ae7f2e03d321be88fee5ac34/transformed/material-1.11.0/res/interpolator-v21/m3_sys_motion_easing_standard_decelerate.xml to /Users/enayat/Documents/DeepEyeUnlocker/app/build/intermediates/merged_res/release/interpolator-v21_m3_sys_motion_easing_standard_decelerate.xml.flat
Compiling xml file /Users/enayat/.gradle/caches/8.12/transforms/77ac0f39ae7f2e03d321be88fee5ac34/transformed/material-1.11.0/res/layout-sw600dp-v13/design_layout_snackbar.xml to /Users/enayat/Documents/DeepEyeUnlocker/app/build/intermediates/merged_res/release/layout-sw600dp-v13_design_layout_snackbar.xml.flat
Compiling xml file /Users/enayat/.gradle/caches/8.12/transforms/aa5e289a5834796e7d7bdf7a293eeceb/transformed/core-1.13.1/res/drawable-anydpi-v21/ic_call_answer.xml to /Users/enayat/Documents/DeepEyeUnlocker/app/build/intermediates/merged_res/release/drawable-anydpi-v21_ic_call_answer.xml.flat
Compiling xml file /Users/enayat/.gradle/caches/8.12/transforms/77ac0f39ae7f2e03d321be88fee5ac34/transformed/material-1.11.0/res/drawable/m3_popupmenu_background_overlay.xml to /Users/enayat/Documents/DeepEyeUnlocker/app/build/intermediates/merged_res/release/drawable_m3_popupmenu_background_overlay.xml.flat
Compiling xml file /Users/enayat/.gradle/caches/8.12/transforms/77ac0f39ae7f2e03d321be88fee5ac34/transformed/material-1.11.0/res/color/m3_navigation_rail_item_with_indicator_label_tint.xml to /Users/enayat/Documents/DeepEyeUnlocker/app/build/intermediates/merged_res/release/color_m3_navigation_rail_item_with_indicator_label_tint.xml.flat
Compiling xml file /Users/enayat/.gradle/caches/8.12/transforms/77ac0f39ae7f2e03d321be88fee5ac34/transformed/material-1.11.0/res/layout/m3_side_sheet_dialog.xml to /Users/enayat/Documents/DeepEyeUnlocker/app/build/intermediates/merged_res/release/layout_m3_side_sheet_dialog.xml.flat
Compiling xml file /Users/enayat/.gradle/caches/8.12/transforms/77ac0f39ae7f2e03d321be88fee5ac34/transformed/material-1.11.0/res/color-v31/m3_ref_palette_dynamic_neutral_variant96.xml to /Users/enayat/Documents/DeepEyeUnlocker/app/build/intermediates/merged_res/release/color-v31_m3_ref_palette_dynamic_neutral_variant96.xml.flat
Compiling xml file /Users/enayat/.gradle/caches/8.12/transforms/77ac0f39ae7f2e03d321be88fee5ac34/transformed/material-1.11.0/res/color-v31/m3_ref_palette_dynamic_neutral_variant87.xml to /Users/enayat/Documents/DeepEyeUnlocker/app/build/intermediates/merged_res/release/color-v31_m3_ref_palette_dynamic_neutral_variant87.xml.flat
Compiling xml file /Users/enayat/.gradle/caches/8.12/transforms/a0ef34c79403f3354ffefc4722ee38e0/transformed/appcompat-1.6.1/res/drawable/btn_checkbox_checked_to_unchecked_mtrl_animation.xml to /Users/enayat/Documents/DeepEyeUnlocker/app/build/intermediates/merged_res/release/drawable_btn_checkbox_checked_to_unchecked_mtrl_animation.xml.flat
Compiling xml file /Users/enayat/.gradle/caches/8.12/transforms/77ac0f39ae7f2e03d321be88fee5ac34/transformed/material-1.11.0/res/drawable/mtrl_switch_track_decoration.xml to /Users/enayat/Documents/DeepEyeUnlocker/app/build/intermediates/merged_res/release/drawable_mtrl_switch_track_decoration.xml.flat
Compiling xml file /Users/enayat/.gradle/caches/8.12/transforms/77ac0f39ae7f2e03d321be88fee5ac34/transformed/material-1.11.0/res/drawable/mtrl_ic_check_mark.xml to /Users/enayat/Documents/DeepEyeUnlocker/app/build/intermediates/merged_res/release/drawable_mtrl_ic_check_mark.xml.flat
Compiling xml file /Users/enayat/.gradle/caches/8.12/transforms/77ac0f39ae7f2e03d321be88fee5ac34/transformed/material-1.11.0/res/layout/mtrl_search_bar.xml to /Users/enayat/Documents/DeepEyeUnlocker/app/build/intermediates/merged_res/release/layout_mtrl_search_bar.xml.flat
Compiling xml file /Users/enayat/.gradle/caches/8.12/transforms/a0ef34c79403f3354ffefc4722ee38e0/transformed/appcompat-1.6.1/res/layout/abc_alert_dialog_title_material.xml to /Users/enayat/Documents/DeepEyeUnlocker/app/build/intermediates/merged_res/release/layout_abc_alert_dialog_title_material.xml.flat
Compiling xml file /Users/enayat/.gradle/caches/8.12/transforms/81c730f0b78d0edef66fb58a857078f5/transformed/jetified-ui-release/res/color/vector_tint_theme_color.xml to /Users/enayat/Documents/DeepEyeUnlocker/app/build/intermediates/merged_res/release/color_vector_tint_theme_color.xml.flat
Compiling xml file /Users/enayat/.gradle/caches/8.12/transforms/77ac0f39ae7f2e03d321be88fee5ac34/transformed/material-1.11.0/res/layout/mtrl_calendar_days_of_week.xml to /Users/enayat/Documents/DeepEyeUnlocker/app/build/intermediates/merged_res/release/layout_mtrl_calendar_days_of_week.xml.flat
Compiling xml file /Users/enayat/.gradle/caches/8.12/transforms/77ac0f39ae7f2e03d321be88fee5ac34/transformed/material-1.11.0/res/color/m3_textfield_indicator_text_color.xml to /Users/enayat/Documents/DeepEyeUnlocker/app/build/intermediates/merged_res/release/color_m3_textfield_indicator_text_color.xml.flat
Compiling xml file /Users/enayat/.gradle/caches/8.12/transforms/77ac0f39ae7f2e03d321be88fee5ac34/transformed/material-1.11.0/res/drawable/ic_mtrl_chip_checked_black.xml to /Users/enayat/Documents/DeepEyeUnlocker/app/build/intermediates/merged_res/release/drawable_ic_mtrl_chip_checked_black.xml.flat
Compiling xml file /Users/enayat/.gradle/caches/8.12/transforms/3a493875aae768749cb55e1dee7b847e/transformed/fragment-1.3.6/res/animator/fragment_fade_enter.xml to /Users/enayat/Documents/DeepEyeUnlocker/app/build/intermediates/merged_res/release/animator_fragment_fade_enter.xml.flat
Compiling xml file /Users/enayat/.gradle/caches/8.12/transforms/77ac0f39ae7f2e03d321be88fee5ac34/transformed/material-1.11.0/res/layout/mtrl_alert_select_dialog_item.xml to /Users/enayat/Documents/DeepEyeUnlocker/app/build/intermediates/merged_res/release/layout_mtrl_alert_select_dialog_item.xml.flat
Compiling xml file /Users/enayat/.gradle/caches/8.12/transforms/77ac0f39ae7f2e03d321be88fee5ac34/transformed/material-1.11.0/res/color/m3_button_background_color_selector.xml to /Users/enayat/Documents/DeepEyeUnlocker/app/build/intermediates/merged_res/release/color_m3_button_background_color_selector.xml.flat
Compiling xml file /Users/enayat/.gradle/caches/8.12/transforms/77ac0f39ae7f2e03d321be88fee5ac34/transformed/material-1.11.0/res/color/m3_text_button_foreground_color_selector.xml to /Users/enayat/Documents/DeepEyeUnlocker/app/build/intermediates/merged_res/release/color_m3_text_button_foreground_color_selector.xml.flat
Compiling xml file /Users/enayat/.gradle/caches/8.12/transforms/77ac0f39ae7f2e03d321be88fee5ac34/transformed/material-1.11.0/res/layout/m3_alert_dialog.xml to /Users/enayat/Documents/DeepEyeUnlocker/app/build/intermediates/merged_res/release/layout_m3_alert_dialog.xml.flat
Compiling xml file /Users/enayat/Documents/DeepEyeUnlocker/app/src/main/res/anim/fade_in.xml to /Users/enayat/Documents/DeepEyeUnlocker/app/build/intermediates/merged_res/release/anim_fade_in.xml.flat
Compiling xml file /Users/enayat/.gradle/caches/8.12/transforms/a0ef34c79403f3354ffefc4722ee38e0/transformed/appcompat-1.6.1/res/drawable/btn_radio_on_to_off_mtrl_animation.xml to /Users/enayat/Documents/DeepEyeUnlocker/app/build/intermediates/merged_res/release/drawable_btn_radio_on_to_off_mtrl_animation.xml.flat
Compiling xml file /Users/enayat/.gradle/caches/8.12/transforms/77ac0f39ae7f2e03d321be88fee5ac34/transformed/material-1.11.0/res/color/m3_fab_efab_foreground_color_selector.xml to /Users/enayat/Documents/DeepEyeUnlocker/app/build/intermediates/merged_res/release/color_m3_fab_efab_foreground_color_selector.xml.flat
Compiling xml file /Users/enayat/.gradle/caches/8.12/transforms/a0ef34c79403f3354ffefc4722ee38e0/transformed/appcompat-1.6.1/res/layout/abc_search_dropdown_item_icons_2line.xml to /Users/enayat/Documents/DeepEyeUnlocker/app/build/intermediates/merged_res/release/layout_abc_search_dropdown_item_icons_2line.xml.flat
Compiling XML table /Users/enayat/Documents/DeepEyeUnlocker/app/build/intermediates/incremental/release/mergeReleaseResources/merged.dir/values-vi/values-vi.xml to /Users/enayat/Documents/DeepEyeUnlocker/app/build/intermediates/merged_res/release/values-vi_values-vi.arsc.flat
Compiling xml file /Users/enayat/.gradle/caches/8.12/transforms/77ac0f39ae7f2e03d321be88fee5ac34/transformed/material-1.11.0/res/color/mtrl_filled_background_color.xml to /Users/enayat/Documents/DeepEyeUnlocker/app/build/intermediates/merged_res/release/color_mtrl_filled_background_color.xml.flat
Compiling xml file /Users/enayat/.gradle/caches/8.12/transforms/a0ef34c79403f3354ffefc4722ee38e0/transformed/appcompat-1.6.1/res/layout/select_dialog_multichoice_material.xml to /Users/enayat/Documents/DeepEyeUnlocker/app/build/intermediates/merged_res/release/layout_select_dialog_multichoice_material.xml.flat
Compiling xml file /Users/enayat/.gradle/caches/8.12/transforms/77ac0f39ae7f2e03d321be88fee5ac34/transformed/material-1.11.0/res/layout/material_clock_display.xml to /Users/enayat/Documents/DeepEyeUnlocker/app/build/intermediates/merged_res/release/layout_material_clock_display.xml.flat
Compiling xml file /Users/enayat/.gradle/caches/8.12/transforms/77ac0f39ae7f2e03d321be88fee5ac34/transformed/material-1.11.0/res/drawable/material_ic_menu_arrow_up_black_24dp.xml to /Users/enayat/Documents/DeepEyeUnlocker/app/build/intermediates/merged_res/release/drawable_material_ic_menu_arrow_up_black_24dp.xml.flat
Compiling xml file /Users/enayat/.gradle/caches/8.12/transforms/77ac0f39ae7f2e03d321be88fee5ac34/transformed/material-1.11.0/res/color-v31/m3_dynamic_dark_highlighted_text.xml to /Users/enayat/Documents/DeepEyeUnlocker/app/build/intermediates/merged_res/release/color-v31_m3_dynamic_dark_highlighted_text.xml.flat
Compiling xml file /Users/enayat/.gradle/caches/8.12/transforms/77ac0f39ae7f2e03d321be88fee5ac34/transformed/material-1.11.0/res/layout/mtrl_picker_dialog.xml to /Users/enayat/Documents/DeepEyeUnlocker/app/build/intermediates/merged_res/release/layout_mtrl_picker_dialog.xml.flat
Compiling xml file /Users/enayat/.gradle/caches/8.12/transforms/77ac0f39ae7f2e03d321be88fee5ac34/transformed/material-1.11.0/res/animator/m3_btn_state_list_anim.xml to /Users/enayat/Documents/DeepEyeUnlocker/app/build/intermediates/merged_res/release/animator_m3_btn_state_list_anim.xml.flat
Compiling xml file /Users/enayat/.gradle/caches/8.12/transforms/77ac0f39ae7f2e03d321be88fee5ac34/transformed/material-1.11.0/res/color/mtrl_switch_thumb_icon_tint.xml to /Users/enayat/Documents/DeepEyeUnlocker/app/build/intermediates/merged_res/release/color_mtrl_switch_thumb_icon_tint.xml.flat
Compiling xml file /Users/enayat/.gradle/caches/8.12/transforms/a0ef34c79403f3354ffefc4722ee38e0/transformed/appcompat-1.6.1/res/layout/abc_expanded_menu_layout.xml to /Users/enayat/Documents/DeepEyeUnlocker/app/build/intermediates/merged_res/release/layout_abc_expanded_menu_layout.xml.flat
Compiling xml file /Users/enayat/.gradle/caches/8.12/transforms/77ac0f39ae7f2e03d321be88fee5ac34/transformed/material-1.11.0/res/drawable/mtrl_checkbox_button_icon.xml to /Users/enayat/Documents/DeepEyeUnlocker/app/build/intermediates/merged_res/release/drawable_mtrl_checkbox_button_icon.xml.flat
Compiling xml file /Users/enayat/.gradle/caches/8.12/transforms/77ac0f39ae7f2e03d321be88fee5ac34/transformed/material-1.11.0/res/drawable/mtrl_switch_thumb_unchecked_checked.xml to /Users/enayat/Documents/DeepEyeUnlocker/app/build/intermediates/merged_res/release/drawable_mtrl_switch_thumb_unchecked_checked.xml.flat
Compiling xml file /Users/enayat/.gradle/caches/8.12/transforms/3a493875aae768749cb55e1dee7b847e/transformed/fragment-1.3.6/res/animator/fragment_fade_exit.xml to /Users/enayat/Documents/DeepEyeUnlocker/app/build/intermediates/merged_res/release/animator_fragment_fade_exit.xml.flat
Compiling xml file /Users/enayat/.gradle/caches/8.12/transforms/77ac0f39ae7f2e03d321be88fee5ac34/transformed/material-1.11.0/res/color/material_personalized_primary_inverse_text_disable_only.xml to /Users/enayat/Documents/DeepEyeUnlocker/app/build/intermediates/merged_res/release/color_material_personalized_primary_inverse_text_disable_only.xml.flat
Compiling xml file /Users/enayat/.gradle/caches/8.12/transforms/77ac0f39ae7f2e03d321be88fee5ac34/transformed/material-1.11.0/res/drawable/mtrl_switch_thumb_checked_pressed.xml to /Users/enayat/Documents/DeepEyeUnlocker/app/build/intermediates/merged_res/release/drawable_mtrl_switch_thumb_checked_pressed.xml.flat
Compiling xml file /Users/enayat/.gradle/caches/8.12/transforms/77ac0f39ae7f2e03d321be88fee5ac34/transformed/material-1.11.0/res/layout/material_clock_period_toggle.xml to /Users/enayat/Documents/DeepEyeUnlocker/app/build/intermediates/merged_res/release/layout_material_clock_period_toggle.xml.flat
Compiling xml file /Users/enayat/.gradle/caches/8.12/transforms/77ac0f39ae7f2e03d321be88fee5ac34/transformed/material-1.11.0/res/color/m3_button_outline_color_selector.xml to /Users/enayat/Documents/DeepEyeUnlocker/app/build/intermediates/merged_res/release/color_m3_button_outline_color_selector.xml.flat
Compiling XML table /Users/enayat/Documents/DeepEyeUnlocker/app/build/intermediates/incremental/release/mergeReleaseResources/merged.dir/values-w600dp-land-v13/values-w600dp-land-v13.xml to /Users/enayat/Documents/DeepEyeUnlocker/app/build/intermediates/merged_res/release/values-w600dp-land-v13_values-w600dp-land-v13.arsc.flat
Compiling xml file /Users/enayat/.gradle/caches/8.12/transforms/77ac0f39ae7f2e03d321be88fee5ac34/transformed/material-1.11.0/res/drawable/material_ic_edit_black_24dp.xml to /Users/enayat/Documents/DeepEyeUnlocker/app/build/intermediates/merged_res/release/drawable_material_ic_edit_black_24dp.xml.flat
Compiling XML table /Users/enayat/Documents/DeepEyeUnlocker/app/build/intermediates/incremental/release/mergeReleaseResources/merged.dir/values-nl/values-nl.xml to /Users/enayat/Documents/DeepEyeUnlocker/app/build/intermediates/merged_res/release/values-nl_values-nl.arsc.flat
Compiling xml file /Users/enayat/.gradle/caches/8.12/transforms/a0ef34c79403f3354ffefc4722ee38e0/transformed/appcompat-1.6.1/res/drawable/abc_ic_menu_paste_mtrl_am_alpha.xml to /Users/enayat/Documents/DeepEyeUnlocker/app/build/intermediates/merged_res/release/drawable_abc_ic_menu_paste_mtrl_am_alpha.xml.flat
Compiling xml file /Users/enayat/.gradle/caches/8.12/transforms/a0ef34c79403f3354ffefc4722ee38e0/transformed/appcompat-1.6.1/res/interpolator/btn_checkbox_checked_mtrl_animation_interpolator_1.xml to /Users/enayat/Documents/DeepEyeUnlocker/app/build/intermediates/merged_res/release/interpolator_btn_checkbox_checked_mtrl_animation_interpolator_1.xml.flat
Compiling xml file /Users/enayat/.gradle/caches/8.12/transforms/77ac0f39ae7f2e03d321be88fee5ac34/transformed/material-1.11.0/res/color-v31/m3_ref_palette_dynamic_neutral6.xml to /Users/enayat/Documents/DeepEyeUnlocker/app/build/intermediates/merged_res/release/color-v31_m3_ref_palette_dynamic_neutral6.xml.flat
Compiling xml file /Users/enayat/.gradle/caches/8.12/transforms/a0ef34c79403f3354ffefc4722ee38e0/transformed/appcompat-1.6.1/res/drawable/abc_text_cursor_material.xml to /Users/enayat/Documents/DeepEyeUnlocker/app/build/intermediates/merged_res/release/drawable_abc_text_cursor_material.xml.flat
Compiling xml file /Users/enayat/.gradle/caches/8.12/transforms/a0ef34c79403f3354ffefc4722ee38e0/transformed/appcompat-1.6.1/res/drawable/abc_ic_search_api_material.xml to /Users/enayat/Documents/DeepEyeUnlocker/app/build/intermediates/merged_res/release/drawable_abc_ic_search_api_material.xml.flat
Compiling xml file /Users/enayat/.gradle/caches/8.12/transforms/77ac0f39ae7f2e03d321be88fee5ac34/transformed/material-1.11.0/res/layout/mtrl_calendar_year.xml to /Users/enayat/Documents/DeepEyeUnlocker/app/build/intermediates/merged_res/release/layout_mtrl_calendar_year.xml.flat
Compiling xml file /Users/enayat/.gradle/caches/8.12/transforms/77ac0f39ae7f2e03d321be88fee5ac34/transformed/material-1.11.0/res/color/m3_timepicker_time_input_stroke_color.xml to /Users/enayat/Documents/DeepEyeUnlocker/app/build/intermediates/merged_res/release/color_m3_timepicker_time_input_stroke_color.xml.flat
Compiling xml file /Users/enayat/.gradle/caches/8.12/transforms/77ac0f39ae7f2e03d321be88fee5ac34/transformed/material-1.11.0/res/color/mtrl_on_surface_ripple_color.xml to /Users/enayat/Documents/DeepEyeUnlocker/app/build/intermediates/merged_res/release/color_mtrl_on_surface_ripple_color.xml.flat
Compiling xml file /Users/enayat/Documents/DeepEyeUnlocker/app/src/main/res/drawable/badge_pro.xml to /Users/enayat/Documents/DeepEyeUnlocker/app/build/intermediates/merged_res/release/drawable_badge_pro.xml.flat
Compiling xml file /Users/enayat/.gradle/caches/8.12/transforms/77ac0f39ae7f2e03d321be88fee5ac34/transformed/material-1.11.0/res/color/mtrl_outlined_stroke_color.xml to /Users/enayat/Documents/DeepEyeUnlocker/app/build/intermediates/merged_res/release/color_mtrl_outlined_stroke_color.xml.flat
Compiling xml file /Users/enayat/.gradle/caches/8.12/transforms/a0ef34c79403f3354ffefc4722ee38e0/transformed/appcompat-1.6.1/res/anim/abc_fade_in.xml to /Users/enayat/Documents/DeepEyeUnlocker/app/build/intermediates/merged_res/release/anim_abc_fade_in.xml.flat
Compiling xml file /Users/enayat/.gradle/caches/8.12/transforms/77ac0f39ae7f2e03d321be88fee5ac34/transformed/material-1.11.0/res/color/m3_dark_default_color_primary_text.xml to /Users/enayat/Documents/DeepEyeUnlocker/app/build/intermediates/merged_res/release/color_m3_dark_default_color_primary_text.xml.flat
Compiling xml file /Users/enayat/.gradle/caches/8.12/transforms/77ac0f39ae7f2e03d321be88fee5ac34/transformed/material-1.11.0/res/color/material_slider_inactive_tick_marks_color.xml to /Users/enayat/Documents/DeepEyeUnlocker/app/build/intermediates/merged_res/release/color_material_slider_inactive_tick_marks_color.xml.flat
Compiling xml file /Users/enayat/.gradle/caches/8.12/transforms/a0ef34c79403f3354ffefc4722ee38e0/transformed/appcompat-1.6.1/res/layout/select_dialog_singlechoice_material.xml to /Users/enayat/Documents/DeepEyeUnlocker/app/build/intermediates/merged_res/release/layout_select_dialog_singlechoice_material.xml.flat
Compiling xml file /Users/enayat/.gradle/caches/8.12/transforms/77ac0f39ae7f2e03d321be88fee5ac34/transformed/material-1.11.0/res/layout/design_layout_tab_text.xml to /Users/enayat/Documents/DeepEyeUnlocker/app/build/intermediates/merged_res/release/layout_design_layout_tab_text.xml.flat
Compiling xml file /Users/enayat/.gradle/caches/8.12/transforms/a0ef34c79403f3354ffefc4722ee38e0/transformed/appcompat-1.6.1/res/layout/abc_alert_dialog_button_bar_material.xml to /Users/enayat/Documents/DeepEyeUnlocker/app/build/intermediates/merged_res/release/layout_abc_alert_dialog_button_bar_material.xml.flat
Compiling xml file /Users/enayat/.gradle/caches/8.12/transforms/a0ef34c79403f3354ffefc4722ee38e0/transformed/appcompat-1.6.1/res/color/abc_hint_foreground_material_dark.xml to /Users/enayat/Documents/DeepEyeUnlocker/app/build/intermediates/merged_res/release/color_abc_hint_foreground_material_dark.xml.flat
Compiling xml file /Users/enayat/.gradle/caches/8.12/transforms/77ac0f39ae7f2e03d321be88fee5ac34/transformed/material-1.11.0/res/color/m3_simple_item_ripple_color.xml to /Users/enayat/Documents/DeepEyeUnlocker/app/build/intermediates/merged_res/release/color_m3_simple_item_ripple_color.xml.flat
Compiling xml file /Users/enayat/.gradle/caches/8.12/transforms/a0ef34c79403f3354ffefc4722ee38e0/transformed/appcompat-1.6.1/res/drawable-v23/abc_control_background_material.xml to /Users/enayat/Documents/DeepEyeUnlocker/app/build/intermediates/merged_res/release/drawable-v23_abc_control_background_material.xml.flat
Compiling xml file /Users/enayat/.gradle/caches/8.12/transforms/a0ef34c79403f3354ffefc4722ee38e0/transformed/appcompat-1.6.1/res/layout/abc_action_bar_title_item.xml to /Users/enayat/Documents/DeepEyeUnlocker/app/build/intermediates/merged_res/release/layout_abc_action_bar_title_item.xml.flat
Compiling xml file /Users/enayat/.gradle/caches/8.12/transforms/77ac0f39ae7f2e03d321be88fee5ac34/transformed/material-1.11.0/res/animator/m3_elevated_chip_state_list_anim.xml to /Users/enayat/Documents/DeepEyeUnlocker/app/build/intermediates/merged_res/release/animator_m3_elevated_chip_state_list_anim.xml.flat
Compiling xml file /Users/enayat/.gradle/caches/8.12/transforms/77ac0f39ae7f2e03d321be88fee5ac34/transformed/material-1.11.0/res/color/m3_card_ripple_color.xml to /Users/enayat/Documents/DeepEyeUnlocker/app/build/intermediates/merged_res/release/color_m3_card_ripple_color.xml.flat
Compiling xml file /Users/enayat/.gradle/caches/8.12/transforms/77ac0f39ae7f2e03d321be88fee5ac34/transformed/material-1.11.0/res/color/material_on_background_disabled.xml to /Users/enayat/Documents/DeepEyeUnlocker/app/build/intermediates/merged_res/release/color_material_on_background_disabled.xml.flat
Compiling xml file /Users/enayat/.gradle/caches/8.12/transforms/a0ef34c79403f3354ffefc4722ee38e0/transformed/appcompat-1.6.1/res/anim/btn_radio_to_on_mtrl_dot_group_animation.xml to /Users/enayat/Documents/DeepEyeUnlocker/app/build/intermediates/merged_res/release/anim_btn_radio_to_on_mtrl_dot_group_animation.xml.flat
Compiling xml file /Users/enayat/.gradle/caches/8.12/transforms/77ac0f39ae7f2e03d321be88fee5ac34/transformed/material-1.11.0/res/color/design_box_stroke_color.xml to /Users/enayat/Documents/DeepEyeUnlocker/app/build/intermediates/merged_res/release/color_design_box_stroke_color.xml.flat
Compiling xml file /Users/enayat/.gradle/caches/8.12/transforms/77ac0f39ae7f2e03d321be88fee5ac34/transformed/material-1.11.0/res/drawable/design_ic_visibility_off.xml to /Users/enayat/Documents/DeepEyeUnlocker/app/build/intermediates/merged_res/release/drawable_design_ic_visibility_off.xml.flat
Compiling xml file /Users/enayat/.gradle/caches/8.12/transforms/77ac0f39ae7f2e03d321be88fee5ac34/transformed/material-1.11.0/res/color-v31/m3_ref_palette_dynamic_neutral4.xml to /Users/enayat/Documents/DeepEyeUnlocker/app/build/intermediates/merged_res/release/color-v31_m3_ref_palette_dynamic_neutral4.xml.flat
Compiling xml file /Users/enayat/.gradle/caches/8.12/transforms/77ac0f39ae7f2e03d321be88fee5ac34/transformed/material-1.11.0/res/layout/material_timepicker.xml to /Users/enayat/Documents/DeepEyeUnlocker/app/build/intermediates/merged_res/release/layout_material_timepicker.xml.flat
Compiling xml file /Users/enayat/.gradle/caches/8.12/transforms/77ac0f39ae7f2e03d321be88fee5ac34/transformed/material-1.11.0/res/interpolator-v21/m3_sys_motion_easing_standard.xml to /Users/enayat/Documents/DeepEyeUnlocker/app/build/intermediates/merged_res/release/interpolator-v21_m3_sys_motion_easing_standard.xml.flat
Compiling xml file /Users/enayat/.gradle/caches/8.12/transforms/77ac0f39ae7f2e03d321be88fee5ac34/transformed/material-1.11.0/res/animator-v21/design_appbar_state_list_animator.xml to /Users/enayat/Documents/DeepEyeUnlocker/app/build/intermediates/merged_res/release/animator-v21_design_appbar_state_list_animator.xml.flat
Compiling xml file /Users/enayat/.gradle/caches/8.12/transforms/77ac0f39ae7f2e03d321be88fee5ac34/transformed/material-1.11.0/res/color/m3_button_ripple_color.xml to /Users/enayat/Documents/DeepEyeUnlocker/app/build/intermediates/merged_res/release/color_m3_button_ripple_color.xml.flat
Compiling xml file /Users/enayat/.gradle/caches/8.12/transforms/77ac0f39ae7f2e03d321be88fee5ac34/transformed/material-1.11.0/res/color/m3_navigation_item_icon_tint.xml to /Users/enayat/Documents/DeepEyeUnlocker/app/build/intermediates/merged_res/release/color_m3_navigation_item_icon_tint.xml.flat
Compiling xml file /Users/enayat/.gradle/caches/8.12/transforms/a0ef34c79403f3354ffefc4722ee38e0/transformed/appcompat-1.6.1/res/drawable/abc_ratingbar_material.xml to /Users/enayat/Documents/DeepEyeUnlocker/app/build/intermediates/merged_res/release/drawable_abc_ratingbar_material.xml.flat
Compiling xml file /Users/enayat/.gradle/caches/8.12/transforms/a0ef34c79403f3354ffefc4722ee38e0/transformed/appcompat-1.6.1/res/layout/abc_alert_dialog_material.xml to /Users/enayat/Documents/DeepEyeUnlocker/app/build/intermediates/merged_res/release/layout_abc_alert_dialog_material.xml.flat
Compiling XML table /Users/enayat/Documents/DeepEyeUnlocker/app/build/intermediates/incremental/release/mergeReleaseResources/merged.dir/values-fr/values-fr.xml to /Users/enayat/Documents/DeepEyeUnlocker/app/build/intermediates/merged_res/release/values-fr_values-fr.arsc.flat
Compiling xml file /Users/enayat/.gradle/caches/8.12/transforms/77ac0f39ae7f2e03d321be88fee5ac34/transformed/material-1.11.0/res/layout/mtrl_auto_complete_simple_item.xml to /Users/enayat/Documents/DeepEyeUnlocker/app/build/intermediates/merged_res/release/layout_mtrl_auto_complete_simple_item.xml.flat
Compiling xml file /Users/enayat/.gradle/caches/8.12/transforms/77ac0f39ae7f2e03d321be88fee5ac34/transformed/material-1.11.0/res/drawable/material_ic_clear_black_24dp.xml to /Users/enayat/Documents/DeepEyeUnlocker/app/build/intermediates/merged_res/release/drawable_material_ic_clear_black_24dp.xml.flat
Compiling xml file /Users/enayat/.gradle/caches/8.12/transforms/77ac0f39ae7f2e03d321be88fee5ac34/transformed/material-1.11.0/res/layout-land/mtrl_picker_header_dialog.xml to /Users/enayat/Documents/DeepEyeUnlocker/app/build/intermediates/merged_res/release/layout-land_mtrl_picker_header_dialog.xml.flat
Compiling xml file /Users/enayat/.gradle/caches/8.12/transforms/a0ef34c79403f3354ffefc4722ee38e0/transformed/appcompat-1.6.1/res/drawable/abc_seekbar_thumb_material.xml to /Users/enayat/Documents/DeepEyeUnlocker/app/build/intermediates/merged_res/release/drawable_abc_seekbar_thumb_material.xml.flat
Compiling xml file /Users/enayat/.gradle/caches/8.12/transforms/77ac0f39ae7f2e03d321be88fee5ac34/transformed/material-1.11.0/res/animator/m3_extended_fab_state_list_animator.xml to /Users/enayat/Documents/DeepEyeUnlocker/app/build/intermediates/merged_res/release/animator_m3_extended_fab_state_list_animator.xml.flat
Compiling xml file /Users/enayat/.gradle/caches/8.12/transforms/383825f198a0288fa33d7140a2974918/transformed/jetified-appcompat-resources-1.6.1/res/drawable/abc_vector_test.xml to /Users/enayat/Documents/DeepEyeUnlocker/app/build/intermediates/merged_res/release/drawable_abc_vector_test.xml.flat
Compiling xml file /Users/enayat/.gradle/caches/8.12/transforms/77ac0f39ae7f2e03d321be88fee5ac34/transformed/material-1.11.0/res/color/m3_textfield_filled_background_color.xml to /Users/enayat/Documents/DeepEyeUnlocker/app/build/intermediates/merged_res/release/color_m3_textfield_filled_background_color.xml.flat
Compiling xml file /Users/enayat/.gradle/caches/8.12/transforms/3a493875aae768749cb55e1dee7b847e/transformed/fragment-1.3.6/res/animator/fragment_open_exit.xml to /Users/enayat/Documents/DeepEyeUnlocker/app/build/intermediates/merged_res/release/animator_fragment_open_exit.xml.flat
Compiling xml file /Users/enayat/.gradle/caches/8.12/transforms/77ac0f39ae7f2e03d321be88fee5ac34/transformed/material-1.11.0/res/drawable/ic_clock_black_24dp.xml to /Users/enayat/Documents/DeepEyeUnlocker/app/build/intermediates/merged_res/release/drawable_ic_clock_black_24dp.xml.flat
Compiling xml file /Users/enayat/.gradle/caches/8.12/transforms/a0ef34c79403f3354ffefc4722ee38e0/transformed/appcompat-1.6.1/res/color/abc_background_cache_hint_selector_material_light.xml to /Users/enayat/Documents/DeepEyeUnlocker/app/build/intermediates/merged_res/release/color_abc_background_cache_hint_selector_material_light.xml.flat
Compiling xml file /Users/enayat/.gradle/caches/8.12/transforms/77ac0f39ae7f2e03d321be88fee5ac34/transformed/material-1.11.0/res/layout/material_radial_view_group.xml to /Users/enayat/Documents/DeepEyeUnlocker/app/build/intermediates/merged_res/release/layout_material_radial_view_group.xml.flat
Compiling xml file /Users/enayat/.gradle/caches/8.12/transforms/aa5e289a5834796e7d7bdf7a293eeceb/transformed/core-1.13.1/res/drawable/notification_icon_background.xml to /Users/enayat/Documents/DeepEyeUnlocker/app/build/intermediates/merged_res/release/drawable_notification_icon_background.xml.flat
Compiling xml file /Users/enayat/.gradle/caches/8.12/transforms/77ac0f39ae7f2e03d321be88fee5ac34/transformed/material-1.11.0/res/color/material_slider_active_track_color.xml to /Users/enayat/Documents/DeepEyeUnlocker/app/build/intermediates/merged_res/release/color_material_slider_active_track_color.xml.flat
Compiling xml file /Users/enayat/.gradle/caches/8.12/transforms/77ac0f39ae7f2e03d321be88fee5ac34/transformed/material-1.11.0/res/color/m3_bottom_sheet_drag_handle_color.xml to /Users/enayat/Documents/DeepEyeUnlocker/app/build/intermediates/merged_res/release/color_m3_bottom_sheet_drag_handle_color.xml.flat
Compiling xml file /Users/enayat/.gradle/caches/8.12/transforms/aa5e289a5834796e7d7bdf7a293eeceb/transformed/core-1.13.1/res/drawable-anydpi-v21/ic_call_decline.xml to /Users/enayat/Documents/DeepEyeUnlocker/app/build/intermediates/merged_res/release/drawable-anydpi-v21_ic_call_decline.xml.flat
Compiling xml file /Users/enayat/Documents/DeepEyeUnlocker/app/src/main/res/anim/flip_in.xml to /Users/enayat/Documents/DeepEyeUnlocker/app/build/intermediates/merged_res/release/anim_flip_in.xml.flat
Compiling xml file /Users/enayat/.gradle/caches/8.12/transforms/77ac0f39ae7f2e03d321be88fee5ac34/transformed/material-1.11.0/res/color/m3_chip_assist_text_color.xml to /Users/enayat/Documents/DeepEyeUnlocker/app/build/intermediates/merged_res/release/color_m3_chip_assist_text_color.xml.flat
Compiling xml file /Users/enayat/.gradle/caches/8.12/transforms/a0ef34c79403f3354ffefc4722ee38e0/transformed/appcompat-1.6.1/res/drawable/abc_btn_default_mtrl_shape.xml to /Users/enayat/Documents/DeepEyeUnlocker/app/build/intermediates/merged_res/release/drawable_abc_btn_default_mtrl_shape.xml.flat
Compiling xml file /Users/enayat/.gradle/caches/8.12/transforms/a0ef34c79403f3354ffefc4722ee38e0/transformed/appcompat-1.6.1/res/color/abc_primary_text_disable_only_material_light.xml to /Users/enayat/Documents/DeepEyeUnlocker/app/build/intermediates/merged_res/release/color_abc_primary_text_disable_only_material_light.xml.flat
Compiling xml file /Users/enayat/.gradle/caches/8.12/transforms/77ac0f39ae7f2e03d321be88fee5ac34/transformed/material-1.11.0/res/color/m3_tonal_button_ripple_color_selector.xml to /Users/enayat/Documents/DeepEyeUnlocker/app/build/intermediates/merged_res/release/color_m3_tonal_button_ripple_color_selector.xml.flat
Compiling xml file /Users/enayat/.gradle/caches/8.12/transforms/77ac0f39ae7f2e03d321be88fee5ac34/transformed/material-1.11.0/res/color/m3_tabs_icon_color_secondary.xml to /Users/enayat/Documents/DeepEyeUnlocker/app/build/intermediates/merged_res/release/color_m3_tabs_icon_color_secondary.xml.flat
Compiling xml file /Users/enayat/.gradle/caches/8.12/transforms/a0ef34c79403f3354ffefc4722ee38e0/transformed/appcompat-1.6.1/res/drawable-watch-v20/abc_dialog_material_background.xml to /Users/enayat/Documents/DeepEyeUnlocker/app/build/intermediates/merged_res/release/drawable-watch-v20_abc_dialog_material_background.xml.flat
Compiling xml file /Users/enayat/.gradle/caches/8.12/transforms/77ac0f39ae7f2e03d321be88fee5ac34/transformed/material-1.11.0/res/color/design_icon_tint.xml to /Users/enayat/Documents/DeepEyeUnlocker/app/build/intermediates/merged_res/release/color_design_icon_tint.xml.flat
Compiling xml file /Users/enayat/.gradle/caches/8.12/transforms/a0ef34c79403f3354ffefc4722ee38e0/transformed/appcompat-1.6.1/res/color/abc_primary_text_disable_only_material_dark.xml to /Users/enayat/Documents/DeepEyeUnlocker/app/build/intermediates/merged_res/release/color_abc_primary_text_disable_only_material_dark.xml.flat
Compiling xml file /Users/enayat/.gradle/caches/8.12/transforms/77ac0f39ae7f2e03d321be88fee5ac34/transformed/material-1.11.0/res/color/m3_button_foreground_color_selector.xml to /Users/enayat/Documents/DeepEyeUnlocker/app/build/intermediates/merged_res/release/color_m3_button_foreground_color_selector.xml.flat
Compiling xml file /Users/enayat/Documents/DeepEyeUnlocker/app/src/main/res/xml/device_filter.xml to /Users/enayat/Documents/DeepEyeUnlocker/app/build/intermediates/merged_res/release/xml_device_filter.xml.flat
Compiling xml file /Users/enayat/.gradle/caches/8.12/transforms/77ac0f39ae7f2e03d321be88fee5ac34/transformed/material-1.11.0/res/color/m3_selection_control_ripple_color_selector.xml to /Users/enayat/Documents/DeepEyeUnlocker/app/build/intermediates/merged_res/release/color_m3_selection_control_ripple_color_selector.xml.flat
Compiling xml file /Users/enayat/.gradle/caches/8.12/transforms/77ac0f39ae7f2e03d321be88fee5ac34/transformed/material-1.11.0/res/layout/design_bottom_navigation_item.xml to /Users/enayat/Documents/DeepEyeUnlocker/app/build/intermediates/merged_res/release/layout_design_bottom_navigation_item.xml.flat
Compiling xml file /Users/enayat/.gradle/caches/8.12/transforms/77ac0f39ae7f2e03d321be88fee5ac34/transformed/material-1.11.0/res/drawable/ic_clear_black_24.xml to /Users/enayat/Documents/DeepEyeUnlocker/app/build/intermediates/merged_res/release/drawable_ic_clear_black_24.xml.flat
Compiling xml file /Users/enayat/.gradle/caches/8.12/transforms/77ac0f39ae7f2e03d321be88fee5ac34/transformed/material-1.11.0/res/color/mtrl_fab_bg_color_selector.xml to /Users/enayat/Documents/DeepEyeUnlocker/app/build/intermediates/merged_res/release/color_mtrl_fab_bg_color_selector.xml.flat
Compiling XML table /Users/enayat/Documents/DeepEyeUnlocker/app/build/intermediates/incremental/release/mergeReleaseResources/merged.dir/values-land/values-land.xml to /Users/enayat/Documents/DeepEyeUnlocker/app/build/intermediates/merged_res/release/values-land_values-land.arsc.flat
Compiling xml file /Users/enayat/.gradle/caches/8.12/transforms/77ac0f39ae7f2e03d321be88fee5ac34/transformed/material-1.11.0/res/layout/mtrl_picker_text_input_date.xml to /Users/enayat/Documents/DeepEyeUnlocker/app/build/intermediates/merged_res/release/layout_mtrl_picker_text_input_date.xml.flat
Compiling xml file /Users/enayat/.gradle/caches/8.12/transforms/a0ef34c79403f3354ffefc4722ee38e0/transformed/appcompat-1.6.1/res/drawable/abc_cab_background_internal_bg.xml to /Users/enayat/Documents/DeepEyeUnlocker/app/build/intermediates/merged_res/release/drawable_abc_cab_background_internal_bg.xml.flat
Compiling xml file /Users/enayat/.gradle/caches/8.12/transforms/77ac0f39ae7f2e03d321be88fee5ac34/transformed/material-1.11.0/res/drawable/mtrl_checkbox_button_icon_unchecked_indeterminate.xml to /Users/enayat/Documents/DeepEyeUnlocker/app/build/intermediates/merged_res/release/drawable_mtrl_checkbox_button_icon_unchecked_indeterminate.xml.flat
Compiling XML table /Users/enayat/Documents/DeepEyeUnlocker/app/build/intermediates/incremental/release/mergeReleaseResources/merged.dir/values-b+es+419/values-b+es+419.xml to /Users/enayat/Documents/DeepEyeUnlocker/app/build/intermediates/merged_res/release/values-b+es+419_values-b+es+419.arsc.flat
Compiling xml file /Users/enayat/.gradle/caches/8.12/transforms/77ac0f39ae7f2e03d321be88fee5ac34/transformed/material-1.11.0/res/color/m3_appbar_overlay_color.xml to /Users/enayat/Documents/DeepEyeUnlocker/app/build/intermediates/merged_res/release/color_m3_appbar_overlay_color.xml.flat
Compiling xml file /Users/enayat/.gradle/caches/8.12/transforms/a0ef34c79403f3354ffefc4722ee38e0/transformed/appcompat-1.6.1/res/layout/abc_popup_menu_item_layout.xml to /Users/enayat/Documents/DeepEyeUnlocker/app/build/intermediates/merged_res/release/layout_abc_popup_menu_item_layout.xml.flat
Compiling xml file /Users/enayat/.gradle/caches/8.12/transforms/a0ef34c79403f3354ffefc4722ee38e0/transformed/appcompat-1.6.1/res/drawable/abc_ic_menu_share_mtrl_alpha.xml to /Users/enayat/Documents/DeepEyeUnlocker/app/build/intermediates/merged_res/release/drawable_abc_ic_menu_share_mtrl_alpha.xml.flat
Compiling xml file /Users/enayat/.gradle/caches/8.12/transforms/77ac0f39ae7f2e03d321be88fee5ac34/transformed/material-1.11.0/res/drawable-v23/m3_tabs_background.xml to /Users/enayat/Documents/DeepEyeUnlocker/app/build/intermediates/merged_res/release/drawable-v23_m3_tabs_background.xml.flat
Compiling xml file /Users/enayat/.gradle/caches/8.12/transforms/a0ef34c79403f3354ffefc4722ee38e0/transformed/appcompat-1.6.1/res/color/abc_primary_text_material_light.xml to /Users/enayat/Documents/DeepEyeUnlocker/app/build/intermediates/merged_res/release/color_abc_primary_text_material_light.xml.flat
Compiling xml file /Users/enayat/.gradle/caches/8.12/transforms/77ac0f39ae7f2e03d321be88fee5ac34/transformed/material-1.11.0/res/color/mtrl_card_view_ripple.xml to /Users/enayat/Documents/DeepEyeUnlocker/app/build/intermediates/merged_res/release/color_mtrl_card_view_ripple.xml.flat
Compiling xml file /Users/enayat/.gradle/caches/8.12/transforms/77ac0f39ae7f2e03d321be88fee5ac34/transformed/material-1.11.0/res/layout-v26/mtrl_calendar_month.xml to /Users/enayat/Documents/DeepEyeUnlocker/app/build/intermediates/merged_res/release/layout-v26_mtrl_calendar_month.xml.flat
Compiling xml file /Users/enayat/.gradle/caches/8.12/transforms/77ac0f39ae7f2e03d321be88fee5ac34/transformed/material-1.11.0/res/color/material_personalized_hint_foreground.xml to /Users/enayat/Documents/DeepEyeUnlocker/app/build/intermediates/merged_res/release/color_material_personalized_hint_foreground.xml.flat
Compiling xml file /Users/enayat/.gradle/caches/8.12/transforms/77ac0f39ae7f2e03d321be88fee5ac34/transformed/material-1.11.0/res/animator/m3_card_elevated_state_list_anim.xml to /Users/enayat/Documents/DeepEyeUnlocker/app/build/intermediates/merged_res/release/animator_m3_card_elevated_state_list_anim.xml.flat
Compiling xml file /Users/enayat/.gradle/caches/8.12/transforms/77ac0f39ae7f2e03d321be88fee5ac34/transformed/material-1.11.0/res/color-v31/m3_dynamic_dark_default_color_primary_text.xml to /Users/enayat/Documents/DeepEyeUnlocker/app/build/intermediates/merged_res/release/color-v31_m3_dynamic_dark_default_color_primary_text.xml.flat
Compiling xml file /Users/enayat/.gradle/caches/8.12/transforms/77ac0f39ae7f2e03d321be88fee5ac34/transformed/material-1.11.0/res/drawable/mtrl_switch_thumb_unchecked.xml to /Users/enayat/Documents/DeepEyeUnlocker/app/build/intermediates/merged_res/release/drawable_mtrl_switch_thumb_unchecked.xml.flat
Compiling xml file /Users/enayat/.gradle/caches/8.12/transforms/77ac0f39ae7f2e03d321be88fee5ac34/transformed/material-1.11.0/res/color/m3_assist_chip_icon_tint_color.xml to /Users/enayat/Documents/DeepEyeUnlocker/app/build/intermediates/merged_res/release/color_m3_assist_chip_icon_tint_color.xml.flat
Compiling xml file /Users/enayat/.gradle/caches/8.12/transforms/a0ef34c79403f3354ffefc4722ee38e0/transformed/appcompat-1.6.1/res/layout/abc_action_bar_up_container.xml to /Users/enayat/Documents/DeepEyeUnlocker/app/build/intermediates/merged_res/release/layout_abc_action_bar_up_container.xml.flat
Compiling xml file /Users/enayat/.gradle/caches/8.12/transforms/a0ef34c79403f3354ffefc4722ee38e0/transformed/appcompat-1.6.1/res/layout/abc_activity_chooser_view.xml to /Users/enayat/Documents/DeepEyeUnlocker/app/build/intermediates/merged_res/release/layout_abc_activity_chooser_view.xml.flat
Compiling xml file /Users/enayat/.gradle/caches/8.12/transforms/77ac0f39ae7f2e03d321be88fee5ac34/transformed/material-1.11.0/res/interpolator-v21/mtrl_fast_out_slow_in.xml to /Users/enayat/Documents/DeepEyeUnlocker/app/build/intermediates/merged_res/release/interpolator-v21_mtrl_fast_out_slow_in.xml.flat
Compiling xml file /Users/enayat/.gradle/caches/8.12/transforms/77ac0f39ae7f2e03d321be88fee5ac34/transformed/material-1.11.0/res/color/m3_tabs_ripple_color_secondary.xml to /Users/enayat/Documents/DeepEyeUnlocker/app/build/intermediates/merged_res/release/color_m3_tabs_ripple_color_secondary.xml.flat
Compiling xml file /Users/enayat/.gradle/caches/8.12/transforms/77ac0f39ae7f2e03d321be88fee5ac34/transformed/material-1.11.0/res/color/material_slider_active_tick_marks_color.xml to /Users/enayat/Documents/DeepEyeUnlocker/app/build/intermediates/merged_res/release/color_material_slider_active_tick_marks_color.xml.flat
Compiling xml file /Users/enayat/.gradle/caches/8.12/transforms/77ac0f39ae7f2e03d321be88fee5ac34/transformed/material-1.11.0/res/color/m3_timepicker_clock_text_color.xml to /Users/enayat/Documents/DeepEyeUnlocker/app/build/intermediates/merged_res/release/color_m3_timepicker_clock_text_color.xml.flat
Compiling xml file /Users/enayat/.gradle/caches/8.12/transforms/a0ef34c79403f3354ffefc4722ee38e0/transformed/appcompat-1.6.1/res/layout/abc_screen_simple_overlay_action_mode.xml to /Users/enayat/Documents/DeepEyeUnlocker/app/build/intermediates/merged_res/release/layout_abc_screen_simple_overlay_action_mode.xml.flat
Compiling xml file /Users/enayat/.gradle/caches/8.12/transforms/77ac0f39ae7f2e03d321be88fee5ac34/transformed/material-1.11.0/res/color/m3_checkbox_button_icon_tint.xml to /Users/enayat/Documents/DeepEyeUnlocker/app/build/intermediates/merged_res/release/color_m3_checkbox_button_icon_tint.xml.flat
Compiling xml file /Users/enayat/.gradle/caches/8.12/transforms/a0ef34c79403f3354ffefc4722ee38e0/transformed/appcompat-1.6.1/res/color-v23/abc_tint_btn_checkable.xml to /Users/enayat/Documents/DeepEyeUnlocker/app/build/intermediates/merged_res/release/color-v23_abc_tint_btn_checkable.xml.flat
Compiling xml file /Users/enayat/.gradle/caches/8.12/transforms/77ac0f39ae7f2e03d321be88fee5ac34/transformed/material-1.11.0/res/layout/mtrl_alert_select_dialog_singlechoice.xml to /Users/enayat/Documents/DeepEyeUnlocker/app/build/intermediates/merged_res/release/layout_mtrl_alert_select_dialog_singlechoice.xml.flat
Compiling xml file /Users/enayat/Documents/DeepEyeUnlocker/app/src/main/res/drawable/glow_indicator.xml to /Users/enayat/Documents/DeepEyeUnlocker/app/build/intermediates/merged_res/release/drawable_glow_indicator.xml.flat
Compiling xml file /Users/enayat/.gradle/caches/8.12/transforms/77ac0f39ae7f2e03d321be88fee5ac34/transformed/material-1.11.0/res/color/mtrl_navigation_bar_colored_ripple_color.xml to /Users/enayat/Documents/DeepEyeUnlocker/app/build/intermediates/merged_res/release/color_mtrl_navigation_bar_colored_ripple_color.xml.flat
Compiling xml file /Users/enayat/.gradle/caches/8.12/transforms/a0ef34c79403f3354ffefc4722ee38e0/transformed/appcompat-1.6.1/res/anim/abc_popup_exit.xml to /Users/enayat/Documents/DeepEyeUnlocker/app/build/intermediates/merged_res/release/anim_abc_popup_exit.xml.flat
Compiling xml file /Users/enayat/.gradle/caches/8.12/transforms/77ac0f39ae7f2e03d321be88fee5ac34/transformed/material-1.11.0/res/color/mtrl_fab_icon_text_color_selector.xml to /Users/enayat/Documents/DeepEyeUnlocker/app/build/intermediates/merged_res/release/color_mtrl_fab_icon_text_color_selector.xml.flat
Compiling xml file /Users/enayat/.gradle/caches/8.12/transforms/77ac0f39ae7f2e03d321be88fee5ac34/transformed/material-1.11.0/res/drawable/mtrl_ic_indeterminate.xml to /Users/enayat/Documents/DeepEyeUnlocker/app/build/intermediates/merged_res/release/drawable_mtrl_ic_indeterminate.xml.flat
Compiling xml file /Users/enayat/.gradle/caches/8.12/transforms/77ac0f39ae7f2e03d321be88fee5ac34/transformed/material-1.11.0/res/color/material_cursor_color.xml to /Users/enayat/Documents/DeepEyeUnlocker/app/build/intermediates/merged_res/release/color_material_cursor_color.xml.flat
Compiling xml file /Users/enayat/.gradle/caches/8.12/transforms/77ac0f39ae7f2e03d321be88fee5ac34/transformed/material-1.11.0/res/animator/m3_btn_elevated_btn_state_list_anim.xml to /Users/enayat/Documents/DeepEyeUnlocker/app/build/intermediates/merged_res/release/animator_m3_btn_elevated_btn_state_list_anim.xml.flat
Compiling xml file /Users/enayat/.gradle/caches/8.12/transforms/77ac0f39ae7f2e03d321be88fee5ac34/transformed/material-1.11.0/res/color/mtrl_btn_text_color_selector.xml to /Users/enayat/Documents/DeepEyeUnlocker/app/build/intermediates/merged_res/release/color_mtrl_btn_text_color_selector.xml.flat
Compiling xml file /Users/enayat/.gradle/caches/8.12/transforms/77ac0f39ae7f2e03d321be88fee5ac34/transformed/material-1.11.0/res/color/m3_navigation_bar_ripple_color_selector.xml to /Users/enayat/Documents/DeepEyeUnlocker/app/build/intermediates/merged_res/release/color_m3_navigation_bar_ripple_color_selector.xml.flat
Compiling xml file /Users/enayat/.gradle/caches/8.12/transforms/77ac0f39ae7f2e03d321be88fee5ac34/transformed/material-1.11.0/res/color-v31/m3_ref_palette_dynamic_neutral_variant17.xml to /Users/enayat/Documents/DeepEyeUnlocker/app/build/intermediates/merged_res/release/color-v31_m3_ref_palette_dynamic_neutral_variant17.xml.flat
Compiling xml file /Users/enayat/.gradle/caches/8.12/transforms/77ac0f39ae7f2e03d321be88fee5ac34/transformed/material-1.11.0/res/color/material_slider_halo_color.xml to /Users/enayat/Documents/DeepEyeUnlocker/app/build/intermediates/merged_res/release/color_material_slider_halo_color.xml.flat
Compiling xml file /Users/enayat/.gradle/caches/8.12/transforms/77ac0f39ae7f2e03d321be88fee5ac34/transformed/material-1.11.0/res/drawable/navigation_empty_icon.xml to /Users/enayat/Documents/DeepEyeUnlocker/app/build/intermediates/merged_res/release/drawable_navigation_empty_icon.xml.flat
Compiling xml file /Users/enayat/.gradle/caches/8.12/transforms/aa5e289a5834796e7d7bdf7a293eeceb/transformed/core-1.13.1/res/drawable-anydpi-v21/ic_call_answer_video.xml to /Users/enayat/Documents/DeepEyeUnlocker/app/build/intermediates/merged_res/release/drawable-anydpi-v21_ic_call_answer_video.xml.flat
Compiling xml file /Users/enayat/.gradle/caches/8.12/transforms/77ac0f39ae7f2e03d321be88fee5ac34/transformed/material-1.11.0/res/color/material_on_surface_emphasis_high_type.xml to /Users/enayat/Documents/DeepEyeUnlocker/app/build/intermediates/merged_res/release/color_material_on_surface_emphasis_high_type.xml.flat
Compiling xml file /Users/enayat/.gradle/caches/8.12/transforms/a0ef34c79403f3354ffefc4722ee38e0/transformed/appcompat-1.6.1/res/drawable/abc_textfield_search_material.xml to /Users/enayat/Documents/DeepEyeUnlocker/app/build/intermediates/merged_res/release/drawable_abc_textfield_search_material.xml.flat
Compiling xml file /Users/enayat/.gradle/caches/8.12/transforms/aa5e289a5834796e7d7bdf7a293eeceb/transformed/core-1.13.1/res/layout/notification_template_part_time.xml to /Users/enayat/Documents/DeepEyeUnlocker/app/build/intermediates/merged_res/release/layout_notification_template_part_time.xml.flat
Compiling xml file /Users/enayat/.gradle/caches/8.12/transforms/a0ef34c79403f3354ffefc4722ee38e0/transformed/appcompat-1.6.1/res/anim/btn_radio_to_on_mtrl_ring_outer_animation.xml to /Users/enayat/Documents/DeepEyeUnlocker/app/build/intermediates/merged_res/release/anim_btn_radio_to_on_mtrl_ring_outer_animation.xml.flat
Compiling xml file /Users/enayat/.gradle/caches/8.12/transforms/77ac0f39ae7f2e03d321be88fee5ac34/transformed/material-1.11.0/res/color/material_slider_thumb_color.xml to /Users/enayat/Documents/DeepEyeUnlocker/app/build/intermediates/merged_res/release/color_material_slider_thumb_color.xml.flat
Compiling xml file /Users/enayat/.gradle/caches/8.12/transforms/77ac0f39ae7f2e03d321be88fee5ac34/transformed/material-1.11.0/res/drawable/mtrl_switch_thumb_checked_unchecked.xml to /Users/enayat/Documents/DeepEyeUnlocker/app/build/intermediates/merged_res/release/drawable_mtrl_switch_thumb_checked_unchecked.xml.flat
Compiling xml file /Users/enayat/.gradle/caches/8.12/transforms/77ac0f39ae7f2e03d321be88fee5ac34/transformed/material-1.11.0/res/color/material_timepicker_button_stroke.xml to /Users/enayat/Documents/DeepEyeUnlocker/app/build/intermediates/merged_res/release/color_material_timepicker_button_stroke.xml.flat
Compiling xml file /Users/enayat/.gradle/caches/8.12/transforms/77ac0f39ae7f2e03d321be88fee5ac34/transformed/material-1.11.0/res/layout/mtrl_alert_dialog_title.xml to /Users/enayat/Documents/DeepEyeUnlocker/app/build/intermediates/merged_res/release/layout_mtrl_alert_dialog_title.xml.flat
Compiling xml file /Users/enayat/.gradle/caches/8.12/transforms/77ac0f39ae7f2e03d321be88fee5ac34/transformed/material-1.11.0/res/color/material_personalized_color_primary_text_inverse.xml to /Users/enayat/Documents/DeepEyeUnlocker/app/build/intermediates/merged_res/release/color_material_personalized_color_primary_text_inverse.xml.flat
Compiling xml file /Users/enayat/.gradle/caches/8.12/transforms/a0ef34c79403f3354ffefc4722ee38e0/transformed/appcompat-1.6.1/res/drawable/abc_list_selector_holo_dark.xml to /Users/enayat/Documents/DeepEyeUnlocker/app/build/intermediates/merged_res/release/drawable_abc_list_selector_holo_dark.xml.flat
Compiling xml file /Users/enayat/.gradle/caches/8.12/transforms/77ac0f39ae7f2e03d321be88fee5ac34/transformed/material-1.11.0/res/color/material_on_primary_emphasis_high_type.xml to /Users/enayat/Documents/DeepEyeUnlocker/app/build/intermediates/merged_res/release/color_material_on_primary_emphasis_high_type.xml.flat
Compiling xml file /Users/enayat/.gradle/caches/8.12/transforms/77ac0f39ae7f2e03d321be88fee5ac34/transformed/material-1.11.0/res/drawable/mtrl_switch_thumb_pressed.xml to /Users/enayat/Documents/DeepEyeUnlocker/app/build/intermediates/merged_res/release/drawable_mtrl_switch_thumb_pressed.xml.flat
Compiling xml file /Users/enayat/.gradle/caches/8.12/transforms/77ac0f39ae7f2e03d321be88fee5ac34/transformed/material-1.11.0/res/drawable/material_ic_keyboard_arrow_right_black_24dp.xml to /Users/enayat/Documents/DeepEyeUnlocker/app/build/intermediates/merged_res/release/drawable_material_ic_keyboard_arrow_right_black_24dp.xml.flat
Compiling xml file /Users/enayat/.gradle/caches/8.12/transforms/77ac0f39ae7f2e03d321be88fee5ac34/transformed/material-1.11.0/res/color/mtrl_error.xml to /Users/enayat/Documents/DeepEyeUnlocker/app/build/intermediates/merged_res/release/color_mtrl_error.xml.flat
Compiling xml file /Users/enayat/.gradle/caches/8.12/transforms/77ac0f39ae7f2e03d321be88fee5ac34/transformed/material-1.11.0/res/color-v31/m3_dynamic_highlighted_text.xml to /Users/enayat/Documents/DeepEyeUnlocker/app/build/intermediates/merged_res/release/color-v31_m3_dynamic_highlighted_text.xml.flat
Compiling xml file /Users/enayat/.gradle/caches/8.12/transforms/77ac0f39ae7f2e03d321be88fee5ac34/transformed/material-1.11.0/res/interpolator-v21/m3_sys_motion_easing_standard_accelerate.xml to /Users/enayat/Documents/DeepEyeUnlocker/app/build/intermediates/merged_res/release/interpolator-v21_m3_sys_motion_easing_standard_accelerate.xml.flat
Compiling xml file /Users/enayat/Documents/DeepEyeUnlocker/app/src/main/res/drawable/action_card.xml to /Users/enayat/Documents/DeepEyeUnlocker/app/build/intermediates/merged_res/release/drawable_action_card.xml.flat
Compiling xml file /Users/enayat/.gradle/caches/8.12/transforms/77ac0f39ae7f2e03d321be88fee5ac34/transformed/material-1.11.0/res/anim/linear_indeterminate_line1_tail_interpolator.xml to /Users/enayat/Documents/DeepEyeUnlocker/app/build/intermediates/merged_res/release/anim_linear_indeterminate_line1_tail_interpolator.xml.flat
Compiling xml file /Users/enayat/.gradle/caches/8.12/transforms/a0ef34c79403f3354ffefc4722ee38e0/transformed/appcompat-1.6.1/res/interpolator/btn_radio_to_on_mtrl_animation_interpolator_0.xml to /Users/enayat/Documents/DeepEyeUnlocker/app/build/intermediates/merged_res/release/interpolator_btn_radio_to_on_mtrl_animation_interpolator_0.xml.flat
Compiling xml file /Users/enayat/.gradle/caches/8.12/transforms/77ac0f39ae7f2e03d321be88fee5ac34/transformed/material-1.11.0/res/color/mtrl_btn_ripple_color.xml to /Users/enayat/Documents/DeepEyeUnlocker/app/build/intermediates/merged_res/release/color_mtrl_btn_ripple_color.xml.flat
Compiling xml file /Users/enayat/.gradle/caches/8.12/transforms/77ac0f39ae7f2e03d321be88fee5ac34/transformed/material-1.11.0/res/anim-v21/design_bottom_sheet_slide_in.xml to /Users/enayat/Documents/DeepEyeUnlocker/app/build/intermediates/merged_res/release/anim-v21_design_bottom_sheet_slide_in.xml.flat
Compiling xml file /Users/enayat/.gradle/caches/8.12/transforms/77ac0f39ae7f2e03d321be88fee5ac34/transformed/material-1.11.0/res/color-v31/m3_ref_palette_dynamic_neutral_variant94.xml to /Users/enayat/Documents/DeepEyeUnlocker/app/build/intermediates/merged_res/release/color-v31_m3_ref_palette_dynamic_neutral_variant94.xml.flat
Compiling xml file /Users/enayat/Documents/DeepEyeUnlocker/app/src/main/res/drawable/brand_tab_selected.xml to /Users/enayat/Documents/DeepEyeUnlocker/app/build/intermediates/merged_res/release/drawable_brand_tab_selected.xml.flat
Compiling xml file /Users/enayat/.gradle/caches/8.12/transforms/a0ef34c79403f3354ffefc4722ee38e0/transformed/appcompat-1.6.1/res/anim/btn_checkbox_to_checked_box_inner_merged_animation.xml to /Users/enayat/Documents/DeepEyeUnlocker/app/build/intermediates/merged_res/release/anim_btn_checkbox_to_checked_box_inner_merged_animation.xml.flat
Compiling xml file /Users/enayat/Documents/DeepEyeUnlocker/app/src/main/res/menu/drawer_menu.xml to /Users/enayat/Documents/DeepEyeUnlocker/app/build/intermediates/merged_res/release/menu_drawer_menu.xml.flat
Compiling xml file /Users/enayat/.gradle/caches/8.12/transforms/77ac0f39ae7f2e03d321be88fee5ac34/transformed/material-1.11.0/res/color/m3_navigation_item_text_color.xml to /Users/enayat/Documents/DeepEyeUnlocker/app/build/intermediates/merged_res/release/color_m3_navigation_item_text_color.xml.flat
Compiling xml file /Users/enayat/.gradle/caches/8.12/transforms/3a493875aae768749cb55e1dee7b847e/transformed/fragment-1.3.6/res/animator/fragment_close_exit.xml to /Users/enayat/Documents/DeepEyeUnlocker/app/build/intermediates/merged_res/release/animator_fragment_close_exit.xml.flat
Compiling xml file /Users/enayat/.gradle/caches/8.12/transforms/a0ef34c79403f3354ffefc4722ee38e0/transformed/appcompat-1.6.1/res/layout/support_simple_spinner_dropdown_item.xml to /Users/enayat/Documents/DeepEyeUnlocker/app/build/intermediates/merged_res/release/layout_support_simple_spinner_dropdown_item.xml.flat
Compiling xml file /Users/enayat/.gradle/caches/8.12/transforms/a0ef34c79403f3354ffefc4722ee38e0/transformed/appcompat-1.6.1/res/interpolator/fast_out_slow_in.xml to /Users/enayat/Documents/DeepEyeUnlocker/app/build/intermediates/merged_res/release/interpolator_fast_out_slow_in.xml.flat
Compiling xml file /Users/enayat/.gradle/caches/8.12/transforms/77ac0f39ae7f2e03d321be88fee5ac34/transformed/material-1.11.0/res/drawable/mtrl_ic_error.xml to /Users/enayat/Documents/DeepEyeUnlocker/app/build/intermediates/merged_res/release/drawable_mtrl_ic_error.xml.flat
Compiling xml file /Users/enayat/.gradle/caches/8.12/transforms/77ac0f39ae7f2e03d321be88fee5ac34/transformed/material-1.11.0/res/layout/mtrl_picker_header_toggle.xml to /Users/enayat/Documents/DeepEyeUnlocker/app/build/intermediates/merged_res/release/layout_mtrl_picker_header_toggle.xml.flat
Compiling xml file /Users/enayat/.gradle/caches/8.12/transforms/77ac0f39ae7f2e03d321be88fee5ac34/transformed/material-1.11.0/res/color/mtrl_chip_close_icon_tint.xml to /Users/enayat/Documents/DeepEyeUnlocker/app/build/intermediates/merged_res/release/color_mtrl_chip_close_icon_tint.xml.flat
Compiling xml file /Users/enayat/.gradle/caches/8.12/transforms/77ac0f39ae7f2e03d321be88fee5ac34/transformed/material-1.11.0/res/layout/design_menu_item_action_area.xml to /Users/enayat/Documents/DeepEyeUnlocker/app/build/intermediates/merged_res/release/layout_design_menu_item_action_area.xml.flat
Compiling xml file /Users/enayat/.gradle/caches/8.12/transforms/77ac0f39ae7f2e03d321be88fee5ac34/transformed/material-1.11.0/res/color/m3_timepicker_display_text_color.xml to /Users/enayat/Documents/DeepEyeUnlocker/app/build/intermediates/merged_res/release/color_m3_timepicker_display_text_color.xml.flat
Compiling xml file /Users/enayat/.gradle/caches/8.12/transforms/77ac0f39ae7f2e03d321be88fee5ac34/transformed/material-1.11.0/res/color/m3_radiobutton_ripple_tint.xml to /Users/enayat/Documents/DeepEyeUnlocker/app/build/intermediates/merged_res/release/color_m3_radiobutton_ripple_tint.xml.flat
Compiling xml file /Users/enayat/.gradle/caches/8.12/transforms/77ac0f39ae7f2e03d321be88fee5ac34/transformed/material-1.11.0/res/color/m3_chip_ripple_color.xml to /Users/enayat/Documents/DeepEyeUnlocker/app/build/intermediates/merged_res/release/color_m3_chip_ripple_color.xml.flat
Compiling xml file /Users/enayat/.gradle/caches/8.12/transforms/a0ef34c79403f3354ffefc4722ee38e0/transformed/appcompat-1.6.1/res/anim/btn_checkbox_to_unchecked_box_inner_merged_animation.xml to /Users/enayat/Documents/DeepEyeUnlocker/app/build/intermediates/merged_res/release/anim_btn_checkbox_to_unchecked_box_inner_merged_animation.xml.flat
Compiling xml file /Users/enayat/.gradle/caches/8.12/transforms/a0ef34c79403f3354ffefc4722ee38e0/transformed/appcompat-1.6.1/res/color-v23/abc_color_highlight_material.xml to /Users/enayat/Documents/DeepEyeUnlocker/app/build/intermediates/merged_res/release/color-v23_abc_color_highlight_material.xml.flat
Compiling xml file /Users/enayat/.gradle/caches/8.12/transforms/77ac0f39ae7f2e03d321be88fee5ac34/transformed/material-1.11.0/res/anim/linear_indeterminate_line2_head_interpolator.xml to /Users/enayat/Documents/DeepEyeUnlocker/app/build/intermediates/merged_res/release/anim_linear_indeterminate_line2_head_interpolator.xml.flat
Compiling xml file /Users/enayat/.gradle/caches/8.12/transforms/a0ef34c79403f3354ffefc4722ee38e0/transformed/appcompat-1.6.1/res/drawable/abc_star_black_48dp.xml to /Users/enayat/Documents/DeepEyeUnlocker/app/build/intermediates/merged_res/release/drawable_abc_star_black_48dp.xml.flat
Compiling xml file /Users/enayat/Documents/DeepEyeUnlocker/app/src/main/res/drawable/panel_bg.xml to /Users/enayat/Documents/DeepEyeUnlocker/app/build/intermediates/merged_res/release/drawable_panel_bg.xml.flat
Compiling xml file /Users/enayat/.gradle/caches/8.12/transforms/aa5e289a5834796e7d7bdf7a293eeceb/transformed/core-1.13.1/res/drawable/notification_bg.xml to /Users/enayat/Documents/DeepEyeUnlocker/app/build/intermediates/merged_res/release/drawable_notification_bg.xml.flat
Compiling xml file /Users/enayat/.gradle/caches/8.12/transforms/a0ef34c79403f3354ffefc4722ee38e0/transformed/appcompat-1.6.1/res/drawable/tooltip_frame_light.xml to /Users/enayat/Documents/DeepEyeUnlocker/app/build/intermediates/merged_res/release/drawable_tooltip_frame_light.xml.flat
Compiling xml file /Users/enayat/.gradle/caches/8.12/transforms/77ac0f39ae7f2e03d321be88fee5ac34/transformed/material-1.11.0/res/color/mtrl_tabs_colored_ripple_color.xml to /Users/enayat/Documents/DeepEyeUnlocker/app/build/intermediates/merged_res/release/color_mtrl_tabs_colored_ripple_color.xml.flat
Compiling xml file /Users/enayat/.gradle/caches/8.12/transforms/a0ef34c79403f3354ffefc4722ee38e0/transformed/appcompat-1.6.1/res/drawable/abc_list_selector_holo_light.xml to /Users/enayat/Documents/DeepEyeUnlocker/app/build/intermediates/merged_res/release/drawable_abc_list_selector_holo_light.xml.flat
Compiling xml file /Users/enayat/.gradle/caches/8.12/transforms/77ac0f39ae7f2e03d321be88fee5ac34/transformed/material-1.11.0/res/layout/material_clockface_view.xml to /Users/enayat/Documents/DeepEyeUnlocker/app/build/intermediates/merged_res/release/layout_material_clockface_view.xml.flat
Compiling xml file /Users/enayat/.gradle/caches/8.12/transforms/77ac0f39ae7f2e03d321be88fee5ac34/transformed/material-1.11.0/res/layout/mtrl_picker_actions.xml to /Users/enayat/Documents/DeepEyeUnlocker/app/build/intermediates/merged_res/release/layout_mtrl_picker_actions.xml.flat
Compiling xml file /Users/enayat/.gradle/caches/8.12/transforms/77ac0f39ae7f2e03d321be88fee5ac34/transformed/material-1.11.0/res/anim/m3_motion_fade_enter.xml to /Users/enayat/Documents/DeepEyeUnlocker/app/build/intermediates/merged_res/release/anim_m3_motion_fade_enter.xml.flat
Compiling xml file /Users/enayat/.gradle/caches/8.12/transforms/77ac0f39ae7f2e03d321be88fee5ac34/transformed/material-1.11.0/res/drawable/mtrl_checkbox_button_icon_checked_unchecked.xml to /Users/enayat/Documents/DeepEyeUnlocker/app/build/intermediates/merged_res/release/drawable_mtrl_checkbox_button_icon_checked_unchecked.xml.flat
Compiling xml file /Users/enayat/.gradle/caches/8.12/transforms/77ac0f39ae7f2e03d321be88fee5ac34/transformed/material-1.11.0/res/color-v31/m3_dynamic_hint_foreground.xml to /Users/enayat/Documents/DeepEyeUnlocker/app/build/intermediates/merged_res/release/color-v31_m3_dynamic_hint_foreground.xml.flat
Compiling xml file /Users/enayat/.gradle/caches/8.12/transforms/77ac0f39ae7f2e03d321be88fee5ac34/transformed/material-1.11.0/res/drawable/ic_search_black_24.xml to /Users/enayat/Documents/DeepEyeUnlocker/app/build/intermediates/merged_res/release/drawable_ic_search_black_24.xml.flat
Compiling xml file /Users/enayat/.gradle/caches/8.12/transforms/77ac0f39ae7f2e03d321be88fee5ac34/transformed/material-1.11.0/res/anim-v21/m3_side_sheet_enter_from_left.xml to /Users/enayat/Documents/DeepEyeUnlocker/app/build/intermediates/merged_res/release/anim-v21_m3_side_sheet_enter_from_left.xml.flat
Compiling xml file /Users/enayat/.gradle/caches/8.12/transforms/77ac0f39ae7f2e03d321be88fee5ac34/transformed/material-1.11.0/res/anim-v21/mtrl_bottom_sheet_slide_in.xml to /Users/enayat/Documents/DeepEyeUnlocker/app/build/intermediates/merged_res/release/anim-v21_mtrl_bottom_sheet_slide_in.xml.flat
Compiling xml file /Users/enayat/.gradle/caches/8.12/transforms/a0ef34c79403f3354ffefc4722ee38e0/transformed/appcompat-1.6.1/res/drawable/abc_ratingbar_indicator_material.xml to /Users/enayat/Documents/DeepEyeUnlocker/app/build/intermediates/merged_res/release/drawable_abc_ratingbar_indicator_material.xml.flat
Compiling xml file /Users/enayat/Documents/DeepEyeUnlocker/app/src/main/res/drawable/tab_unselected.xml to /Users/enayat/Documents/DeepEyeUnlocker/app/build/intermediates/merged_res/release/drawable_tab_unselected.xml.flat
Compiling xml file /Users/enayat/.gradle/caches/8.12/transforms/77ac0f39ae7f2e03d321be88fee5ac34/transformed/material-1.11.0/res/color/mtrl_navigation_bar_colored_item_tint.xml to /Users/enayat/Documents/DeepEyeUnlocker/app/build/intermediates/merged_res/release/color_mtrl_navigation_bar_colored_item_tint.xml.flat
Compiling xml file /Users/enayat/.gradle/caches/8.12/transforms/77ac0f39ae7f2e03d321be88fee5ac34/transformed/material-1.11.0/res/color/mtrl_filled_icon_tint.xml to /Users/enayat/Documents/DeepEyeUnlocker/app/build/intermediates/merged_res/release/color_mtrl_filled_icon_tint.xml.flat
Compiling xml file /Users/enayat/.gradle/caches/8.12/transforms/77ac0f39ae7f2e03d321be88fee5ac34/transformed/material-1.11.0/res/color-v31/m3_ref_palette_dynamic_neutral87.xml to /Users/enayat/Documents/DeepEyeUnlocker/app/build/intermediates/merged_res/release/color-v31_m3_ref_palette_dynamic_neutral87.xml.flat
Compiling xml file /Users/enayat/.gradle/caches/8.12/transforms/77ac0f39ae7f2e03d321be88fee5ac34/transformed/material-1.11.0/res/color/mtrl_chip_surface_color.xml to /Users/enayat/Documents/DeepEyeUnlocker/app/build/intermediates/merged_res/release/color_mtrl_chip_surface_color.xml.flat
Compiling xml file /Users/enayat/.gradle/caches/8.12/transforms/77ac0f39ae7f2e03d321be88fee5ac34/transformed/material-1.11.0/res/interpolator-v21/mtrl_fast_out_linear_in.xml to /Users/enayat/Documents/DeepEyeUnlocker/app/build/intermediates/merged_res/release/interpolator-v21_mtrl_fast_out_linear_in.xml.flat
Compiling xml file /Users/enayat/.gradle/caches/8.12/transforms/77ac0f39ae7f2e03d321be88fee5ac34/transformed/material-1.11.0/res/color/material_personalized_color_secondary_text.xml to /Users/enayat/Documents/DeepEyeUnlocker/app/build/intermediates/merged_res/release/color_material_personalized_color_secondary_text.xml.flat
Compiling xml file /Users/enayat/.gradle/caches/8.12/transforms/77ac0f39ae7f2e03d321be88fee5ac34/transformed/material-1.11.0/res/layout/m3_alert_dialog_title.xml to /Users/enayat/Documents/DeepEyeUnlocker/app/build/intermediates/merged_res/release/layout_m3_alert_dialog_title.xml.flat
Compiling xml file /Users/enayat/.gradle/caches/8.12/transforms/77ac0f39ae7f2e03d321be88fee5ac34/transformed/material-1.11.0/res/animator/m3_extended_fab_hide_motion_spec.xml to /Users/enayat/Documents/DeepEyeUnlocker/app/build/intermediates/merged_res/release/animator_m3_extended_fab_hide_motion_spec.xml.flat
Compiling xml file /Users/enayat/.gradle/caches/8.12/transforms/77ac0f39ae7f2e03d321be88fee5ac34/transformed/material-1.11.0/res/color/m3_navigation_item_background_color.xml to /Users/enayat/Documents/DeepEyeUnlocker/app/build/intermediates/merged_res/release/color_m3_navigation_item_background_color.xml.flat
Compiling xml file /Users/enayat/.gradle/caches/8.12/transforms/77ac0f39ae7f2e03d321be88fee5ac34/transformed/material-1.11.0/res/animator/mtrl_extended_fab_change_size_expand_motion_spec.xml to /Users/enayat/Documents/DeepEyeUnlocker/app/build/intermediates/merged_res/release/animator_mtrl_extended_fab_change_size_expand_motion_spec.xml.flat
Compiling xml file /Users/enayat/Documents/DeepEyeUnlocker/app/src/main/res/drawable/operation_btn_normal.xml to /Users/enayat/Documents/DeepEyeUnlocker/app/build/intermediates/merged_res/release/drawable_operation_btn_normal.xml.flat
Compiling xml file /Users/enayat/.gradle/caches/8.12/transforms/77ac0f39ae7f2e03d321be88fee5ac34/transformed/material-1.11.0/res/color/m3_timepicker_button_background_color.xml to /Users/enayat/Documents/DeepEyeUnlocker/app/build/intermediates/merged_res/release/color_m3_timepicker_button_background_color.xml.flat
Compiling xml file /Users/enayat/.gradle/caches/8.12/transforms/77ac0f39ae7f2e03d321be88fee5ac34/transformed/material-1.11.0/res/color-v31/m3_ref_palette_dynamic_neutral96.xml to /Users/enayat/Documents/DeepEyeUnlocker/app/build/intermediates/merged_res/release/color-v31_m3_ref_palette_dynamic_neutral96.xml.flat
Compiling xml file /Users/enayat/.gradle/caches/8.12/transforms/a0ef34c79403f3354ffefc4722ee38e0/transformed/appcompat-1.6.1/res/drawable/abc_item_background_holo_dark.xml to /Users/enayat/Documents/DeepEyeUnlocker/app/build/intermediates/merged_res/release/drawable_abc_item_background_holo_dark.xml.flat
Compiling xml file /Users/enayat/.gradle/caches/8.12/transforms/77ac0f39ae7f2e03d321be88fee5ac34/transformed/material-1.11.0/res/color/m3_filled_icon_button_container_color_selector.xml to /Users/enayat/Documents/DeepEyeUnlocker/app/build/intermediates/merged_res/release/color_m3_filled_icon_button_container_color_selector.xml.flat
Compiling xml file /Users/enayat/.gradle/caches/8.12/transforms/77ac0f39ae7f2e03d321be88fee5ac34/transformed/material-1.11.0/res/drawable/ic_mtrl_checked_circle.xml to /Users/enayat/Documents/DeepEyeUnlocker/app/build/intermediates/merged_res/release/drawable_ic_mtrl_checked_circle.xml.flat
Compiling xml file /Users/enayat/.gradle/caches/8.12/transforms/77ac0f39ae7f2e03d321be88fee5ac34/transformed/material-1.11.0/res/layout/mtrl_picker_header_fullscreen.xml to /Users/enayat/Documents/DeepEyeUnlocker/app/build/intermediates/merged_res/release/layout_mtrl_picker_header_fullscreen.xml.flat
Compiling xml file /Users/enayat/.gradle/caches/8.12/transforms/77ac0f39ae7f2e03d321be88fee5ac34/transformed/material-1.11.0/res/layout/design_navigation_item_header.xml to /Users/enayat/Documents/DeepEyeUnlocker/app/build/intermediates/merged_res/release/layout_design_navigation_item_header.xml.flat
Compiling xml file /Users/enayat/.gradle/caches/8.12/transforms/77ac0f39ae7f2e03d321be88fee5ac34/transformed/material-1.11.0/res/layout/mtrl_calendar_months.xml to /Users/enayat/Documents/DeepEyeUnlocker/app/build/intermediates/merged_res/release/layout_mtrl_calendar_months.xml.flat
Compiling xml file /Users/enayat/.gradle/caches/8.12/transforms/77ac0f39ae7f2e03d321be88fee5ac34/transformed/material-1.11.0/res/drawable/m3_password_eye.xml to /Users/enayat/Documents/DeepEyeUnlocker/app/build/intermediates/merged_res/release/drawable_m3_password_eye.xml.flat
Compiling xml file /Users/enayat/.gradle/caches/8.12/transforms/77ac0f39ae7f2e03d321be88fee5ac34/transformed/material-1.11.0/res/anim/linear_indeterminate_line2_tail_interpolator.xml to /Users/enayat/Documents/DeepEyeUnlocker/app/build/intermediates/merged_res/release/anim_linear_indeterminate_line2_tail_interpolator.xml.flat
Compiling xml file /Users/enayat/.gradle/caches/8.12/transforms/77ac0f39ae7f2e03d321be88fee5ac34/transformed/material-1.11.0/res/layout/material_time_input.xml to /Users/enayat/Documents/DeepEyeUnlocker/app/build/intermediates/merged_res/release/layout_material_time_input.xml.flat
Compiling xml file /Users/enayat/.gradle/caches/8.12/transforms/a0ef34c79403f3354ffefc4722ee38e0/transformed/appcompat-1.6.1/res/color/abc_secondary_text_material_light.xml to /Users/enayat/Documents/DeepEyeUnlocker/app/build/intermediates/merged_res/release/color_abc_secondary_text_material_light.xml.flat
Compiling xml file /Users/enayat/.gradle/caches/8.12/transforms/77ac0f39ae7f2e03d321be88fee5ac34/transformed/material-1.11.0/res/color-v31/m3_dynamic_default_color_primary_text.xml to /Users/enayat/Documents/DeepEyeUnlocker/app/build/intermediates/merged_res/release/color-v31_m3_dynamic_default_color_primary_text.xml.flat
Compiling xml file /Users/enayat/.gradle/caches/8.12/transforms/77ac0f39ae7f2e03d321be88fee5ac34/transformed/material-1.11.0/res/layout/material_clock_display_divider.xml to /Users/enayat/Documents/DeepEyeUnlocker/app/build/intermediates/merged_res/release/layout_material_clock_display_divider.xml.flat
Compiling xml file /Users/enayat/.gradle/caches/8.12/transforms/77ac0f39ae7f2e03d321be88fee5ac34/transformed/material-1.11.0/res/drawable/design_password_eye.xml to /Users/enayat/Documents/DeepEyeUnlocker/app/build/intermediates/merged_res/release/drawable_design_password_eye.xml.flat
Compiling xml file /Users/enayat/.gradle/caches/8.12/transforms/a0ef34c79403f3354ffefc4722ee38e0/transformed/appcompat-1.6.1/res/color-v23/abc_btn_colored_borderless_text_material.xml to /Users/enayat/Documents/DeepEyeUnlocker/app/build/intermediates/merged_res/release/color-v23_abc_btn_colored_borderless_text_material.xml.flat
Compiling xml file /Users/enayat/.gradle/caches/8.12/transforms/a0ef34c79403f3354ffefc4722ee38e0/transformed/appcompat-1.6.1/res/drawable/abc_list_selector_background_transition_holo_dark.xml to /Users/enayat/Documents/DeepEyeUnlocker/app/build/intermediates/merged_res/release/drawable_abc_list_selector_background_transition_holo_dark.xml.flat
Compiling xml file /Users/enayat/.gradle/caches/8.12/transforms/77ac0f39ae7f2e03d321be88fee5ac34/transformed/material-1.11.0/res/color/mtrl_choice_chip_background_color.xml to /Users/enayat/Documents/DeepEyeUnlocker/app/build/intermediates/merged_res/release/color_mtrl_choice_chip_background_color.xml.flat
Compiling xml file /Users/enayat/.gradle/caches/8.12/transforms/a0ef34c79403f3354ffefc4722ee38e0/transformed/appcompat-1.6.1/res/drawable/abc_ic_menu_selectall_mtrl_alpha.xml to /Users/enayat/Documents/DeepEyeUnlocker/app/build/intermediates/merged_res/release/drawable_abc_ic_menu_selectall_mtrl_alpha.xml.flat
Compiling xml file /Users/enayat/.gradle/caches/8.12/transforms/77ac0f39ae7f2e03d321be88fee5ac34/transformed/material-1.11.0/res/drawable/mtrl_ic_cancel.xml to /Users/enayat/Documents/DeepEyeUnlocker/app/build/intermediates/merged_res/release/drawable_mtrl_ic_cancel.xml.flat
Compiling xml file /Users/enayat/.gradle/caches/8.12/transforms/77ac0f39ae7f2e03d321be88fee5ac34/transformed/material-1.11.0/res/drawable/mtrl_checkbox_button_unchecked_checked.xml to /Users/enayat/Documents/DeepEyeUnlocker/app/build/intermediates/merged_res/release/drawable_mtrl_checkbox_button_unchecked_checked.xml.flat
Compiling xml file /Users/enayat/Documents/DeepEyeUnlocker/app/src/main/res/layout/item_partition.xml to /Users/enayat/Documents/DeepEyeUnlocker/app/build/intermediates/merged_res/release/layout_item_partition.xml.flat
Compiling xml file /Users/enayat/.gradle/caches/8.12/transforms/77ac0f39ae7f2e03d321be88fee5ac34/transformed/material-1.11.0/res/color/m3_card_stroke_color.xml to /Users/enayat/Documents/DeepEyeUnlocker/app/build/intermediates/merged_res/release/color_m3_card_stroke_color.xml.flat
Compiling xml file /Users/enayat/.gradle/caches/8.12/transforms/77ac0f39ae7f2e03d321be88fee5ac34/transformed/material-1.11.0/res/drawable/design_fab_background.xml to /Users/enayat/Documents/DeepEyeUnlocker/app/build/intermediates/merged_res/release/drawable_design_fab_background.xml.flat
Compiling xml file /Users/enayat/.gradle/caches/8.12/transforms/a0ef34c79403f3354ffefc4722ee38e0/transformed/appcompat-1.6.1/res/layout-watch-v20/abc_alert_dialog_button_bar_material.xml to /Users/enayat/Documents/DeepEyeUnlocker/app/build/intermediates/merged_res/release/layout-watch-v20_abc_alert_dialog_button_bar_material.xml.flat
Compiling xml file /Users/enayat/.gradle/caches/8.12/transforms/77ac0f39ae7f2e03d321be88fee5ac34/transformed/material-1.11.0/res/drawable-v21/mtrl_navigation_bar_item_background.xml to /Users/enayat/Documents/DeepEyeUnlocker/app/build/intermediates/merged_res/release/drawable-v21_mtrl_navigation_bar_item_background.xml.flat
Compiling xml file /Users/enayat/.gradle/caches/8.12/transforms/77ac0f39ae7f2e03d321be88fee5ac34/transformed/material-1.11.0/res/color/mtrl_navigation_bar_item_tint.xml to /Users/enayat/Documents/DeepEyeUnlocker/app/build/intermediates/merged_res/release/color_mtrl_navigation_bar_item_tint.xml.flat
Compiling xml file /Users/enayat/.gradle/caches/8.12/transforms/77ac0f39ae7f2e03d321be88fee5ac34/transformed/material-1.11.0/res/color/mtrl_switch_track_tint.xml to /Users/enayat/Documents/DeepEyeUnlocker/app/build/intermediates/merged_res/release/color_mtrl_switch_track_tint.xml.flat
Compiling xml file /Users/enayat/Documents/DeepEyeUnlocker/app/src/main/res/drawable/operation_btn_danger.xml to /Users/enayat/Documents/DeepEyeUnlocker/app/build/intermediates/merged_res/release/drawable_operation_btn_danger.xml.flat
Compiling xml file /Users/enayat/.gradle/caches/8.12/transforms/a0ef34c79403f3354ffefc4722ee38e0/transformed/appcompat-1.6.1/res/color/abc_search_url_text.xml to /Users/enayat/Documents/DeepEyeUnlocker/app/build/intermediates/merged_res/release/color_abc_search_url_text.xml.flat
Compiling xml file /Users/enayat/.gradle/caches/8.12/transforms/77ac0f39ae7f2e03d321be88fee5ac34/transformed/material-1.11.0/res/color/m3_slider_inactive_track_color.xml to /Users/enayat/Documents/DeepEyeUnlocker/app/build/intermediates/merged_res/release/color_m3_slider_inactive_track_color.xml.flat
Compiling xml file /Users/enayat/.gradle/caches/8.12/transforms/77ac0f39ae7f2e03d321be88fee5ac34/transformed/material-1.11.0/res/color/m3_default_color_secondary_text.xml to /Users/enayat/Documents/DeepEyeUnlocker/app/build/intermediates/merged_res/release/color_m3_default_color_secondary_text.xml.flat
Compiling xml file /Users/enayat/.gradle/caches/8.12/transforms/77ac0f39ae7f2e03d321be88fee5ac34/transformed/material-1.11.0/res/animator/m3_chip_state_list_anim.xml to /Users/enayat/Documents/DeepEyeUnlocker/app/build/intermediates/merged_res/release/animator_m3_chip_state_list_anim.xml.flat
Compiling xml file /Users/enayat/.gradle/caches/8.12/transforms/77ac0f39ae7f2e03d321be88fee5ac34/transformed/material-1.11.0/res/anim-v21/mtrl_bottom_sheet_slide_out.xml to /Users/enayat/Documents/DeepEyeUnlocker/app/build/intermediates/merged_res/release/anim-v21_mtrl_bottom_sheet_slide_out.xml.flat
Compiling xml file /Users/enayat/.gradle/caches/8.12/transforms/77ac0f39ae7f2e03d321be88fee5ac34/transformed/material-1.11.0/res/color-v31/m3_ref_palette_dynamic_neutral17.xml to /Users/enayat/Documents/DeepEyeUnlocker/app/build/intermediates/merged_res/release/color-v31_m3_ref_palette_dynamic_neutral17.xml.flat
Compiling xml file /Users/enayat/.gradle/caches/8.12/transforms/77ac0f39ae7f2e03d321be88fee5ac34/transformed/material-1.11.0/res/layout/mtrl_layout_snackbar.xml to /Users/enayat/Documents/DeepEyeUnlocker/app/build/intermediates/merged_res/release/layout_mtrl_layout_snackbar.xml.flat
Compiling xml file /Users/enayat/.gradle/caches/8.12/transforms/aa5e289a5834796e7d7bdf7a293eeceb/transformed/core-1.13.1/res/layout/notification_template_part_chronometer.xml to /Users/enayat/Documents/DeepEyeUnlocker/app/build/intermediates/merged_res/release/layout_notification_template_part_chronometer.xml.flat
Compiling xml file /Users/enayat/.gradle/caches/8.12/transforms/77ac0f39ae7f2e03d321be88fee5ac34/transformed/material-1.11.0/res/color-v31/m3_ref_palette_dynamic_neutral22.xml to /Users/enayat/Documents/DeepEyeUnlocker/app/build/intermediates/merged_res/release/color-v31_m3_ref_palette_dynamic_neutral22.xml.flat
Compiling xml file /Users/enayat/.gradle/caches/8.12/transforms/77ac0f39ae7f2e03d321be88fee5ac34/transformed/material-1.11.0/res/drawable/ic_m3_chip_close.xml to /Users/enayat/Documents/DeepEyeUnlocker/app/build/intermediates/merged_res/release/drawable_ic_m3_chip_close.xml.flat
Compiling xml file /Users/enayat/.gradle/caches/8.12/transforms/77ac0f39ae7f2e03d321be88fee5ac34/transformed/material-1.11.0/res/anim/design_snackbar_out.xml to /Users/enayat/Documents/DeepEyeUnlocker/app/build/intermediates/merged_res/release/anim_design_snackbar_out.xml.flat
Compiling xml file /Users/enayat/.gradle/caches/8.12/transforms/a0ef34c79403f3354ffefc4722ee38e0/transformed/appcompat-1.6.1/res/drawable/abc_tab_indicator_material.xml to /Users/enayat/Documents/DeepEyeUnlocker/app/build/intermediates/merged_res/release/drawable_abc_tab_indicator_material.xml.flat
Compiling xml file /Users/enayat/.gradle/caches/8.12/transforms/77ac0f39ae7f2e03d321be88fee5ac34/transformed/material-1.11.0/res/color/m3_textfield_label_color.xml to /Users/enayat/Documents/DeepEyeUnlocker/app/build/intermediates/merged_res/release/color_m3_textfield_label_color.xml.flat
Compiling xml file /Users/enayat/.gradle/caches/8.12/transforms/77ac0f39ae7f2e03d321be88fee5ac34/transformed/material-1.11.0/res/color/mtrl_tabs_ripple_color.xml to /Users/enayat/Documents/DeepEyeUnlocker/app/build/intermediates/merged_res/release/color_mtrl_tabs_ripple_color.xml.flat
Compiling xml file /Users/enayat/.gradle/caches/8.12/transforms/a0ef34c79403f3354ffefc4722ee38e0/transformed/appcompat-1.6.1/res/drawable/btn_checkbox_checked_mtrl.xml to /Users/enayat/Documents/DeepEyeUnlocker/app/build/intermediates/merged_res/release/drawable_btn_checkbox_checked_mtrl.xml.flat
Compiling xml file /Users/enayat/.gradle/caches/8.12/transforms/77ac0f39ae7f2e03d321be88fee5ac34/transformed/material-1.11.0/res/layout/mtrl_alert_dialog_actions.xml to /Users/enayat/Documents/DeepEyeUnlocker/app/build/intermediates/merged_res/release/layout_mtrl_alert_dialog_actions.xml.flat
Compiling xml file /Users/enayat/.gradle/caches/8.12/transforms/77ac0f39ae7f2e03d321be88fee5ac34/transformed/material-1.11.0/res/color/material_on_primary_disabled.xml to /Users/enayat/Documents/DeepEyeUnlocker/app/build/intermediates/merged_res/release/color_material_on_primary_disabled.xml.flat
Compiling xml file /Users/enayat/.gradle/caches/8.12/transforms/77ac0f39ae7f2e03d321be88fee5ac34/transformed/material-1.11.0/res/color/m3_slider_halo_color.xml to /Users/enayat/Documents/DeepEyeUnlocker/app/build/intermediates/merged_res/release/color_m3_slider_halo_color.xml.flat
Compiling xml file /Users/enayat/.gradle/caches/8.12/transforms/77ac0f39ae7f2e03d321be88fee5ac34/transformed/material-1.11.0/res/drawable/mtrl_checkbox_button_icon_unchecked_checked.xml to /Users/enayat/Documents/DeepEyeUnlocker/app/build/intermediates/merged_res/release/drawable_mtrl_checkbox_button_icon_unchecked_checked.xml.flat
Compiling xml file /Users/enayat/.gradle/caches/8.12/transforms/77ac0f39ae7f2e03d321be88fee5ac34/transformed/material-1.11.0/res/color-v31/m3_ref_palette_dynamic_neutral_variant6.xml to /Users/enayat/Documents/DeepEyeUnlocker/app/build/intermediates/merged_res/release/color-v31_m3_ref_palette_dynamic_neutral_variant6.xml.flat
Compiling xml file /Users/enayat/.gradle/caches/8.12/transforms/77ac0f39ae7f2e03d321be88fee5ac34/transformed/material-1.11.0/res/drawable/material_ic_menu_arrow_down_black_24dp.xml to /Users/enayat/Documents/DeepEyeUnlocker/app/build/intermediates/merged_res/release/drawable_material_ic_menu_arrow_down_black_24dp.xml.flat
Compiling xml file /Users/enayat/.gradle/caches/8.12/transforms/77ac0f39ae7f2e03d321be88fee5ac34/transformed/material-1.11.0/res/layout/mtrl_calendar_month_navigation.xml to /Users/enayat/Documents/DeepEyeUnlocker/app/build/intermediates/merged_res/release/layout_mtrl_calendar_month_navigation.xml.flat
Compiling xml file /Users/enayat/.gradle/caches/8.12/transforms/a0ef34c79403f3354ffefc4722ee38e0/transformed/appcompat-1.6.1/res/drawable/btn_radio_on_mtrl.xml to /Users/enayat/Documents/DeepEyeUnlocker/app/build/intermediates/merged_res/release/drawable_btn_radio_on_mtrl.xml.flat
Compiling xml file /Users/enayat/.gradle/caches/8.12/transforms/77ac0f39ae7f2e03d321be88fee5ac34/transformed/material-1.11.0/res/layout/mtrl_picker_fullscreen.xml to /Users/enayat/Documents/DeepEyeUnlocker/app/build/intermediates/merged_res/release/layout_mtrl_picker_fullscreen.xml.flat
Compiling xml file /Users/enayat/.gradle/caches/8.12/transforms/77ac0f39ae7f2e03d321be88fee5ac34/transformed/material-1.11.0/res/layout/mtrl_alert_select_dialog_multichoice.xml to /Users/enayat/Documents/DeepEyeUnlocker/app/build/intermediates/merged_res/release/layout_mtrl_alert_select_dialog_multichoice.xml.flat
Compiling xml file /Users/enayat/.gradle/caches/8.12/transforms/77ac0f39ae7f2e03d321be88fee5ac34/transformed/material-1.11.0/res/animator/mtrl_extended_fab_change_size_collapse_motion_spec.xml to /Users/enayat/Documents/DeepEyeUnlocker/app/build/intermediates/merged_res/release/animator_mtrl_extended_fab_change_size_collapse_motion_spec.xml.flat
Compiling xml file /Users/enayat/.gradle/caches/8.12/transforms/77ac0f39ae7f2e03d321be88fee5ac34/transformed/material-1.11.0/res/layout/design_navigation_item_separator.xml to /Users/enayat/Documents/DeepEyeUnlocker/app/build/intermediates/merged_res/release/layout_design_navigation_item_separator.xml.flat
Compiling xml file /Users/enayat/.gradle/caches/8.12/transforms/77ac0f39ae7f2e03d321be88fee5ac34/transformed/material-1.11.0/res/animator/mtrl_fab_show_motion_spec.xml to /Users/enayat/Documents/DeepEyeUnlocker/app/build/intermediates/merged_res/release/animator_mtrl_fab_show_motion_spec.xml.flat
Compiling xml file /Users/enayat/.gradle/caches/8.12/transforms/77ac0f39ae7f2e03d321be88fee5ac34/transformed/material-1.11.0/res/color/material_timepicker_clockface.xml to /Users/enayat/Documents/DeepEyeUnlocker/app/build/intermediates/merged_res/release/color_material_timepicker_clockface.xml.flat
Compiling xml file /Users/enayat/.gradle/caches/8.12/transforms/77ac0f39ae7f2e03d321be88fee5ac34/transformed/material-1.11.0/res/drawable/material_ic_keyboard_arrow_left_black_24dp.xml to /Users/enayat/Documents/DeepEyeUnlocker/app/build/intermediates/merged_res/release/drawable_material_ic_keyboard_arrow_left_black_24dp.xml.flat
Compiling xml file /Users/enayat/.gradle/caches/8.12/transforms/77ac0f39ae7f2e03d321be88fee5ac34/transformed/material-1.11.0/res/color/mtrl_outlined_icon_tint.xml to /Users/enayat/Documents/DeepEyeUnlocker/app/build/intermediates/merged_res/release/color_mtrl_outlined_icon_tint.xml.flat
Compiling xml file /Users/enayat/.gradle/caches/8.12/transforms/77ac0f39ae7f2e03d321be88fee5ac34/transformed/material-1.11.0/res/color/m3_switch_thumb_tint.xml to /Users/enayat/Documents/DeepEyeUnlocker/app/build/intermediates/merged_res/release/color_m3_switch_thumb_tint.xml.flat
Compiling xml file /Users/enayat/.gradle/caches/8.12/transforms/77ac0f39ae7f2e03d321be88fee5ac34/transformed/material-1.11.0/res/anim/linear_indeterminate_line1_head_interpolator.xml to /Users/enayat/Documents/DeepEyeUnlocker/app/build/intermediates/merged_res/release/anim_linear_indeterminate_line1_head_interpolator.xml.flat
Compiling xml file /Users/enayat/.gradle/caches/8.12/transforms/77ac0f39ae7f2e03d321be88fee5ac34/transformed/material-1.11.0/res/color/mtrl_chip_background_color.xml to /Users/enayat/Documents/DeepEyeUnlocker/app/build/intermediates/merged_res/release/color_mtrl_chip_background_color.xml.flat
Compiling xml file /Users/enayat/.gradle/caches/8.12/transforms/77ac0f39ae7f2e03d321be88fee5ac34/transformed/material-1.11.0/res/layout/material_textinput_timepicker.xml to /Users/enayat/Documents/DeepEyeUnlocker/app/build/intermediates/merged_res/release/layout_material_textinput_timepicker.xml.flat
Compiling xml file /Users/enayat/.gradle/caches/8.12/transforms/77ac0f39ae7f2e03d321be88fee5ac34/transformed/material-1.11.0/res/color/m3_timepicker_button_text_color.xml to /Users/enayat/Documents/DeepEyeUnlocker/app/build/intermediates/merged_res/release/color_m3_timepicker_button_text_color.xml.flat
Compiling xml file /Users/enayat/.gradle/caches/8.12/transforms/a0ef34c79403f3354ffefc4722ee38e0/transformed/appcompat-1.6.1/res/color/abc_secondary_text_material_dark.xml to /Users/enayat/Documents/DeepEyeUnlocker/app/build/intermediates/merged_res/release/color_abc_secondary_text_material_dark.xml.flat
Compiling xml file /Users/enayat/.gradle/caches/8.12/transforms/a0ef34c79403f3354ffefc4722ee38e0/transformed/appcompat-1.6.1/res/drawable/abc_ic_go_search_api_material.xml to /Users/enayat/Documents/DeepEyeUnlocker/app/build/intermediates/merged_res/release/drawable_abc_ic_go_search_api_material.xml.flat
Compiling xml file /Users/enayat/.gradle/caches/8.12/transforms/77ac0f39ae7f2e03d321be88fee5ac34/transformed/material-1.11.0/res/color/material_personalized_color_primary_text.xml to /Users/enayat/Documents/DeepEyeUnlocker/app/build/intermediates/merged_res/release/color_material_personalized_color_primary_text.xml.flat
Compiling xml file /Users/enayat/.gradle/caches/8.12/transforms/77ac0f39ae7f2e03d321be88fee5ac34/transformed/material-1.11.0/res/layout/mtrl_calendar_day.xml to /Users/enayat/Documents/DeepEyeUnlocker/app/build/intermediates/merged_res/release/layout_mtrl_calendar_day.xml.flat
Compiling xml file /Users/enayat/.gradle/caches/8.12/transforms/77ac0f39ae7f2e03d321be88fee5ac34/transformed/material-1.11.0/res/animator/mtrl_btn_state_list_anim.xml to /Users/enayat/Documents/DeepEyeUnlocker/app/build/intermediates/merged_res/release/animator_mtrl_btn_state_list_anim.xml.flat
Compiling xml file /Users/enayat/.gradle/caches/8.12/transforms/77ac0f39ae7f2e03d321be88fee5ac34/transformed/material-1.11.0/res/color/m3_navigation_item_ripple_color.xml to /Users/enayat/Documents/DeepEyeUnlocker/app/build/intermediates/merged_res/release/color_m3_navigation_item_ripple_color.xml.flat
Compiling xml file /Users/enayat/.gradle/caches/8.12/transforms/77ac0f39ae7f2e03d321be88fee5ac34/transformed/material-1.11.0/res/color/mtrl_fab_ripple_color.xml to /Users/enayat/Documents/DeepEyeUnlocker/app/build/intermediates/merged_res/release/color_mtrl_fab_ripple_color.xml.flat
Compiling xml file /Users/enayat/.gradle/caches/8.12/transforms/77ac0f39ae7f2e03d321be88fee5ac34/transformed/material-1.11.0/res/drawable/ic_m3_chip_checked_circle.xml to /Users/enayat/Documents/DeepEyeUnlocker/app/build/intermediates/merged_res/release/drawable_ic_m3_chip_checked_circle.xml.flat
Compiling xml file /Users/enayat/.gradle/caches/8.12/transforms/a0ef34c79403f3354ffefc4722ee38e0/transformed/appcompat-1.6.1/res/layout/abc_action_mode_bar.xml to /Users/enayat/Documents/DeepEyeUnlocker/app/build/intermediates/merged_res/release/layout_abc_action_mode_bar.xml.flat
Compiling xml file /Users/enayat/.gradle/caches/8.12/transforms/77ac0f39ae7f2e03d321be88fee5ac34/transformed/material-1.11.0/res/color/mtrl_btn_text_btn_bg_color_selector.xml to /Users/enayat/Documents/DeepEyeUnlocker/app/build/intermediates/merged_res/release/color_mtrl_btn_text_btn_bg_color_selector.xml.flat
Compiling xml file /Users/enayat/.gradle/caches/8.12/transforms/a0ef34c79403f3354ffefc4722ee38e0/transformed/appcompat-1.6.1/res/drawable/abc_cab_background_top_material.xml to /Users/enayat/Documents/DeepEyeUnlocker/app/build/intermediates/merged_res/release/drawable_abc_cab_background_top_material.xml.flat
Compiling xml file /Users/enayat/.gradle/caches/8.12/transforms/77ac0f39ae7f2e03d321be88fee5ac34/transformed/material-1.11.0/res/drawable/m3_avd_hide_password.xml to /Users/enayat/Documents/DeepEyeUnlocker/app/build/intermediates/merged_res/release/drawable_m3_avd_hide_password.xml.flat
Compiling xml file /Users/enayat/.gradle/caches/8.12/transforms/aa5e289a5834796e7d7bdf7a293eeceb/transformed/core-1.13.1/res/layout-v21/notification_template_custom_big.xml to /Users/enayat/Documents/DeepEyeUnlocker/app/build/intermediates/merged_res/release/layout-v21_notification_template_custom_big.xml.flat
Compiling xml file /Users/enayat/.gradle/caches/8.12/transforms/a0ef34c79403f3354ffefc4722ee38e0/transformed/appcompat-1.6.1/res/anim/abc_shrink_fade_out_from_bottom.xml to /Users/enayat/Documents/DeepEyeUnlocker/app/build/intermediates/merged_res/release/anim_abc_shrink_fade_out_from_bottom.xml.flat
Compiling xml file /Users/enayat/.gradle/caches/8.12/transforms/aa5e289a5834796e7d7bdf7a293eeceb/transformed/core-1.13.1/res/layout/custom_dialog.xml to /Users/enayat/Documents/DeepEyeUnlocker/app/build/intermediates/merged_res/release/layout_custom_dialog.xml.flat
Compiling xml file /Users/enayat/.gradle/caches/8.12/transforms/77ac0f39ae7f2e03d321be88fee5ac34/transformed/material-1.11.0/res/color/material_personalized__highlighted_text_inverse.xml to /Users/enayat/Documents/DeepEyeUnlocker/app/build/intermediates/merged_res/release/color_material_personalized__highlighted_text_inverse.xml.flat
Compiling xml file /Users/enayat/.gradle/caches/8.12/transforms/77ac0f39ae7f2e03d321be88fee5ac34/transformed/material-1.11.0/res/layout/mtrl_navigation_rail_item.xml to /Users/enayat/Documents/DeepEyeUnlocker/app/build/intermediates/merged_res/release/layout_mtrl_navigation_rail_item.xml.flat
Compiling xml file /Users/enayat/.gradle/caches/8.12/transforms/a0ef34c79403f3354ffefc4722ee38e0/transformed/appcompat-1.6.1/res/anim/abc_slide_in_top.xml to /Users/enayat/Documents/DeepEyeUnlocker/app/build/intermediates/merged_res/release/anim_abc_slide_in_top.xml.flat
Compiling xml file /Users/enayat/.gradle/caches/8.12/transforms/a0ef34c79403f3354ffefc4722ee38e0/transformed/appcompat-1.6.1/res/anim/btn_checkbox_to_unchecked_icon_null_animation.xml to /Users/enayat/Documents/DeepEyeUnlocker/app/build/intermediates/merged_res/release/anim_btn_checkbox_to_unchecked_icon_null_animation.xml.flat
Compiling xml file /Users/enayat/.gradle/caches/8.12/transforms/77ac0f39ae7f2e03d321be88fee5ac34/transformed/material-1.11.0/res/drawable/mtrl_bottomsheet_drag_handle.xml to /Users/enayat/Documents/DeepEyeUnlocker/app/build/intermediates/merged_res/release/drawable_mtrl_bottomsheet_drag_handle.xml.flat
Compiling xml file /Users/enayat/.gradle/caches/8.12/transforms/77ac0f39ae7f2e03d321be88fee5ac34/transformed/material-1.11.0/res/interpolator-v21/m3_sys_motion_easing_emphasized_decelerate.xml to /Users/enayat/Documents/DeepEyeUnlocker/app/build/intermediates/merged_res/release/interpolator-v21_m3_sys_motion_easing_emphasized_decelerate.xml.flat
Compiling xml file /Users/enayat/.gradle/caches/8.12/transforms/77ac0f39ae7f2e03d321be88fee5ac34/transformed/material-1.11.0/res/color-v31/m3_dynamic_dark_primary_text_disable_only.xml to /Users/enayat/Documents/DeepEyeUnlocker/app/build/intermediates/merged_res/release/color-v31_m3_dynamic_dark_primary_text_disable_only.xml.flat
Compiling xml file /Users/enayat/.gradle/caches/8.12/transforms/77ac0f39ae7f2e03d321be88fee5ac34/transformed/material-1.11.0/res/drawable-v23/m3_selection_control_ripple.xml to /Users/enayat/Documents/DeepEyeUnlocker/app/build/intermediates/merged_res/release/drawable-v23_m3_selection_control_ripple.xml.flat
Compiling xml file /Users/enayat/.gradle/caches/8.12/transforms/77ac0f39ae7f2e03d321be88fee5ac34/transformed/material-1.11.0/res/color/m3_icon_button_icon_color_selector.xml to /Users/enayat/Documents/DeepEyeUnlocker/app/build/intermediates/merged_res/release/color_m3_icon_button_icon_color_selector.xml.flat
Compiling xml file /Users/enayat/.gradle/caches/8.12/transforms/77ac0f39ae7f2e03d321be88fee5ac34/transformed/material-1.11.0/res/layout/mtrl_picker_header_dialog.xml to /Users/enayat/Documents/DeepEyeUnlocker/app/build/intermediates/merged_res/release/layout_mtrl_picker_header_dialog.xml.flat
Compiling xml file /Users/enayat/.gradle/caches/8.12/transforms/77ac0f39ae7f2e03d321be88fee5ac34/transformed/material-1.11.0/res/color-v31/m3_dynamic_dark_hint_foreground.xml to /Users/enayat/Documents/DeepEyeUnlocker/app/build/intermediates/merged_res/release/color-v31_m3_dynamic_dark_hint_foreground.xml.flat
Compiling xml file /Users/enayat/.gradle/caches/8.12/transforms/77ac0f39ae7f2e03d321be88fee5ac34/transformed/material-1.11.0/res/color/m3_default_color_primary_text.xml to /Users/enayat/Documents/DeepEyeUnlocker/app/build/intermediates/merged_res/release/color_m3_default_color_primary_text.xml.flat
Compiling xml file /Users/enayat/.gradle/caches/8.12/transforms/aa5e289a5834796e7d7bdf7a293eeceb/transformed/core-1.13.1/res/layout/ime_secondary_split_test_activity.xml to /Users/enayat/Documents/DeepEyeUnlocker/app/build/intermediates/merged_res/release/layout_ime_secondary_split_test_activity.xml.flat
Compiling xml file /Users/enayat/.gradle/caches/8.12/transforms/a0ef34c79403f3354ffefc4722ee38e0/transformed/appcompat-1.6.1/res/drawable/abc_btn_check_material.xml to /Users/enayat/Documents/DeepEyeUnlocker/app/build/intermediates/merged_res/release/drawable_abc_btn_check_material.xml.flat
Compiling xml file /Users/enayat/.gradle/caches/8.12/transforms/77ac0f39ae7f2e03d321be88fee5ac34/transformed/material-1.11.0/res/color/m3_timepicker_display_ripple_color.xml to /Users/enayat/Documents/DeepEyeUnlocker/app/build/intermediates/merged_res/release/color_m3_timepicker_display_ripple_color.xml.flat
Compiling xml file /Users/enayat/.gradle/caches/8.12/transforms/77ac0f39ae7f2e03d321be88fee5ac34/transformed/material-1.11.0/res/drawable/mtrl_checkbox_button_icon_indeterminate_unchecked.xml to /Users/enayat/Documents/DeepEyeUnlocker/app/build/intermediates/merged_res/release/drawable_mtrl_checkbox_button_icon_indeterminate_unchecked.xml.flat
Compiling xml file /Users/enayat/.gradle/caches/8.12/transforms/77ac0f39ae7f2e03d321be88fee5ac34/transformed/material-1.11.0/res/interpolator-v21/m3_sys_motion_easing_emphasized.xml to /Users/enayat/Documents/DeepEyeUnlocker/app/build/intermediates/merged_res/release/interpolator-v21_m3_sys_motion_easing_emphasized.xml.flat
Compiling xml file /Users/enayat/.gradle/caches/8.12/transforms/a0ef34c79403f3354ffefc4722ee38e0/transformed/appcompat-1.6.1/res/drawable/btn_checkbox_unchecked_mtrl.xml to /Users/enayat/Documents/DeepEyeUnlocker/app/build/intermediates/merged_res/release/drawable_btn_checkbox_unchecked_mtrl.xml.flat
Compiling xml file /Users/enayat/.gradle/caches/8.12/transforms/77ac0f39ae7f2e03d321be88fee5ac34/transformed/material-1.11.0/res/layout/mtrl_layout_snackbar_include.xml to /Users/enayat/Documents/DeepEyeUnlocker/app/build/intermediates/merged_res/release/layout_mtrl_layout_snackbar_include.xml.flat
Compiling xml file /Users/enayat/.gradle/caches/8.12/transforms/77ac0f39ae7f2e03d321be88fee5ac34/transformed/material-1.11.0/res/drawable/mtrl_ic_arrow_drop_down.xml to /Users/enayat/Documents/DeepEyeUnlocker/app/build/intermediates/merged_res/release/drawable_mtrl_ic_arrow_drop_down.xml.flat
Compiling xml file /Users/enayat/.gradle/caches/8.12/transforms/77ac0f39ae7f2e03d321be88fee5ac34/transformed/material-1.11.0/res/color/m3_slider_active_track_color.xml to /Users/enayat/Documents/DeepEyeUnlocker/app/build/intermediates/merged_res/release/color_m3_slider_active_track_color.xml.flat
Compiling xml file /Users/enayat/.gradle/caches/8.12/transforms/77ac0f39ae7f2e03d321be88fee5ac34/transformed/material-1.11.0/res/color/m3_elevated_chip_background_color.xml to /Users/enayat/Documents/DeepEyeUnlocker/app/build/intermediates/merged_res/release/color_m3_elevated_chip_background_color.xml.flat
Compiling xml file /Users/enayat/.gradle/caches/8.12/transforms/77ac0f39ae7f2e03d321be88fee5ac34/transformed/material-1.11.0/res/color/m3_text_button_ripple_color_selector.xml to /Users/enayat/Documents/DeepEyeUnlocker/app/build/intermediates/merged_res/release/color_m3_text_button_ripple_color_selector.xml.flat
Compiling xml file /Users/enayat/.gradle/caches/8.12/transforms/77ac0f39ae7f2e03d321be88fee5ac34/transformed/material-1.11.0/res/drawable/ic_mtrl_chip_checked_circle.xml to /Users/enayat/Documents/DeepEyeUnlocker/app/build/intermediates/merged_res/release/drawable_ic_mtrl_chip_checked_circle.xml.flat
Compiling xml file /Users/enayat/.gradle/caches/8.12/transforms/77ac0f39ae7f2e03d321be88fee5ac34/transformed/material-1.11.0/res/color/m3_radiobutton_button_tint.xml to /Users/enayat/Documents/DeepEyeUnlocker/app/build/intermediates/merged_res/release/color_m3_radiobutton_button_tint.xml.flat
Compiling xml file /Users/enayat/.gradle/caches/8.12/transforms/77ac0f39ae7f2e03d321be88fee5ac34/transformed/material-1.11.0/res/layout/design_text_input_start_icon.xml to /Users/enayat/Documents/DeepEyeUnlocker/app/build/intermediates/merged_res/release/layout_design_text_input_start_icon.xml.flat
Compiling xml file /Users/enayat/.gradle/caches/8.12/transforms/a0ef34c79403f3354ffefc4722ee38e0/transformed/appcompat-1.6.1/res/layout-watch-v20/abc_alert_dialog_title_material.xml to /Users/enayat/Documents/DeepEyeUnlocker/app/build/intermediates/merged_res/release/layout-watch-v20_abc_alert_dialog_title_material.xml.flat
Compiling xml file /Users/enayat/.gradle/caches/8.12/transforms/3a493875aae768749cb55e1dee7b847e/transformed/fragment-1.3.6/res/animator/fragment_close_enter.xml to /Users/enayat/Documents/DeepEyeUnlocker/app/build/intermediates/merged_res/release/animator_fragment_close_enter.xml.flat
Compiling xml file /Users/enayat/Documents/DeepEyeUnlocker/app/src/main/res/anim/slide_in_up.xml to /Users/enayat/Documents/DeepEyeUnlocker/app/build/intermediates/merged_res/release/anim_slide_in_up.xml.flat
Compiling xml file /Users/enayat/.gradle/caches/8.12/transforms/aa5e289a5834796e7d7bdf7a293eeceb/transformed/core-1.13.1/res/drawable/notification_tile_bg.xml to /Users/enayat/Documents/DeepEyeUnlocker/app/build/intermediates/merged_res/release/drawable_notification_tile_bg.xml.flat
Compiling xml file /Users/enayat/.gradle/caches/8.12/transforms/77ac0f39ae7f2e03d321be88fee5ac34/transformed/material-1.11.0/res/animator/mtrl_extended_fab_hide_motion_spec.xml to /Users/enayat/Documents/DeepEyeUnlocker/app/build/intermediates/merged_res/release/animator_mtrl_extended_fab_hide_motion_spec.xml.flat
Compiling xml file /Users/enayat/Documents/DeepEyeUnlocker/app/src/main/res/drawable/button_secondary.xml to /Users/enayat/Documents/DeepEyeUnlocker/app/build/intermediates/merged_res/release/drawable_button_secondary.xml.flat
Compiling xml file /Users/enayat/.gradle/caches/8.12/transforms/77ac0f39ae7f2e03d321be88fee5ac34/transformed/material-1.11.0/res/interpolator-v21/m3_sys_motion_easing_emphasized_accelerate.xml to /Users/enayat/Documents/DeepEyeUnlocker/app/build/intermediates/merged_res/release/interpolator-v21_m3_sys_motion_easing_emphasized_accelerate.xml.flat
Compiling xml file /Users/enayat/.gradle/caches/8.12/transforms/77ac0f39ae7f2e03d321be88fee5ac34/transformed/material-1.11.0/res/animator/mtrl_card_state_list_anim.xml to /Users/enayat/Documents/DeepEyeUnlocker/app/build/intermediates/merged_res/release/animator_mtrl_card_state_list_anim.xml.flat
Compiling xml file /Users/enayat/.gradle/caches/8.12/transforms/77ac0f39ae7f2e03d321be88fee5ac34/transformed/material-1.11.0/res/drawable/m3_tabs_line_indicator.xml to /Users/enayat/Documents/DeepEyeUnlocker/app/build/intermediates/merged_res/release/drawable_m3_tabs_line_indicator.xml.flat
Compiling xml file /Users/enayat/.gradle/caches/8.12/transforms/77ac0f39ae7f2e03d321be88fee5ac34/transformed/material-1.11.0/res/layout/material_clockface_textview.xml to /Users/enayat/Documents/DeepEyeUnlocker/app/build/intermediates/merged_res/release/layout_material_clockface_textview.xml.flat
Compiling xml file /Users/enayat/.gradle/caches/8.12/transforms/77ac0f39ae7f2e03d321be88fee5ac34/transformed/material-1.11.0/res/drawable/avd_hide_password.xml to /Users/enayat/Documents/DeepEyeUnlocker/app/build/intermediates/merged_res/release/drawable_avd_hide_password.xml.flat
Compiling xml file /Users/enayat/.gradle/caches/8.12/transforms/77ac0f39ae7f2e03d321be88fee5ac34/transformed/material-1.11.0/res/color/m3_chip_stroke_color.xml to /Users/enayat/Documents/DeepEyeUnlocker/app/build/intermediates/merged_res/release/color_m3_chip_stroke_color.xml.flat
Compiling xml file /Users/enayat/.gradle/caches/8.12/transforms/77ac0f39ae7f2e03d321be88fee5ac34/transformed/material-1.11.0/res/color/mtrl_choice_chip_ripple_color.xml to /Users/enayat/Documents/DeepEyeUnlocker/app/build/intermediates/merged_res/release/color_mtrl_choice_chip_ripple_color.xml.flat
Compiling xml file /Users/enayat/.gradle/caches/8.12/transforms/77ac0f39ae7f2e03d321be88fee5ac34/transformed/material-1.11.0/res/drawable/mtrl_switch_thumb_pressed_unchecked.xml to /Users/enayat/Documents/DeepEyeUnlocker/app/build/intermediates/merged_res/release/drawable_mtrl_switch_thumb_pressed_unchecked.xml.flat
Compiling xml file /Users/enayat/.gradle/caches/8.12/transforms/77ac0f39ae7f2e03d321be88fee5ac34/transformed/material-1.11.0/res/color/mtrl_tabs_icon_color_selector.xml to /Users/enayat/Documents/DeepEyeUnlocker/app/build/intermediates/merged_res/release/color_mtrl_tabs_icon_color_selector.xml.flat
Compiling xml file /Users/enayat/.gradle/caches/8.12/transforms/77ac0f39ae7f2e03d321be88fee5ac34/transformed/material-1.11.0/res/color/material_timepicker_clock_text_color.xml to /Users/enayat/Documents/DeepEyeUnlocker/app/build/intermediates/merged_res/release/color_material_timepicker_clock_text_color.xml.flat
Compiling xml file /Users/enayat/.gradle/caches/8.12/transforms/77ac0f39ae7f2e03d321be88fee5ac34/transformed/material-1.11.0/res/drawable/mtrl_checkbox_button_icon_indeterminate_checked.xml to /Users/enayat/Documents/DeepEyeUnlocker/app/build/intermediates/merged_res/release/drawable_mtrl_checkbox_button_icon_indeterminate_checked.xml.flat
Compiling xml file /Users/enayat/.gradle/caches/8.12/transforms/a0ef34c79403f3354ffefc4722ee38e0/transformed/appcompat-1.6.1/res/drawable-v21/abc_edit_text_material.xml to /Users/enayat/Documents/DeepEyeUnlocker/app/build/intermediates/merged_res/release/drawable-v21_abc_edit_text_material.xml.flat
Compiling xml file /Users/enayat/.gradle/caches/8.12/transforms/a0ef34c79403f3354ffefc4722ee38e0/transformed/appcompat-1.6.1/res/layout/abc_popup_menu_header_item_layout.xml to /Users/enayat/Documents/DeepEyeUnlocker/app/build/intermediates/merged_res/release/layout_abc_popup_menu_header_item_layout.xml.flat
Compiling xml file /Users/enayat/.gradle/caches/8.12/transforms/77ac0f39ae7f2e03d321be88fee5ac34/transformed/material-1.11.0/res/color/material_on_primary_emphasis_medium.xml to /Users/enayat/Documents/DeepEyeUnlocker/app/build/intermediates/merged_res/release/color_material_on_primary_emphasis_medium.xml.flat
Compiling xml file /Users/enayat/.gradle/caches/8.12/transforms/a0ef34c79403f3354ffefc4722ee38e0/transformed/appcompat-1.6.1/res/color-v23/abc_tint_seek_thumb.xml to /Users/enayat/Documents/DeepEyeUnlocker/app/build/intermediates/merged_res/release/color-v23_abc_tint_seek_thumb.xml.flat
Compiling xml file /Users/enayat/.gradle/caches/8.12/transforms/77ac0f39ae7f2e03d321be88fee5ac34/transformed/material-1.11.0/res/color/mtrl_chip_text_color.xml to /Users/enayat/Documents/DeepEyeUnlocker/app/build/intermediates/merged_res/release/color_mtrl_chip_text_color.xml.flat
Compiling xml file /Users/enayat/.gradle/caches/8.12/transforms/a0ef34c79403f3354ffefc4722ee38e0/transformed/appcompat-1.6.1/res/drawable/abc_ic_voice_search_api_material.xml to /Users/enayat/Documents/DeepEyeUnlocker/app/build/intermediates/merged_res/release/drawable_abc_ic_voice_search_api_material.xml.flat
Compiling xml file /Users/enayat/.gradle/caches/8.12/transforms/a0ef34c79403f3354ffefc4722ee38e0/transformed/appcompat-1.6.1/res/interpolator/btn_radio_to_off_mtrl_animation_interpolator_0.xml to /Users/enayat/Documents/DeepEyeUnlocker/app/build/intermediates/merged_res/release/interpolator_btn_radio_to_off_mtrl_animation_interpolator_0.xml.flat
Compiling xml file /Users/enayat/.gradle/caches/8.12/transforms/77ac0f39ae7f2e03d321be88fee5ac34/transformed/material-1.11.0/res/layout/design_bottom_sheet_dialog.xml to /Users/enayat/Documents/DeepEyeUnlocker/app/build/intermediates/merged_res/release/layout_design_bottom_sheet_dialog.xml.flat
Compiling xml file /Users/enayat/.gradle/caches/8.12/transforms/77ac0f39ae7f2e03d321be88fee5ac34/transformed/material-1.11.0/res/color/m3_textfield_input_text_color.xml to /Users/enayat/Documents/DeepEyeUnlocker/app/build/intermediates/merged_res/release/color_m3_textfield_input_text_color.xml.flat
Compiling xml file /Users/enayat/.gradle/caches/8.12/transforms/77ac0f39ae7f2e03d321be88fee5ac34/transformed/material-1.11.0/res/color/design_error.xml to /Users/enayat/Documents/DeepEyeUnlocker/app/build/intermediates/merged_res/release/color_design_error.xml.flat
Compiling xml file /Users/enayat/.gradle/caches/8.12/transforms/a0ef34c79403f3354ffefc4722ee38e0/transformed/appcompat-1.6.1/res/drawable-v21/abc_btn_colored_material.xml to /Users/enayat/Documents/DeepEyeUnlocker/app/build/intermediates/merged_res/release/drawable-v21_abc_btn_colored_material.xml.flat
Compiling xml file /Users/enayat/.gradle/caches/8.12/transforms/a0ef34c79403f3354ffefc4722ee38e0/transformed/appcompat-1.6.1/res/color/switch_thumb_material_light.xml to /Users/enayat/Documents/DeepEyeUnlocker/app/build/intermediates/merged_res/release/color_switch_thumb_material_light.xml.flat
Compiling xml file /Users/enayat/.gradle/caches/8.12/transforms/a0ef34c79403f3354ffefc4722ee38e0/transformed/appcompat-1.6.1/res/drawable/abc_seekbar_track_material.xml to /Users/enayat/Documents/DeepEyeUnlocker/app/build/intermediates/merged_res/release/drawable_abc_seekbar_track_material.xml.flat
Compiling xml file /Users/enayat/.gradle/caches/8.12/transforms/77ac0f39ae7f2e03d321be88fee5ac34/transformed/material-1.11.0/res/drawable-v23/mtrl_popupmenu_background_overlay.xml to /Users/enayat/Documents/DeepEyeUnlocker/app/build/intermediates/merged_res/release/drawable-v23_mtrl_popupmenu_background_overlay.xml.flat
Compiling xml file /Users/enayat/.gradle/caches/8.12/transforms/77ac0f39ae7f2e03d321be88fee5ac34/transformed/material-1.11.0/res/color/material_personalized__highlighted_text.xml to /Users/enayat/Documents/DeepEyeUnlocker/app/build/intermediates/merged_res/release/color_material_personalized__highlighted_text.xml.flat
Compiling xml file /Users/enayat/Documents/DeepEyeUnlocker/app/src/main/res/drawable/brand_tab_unselected.xml to /Users/enayat/Documents/DeepEyeUnlocker/app/build/intermediates/merged_res/release/drawable_brand_tab_unselected.xml.flat
Compiling xml file /Users/enayat/.gradle/caches/8.12/transforms/77ac0f39ae7f2e03d321be88fee5ac34/transformed/material-1.11.0/res/color/material_personalized_color_secondary_text_inverse.xml to /Users/enayat/Documents/DeepEyeUnlocker/app/build/intermediates/merged_res/release/color_material_personalized_color_secondary_text_inverse.xml.flat
Compiling xml file /Users/enayat/.gradle/caches/8.12/transforms/81c730f0b78d0edef66fb58a857078f5/transformed/jetified-ui-release/res/color/vector_tint_color.xml to /Users/enayat/Documents/DeepEyeUnlocker/app/build/intermediates/merged_res/release/color_vector_tint_color.xml.flat
Compiling xml file /Users/enayat/.gradle/caches/8.12/transforms/77ac0f39ae7f2e03d321be88fee5ac34/transformed/material-1.11.0/res/color/material_personalized_primary_text_disable_only.xml to /Users/enayat/Documents/DeepEyeUnlocker/app/build/intermediates/merged_res/release/color_material_personalized_primary_text_disable_only.xml.flat
Compiling xml file /Users/enayat/Documents/DeepEyeUnlocker/app/src/main/res/mipmap-anydpi-v26/ic_launcher.xml to /Users/enayat/Documents/DeepEyeUnlocker/app/build/intermediates/merged_res/release/mipmap-anydpi-v26_ic_launcher.xml.flat
Compiling xml file /Users/enayat/.gradle/caches/8.12/transforms/a0ef34c79403f3354ffefc4722ee38e0/transformed/appcompat-1.6.1/res/color/abc_hint_foreground_material_light.xml to /Users/enayat/Documents/DeepEyeUnlocker/app/build/intermediates/merged_res/release/color_abc_hint_foreground_material_light.xml.flat
Compiling xml file /Users/enayat/.gradle/caches/8.12/transforms/77ac0f39ae7f2e03d321be88fee5ac34/transformed/material-1.11.0/res/color/mtrl_switch_thumb_tint.xml to /Users/enayat/Documents/DeepEyeUnlocker/app/build/intermediates/merged_res/release/color_mtrl_switch_thumb_tint.xml.flat
Compiling xml file /Users/enayat/.gradle/caches/8.12/transforms/77ac0f39ae7f2e03d321be88fee5ac34/transformed/material-1.11.0/res/animator/design_fab_show_motion_spec.xml to /Users/enayat/Documents/DeepEyeUnlocker/app/build/intermediates/merged_res/release/animator_design_fab_show_motion_spec.xml.flat
Compiling xml file /Users/enayat/.gradle/caches/8.12/transforms/77ac0f39ae7f2e03d321be88fee5ac34/transformed/material-1.11.0/res/color-v31/m3_dynamic_primary_text_disable_only.xml to /Users/enayat/Documents/DeepEyeUnlocker/app/build/intermediates/merged_res/release/color-v31_m3_dynamic_primary_text_disable_only.xml.flat
Compiling xml file /Users/enayat/Documents/DeepEyeUnlocker/app/src/main/res/layout/item_model.xml to /Users/enayat/Documents/DeepEyeUnlocker/app/build/intermediates/merged_res/release/layout_item_model.xml.flat
Compiling xml file /Users/enayat/.gradle/caches/8.12/transforms/77ac0f39ae7f2e03d321be88fee5ac34/transformed/material-1.11.0/res/color/mtrl_indicator_text_color.xml to /Users/enayat/Documents/DeepEyeUnlocker/app/build/intermediates/merged_res/release/color_mtrl_indicator_text_color.xml.flat
Compiling xml file /Users/enayat/.gradle/caches/8.12/transforms/77ac0f39ae7f2e03d321be88fee5ac34/transformed/material-1.11.0/res/interpolator-v21/mtrl_linear_out_slow_in.xml to /Users/enayat/Documents/DeepEyeUnlocker/app/build/intermediates/merged_res/release/interpolator-v21_mtrl_linear_out_slow_in.xml.flat
Compiling xml file /Users/enayat/.gradle/caches/8.12/transforms/a0ef34c79403f3354ffefc4722ee38e0/transformed/appcompat-1.6.1/res/layout/abc_action_mode_close_item_material.xml to /Users/enayat/Documents/DeepEyeUnlocker/app/build/intermediates/merged_res/release/layout_abc_action_mode_close_item_material.xml.flat
Compiling xml file /Users/enayat/.gradle/caches/8.12/transforms/3a493875aae768749cb55e1dee7b847e/transformed/fragment-1.3.6/res/anim-v21/fragment_fast_out_extra_slow_in.xml to /Users/enayat/Documents/DeepEyeUnlocker/app/build/intermediates/merged_res/release/anim-v21_fragment_fast_out_extra_slow_in.xml.flat
Compiling xml file /Users/enayat/.gradle/caches/8.12/transforms/77ac0f39ae7f2e03d321be88fee5ac34/transformed/material-1.11.0/res/color/m3_calendar_item_disabled_text.xml to /Users/enayat/Documents/DeepEyeUnlocker/app/build/intermediates/merged_res/release/color_m3_calendar_item_disabled_text.xml.flat
Compiling xml file /Users/enayat/.gradle/caches/8.12/transforms/77ac0f39ae7f2e03d321be88fee5ac34/transformed/material-1.11.0/res/layout/mtrl_picker_header_selection_text.xml to /Users/enayat/Documents/DeepEyeUnlocker/app/build/intermediates/merged_res/release/layout_mtrl_picker_header_selection_text.xml.flat
Compiling xml file /Users/enayat/.gradle/caches/8.12/transforms/a0ef34c79403f3354ffefc4722ee38e0/transformed/appcompat-1.6.1/res/color-v23/abc_tint_spinner.xml to /Users/enayat/Documents/DeepEyeUnlocker/app/build/intermediates/merged_res/release/color-v23_abc_tint_spinner.xml.flat
Compiling xml file /Users/enayat/.gradle/caches/8.12/transforms/a0ef34c79403f3354ffefc4722ee38e0/transformed/appcompat-1.6.1/res/anim/btn_radio_to_on_mtrl_ring_outer_path_animation.xml to /Users/enayat/Documents/DeepEyeUnlocker/app/build/intermediates/merged_res/release/anim_btn_radio_to_on_mtrl_ring_outer_path_animation.xml.flat
Compiling xml file /Users/enayat/.gradle/caches/8.12/transforms/77ac0f39ae7f2e03d321be88fee5ac34/transformed/material-1.11.0/res/animator/mtrl_fab_hide_motion_spec.xml to /Users/enayat/Documents/DeepEyeUnlocker/app/build/intermediates/merged_res/release/animator_mtrl_fab_hide_motion_spec.xml.flat
Compiling xml file /Users/enayat/.gradle/caches/8.12/transforms/a0ef34c79403f3354ffefc4722ee38e0/transformed/appcompat-1.6.1/res/color-v23/abc_tint_switch_track.xml to /Users/enayat/Documents/DeepEyeUnlocker/app/build/intermediates/merged_res/release/color-v23_abc_tint_switch_track.xml.flat
Compiling xml file /Users/enayat/.gradle/caches/8.12/transforms/a0ef34c79403f3354ffefc4722ee38e0/transformed/appcompat-1.6.1/res/drawable-v21/abc_dialog_material_background.xml to /Users/enayat/Documents/DeepEyeUnlocker/app/build/intermediates/merged_res/release/drawable-v21_abc_dialog_material_background.xml.flat
Compiling xml file /Users/enayat/.gradle/caches/8.12/transforms/77ac0f39ae7f2e03d321be88fee5ac34/transformed/material-1.11.0/res/anim/m3_motion_fade_exit.xml to /Users/enayat/Documents/DeepEyeUnlocker/app/build/intermediates/merged_res/release/anim_m3_motion_fade_exit.xml.flat
Compiling xml file /Users/enayat/.gradle/caches/8.12/transforms/77ac0f39ae7f2e03d321be88fee5ac34/transformed/material-1.11.0/res/drawable/mtrl_dropdown_arrow.xml to /Users/enayat/Documents/DeepEyeUnlocker/app/build/intermediates/merged_res/release/drawable_mtrl_dropdown_arrow.xml.flat
Compiling xml file /Users/enayat/.gradle/caches/8.12/transforms/77ac0f39ae7f2e03d321be88fee5ac34/transformed/material-1.11.0/res/color-v31/m3_ref_palette_dynamic_neutral98.xml to /Users/enayat/Documents/DeepEyeUnlocker/app/build/intermediates/merged_res/release/color-v31_m3_ref_palette_dynamic_neutral98.xml.flat
Compiling xml file /Users/enayat/.gradle/caches/8.12/transforms/77ac0f39ae7f2e03d321be88fee5ac34/transformed/material-1.11.0/res/color-v31/m3_ref_palette_dynamic_neutral92.xml to /Users/enayat/Documents/DeepEyeUnlocker/app/build/intermediates/merged_res/release/color-v31_m3_ref_palette_dynamic_neutral92.xml.flat
Compiling xml file /Users/enayat/.gradle/caches/8.12/transforms/77ac0f39ae7f2e03d321be88fee5ac34/transformed/material-1.11.0/res/color-night-v8/material_timepicker_button_stroke.xml to /Users/enayat/Documents/DeepEyeUnlocker/app/build/intermediates/merged_res/release/color-night-v8_material_timepicker_button_stroke.xml.flat
Compiling xml file /Users/enayat/.gradle/caches/8.12/transforms/77ac0f39ae7f2e03d321be88fee5ac34/transformed/material-1.11.0/res/color/m3_slider_thumb_color.xml to /Users/enayat/Documents/DeepEyeUnlocker/app/build/intermediates/merged_res/release/color_m3_slider_thumb_color.xml.flat
Compiling xml file /Users/enayat/.gradle/caches/8.12/transforms/77ac0f39ae7f2e03d321be88fee5ac34/transformed/material-1.11.0/res/drawable/material_ic_calendar_black_24dp.xml to /Users/enayat/Documents/DeepEyeUnlocker/app/build/intermediates/merged_res/release/drawable_material_ic_calendar_black_24dp.xml.flat
Compiling xml file /Users/enayat/.gradle/caches/8.12/transforms/43dd3487e4a65f10fd895170d8cfc6fa/transformed/jetified-core-splashscreen-1.0.1/res/layout/splash_screen_view.xml to /Users/enayat/Documents/DeepEyeUnlocker/app/build/intermediates/merged_res/release/layout_splash_screen_view.xml.flat
Compiling xml file /Users/enayat/.gradle/caches/8.12/transforms/43dd3487e4a65f10fd895170d8cfc6fa/transformed/jetified-core-splashscreen-1.0.1/res/drawable-v23/compat_splash_screen.xml to /Users/enayat/Documents/DeepEyeUnlocker/app/build/intermediates/merged_res/release/drawable-v23_compat_splash_screen.xml.flat
Compiling xml file /Users/enayat/.gradle/caches/8.12/transforms/77ac0f39ae7f2e03d321be88fee5ac34/transformed/material-1.11.0/res/color-v31/m3_ref_palette_dynamic_neutral24.xml to /Users/enayat/Documents/DeepEyeUnlocker/app/build/intermediates/merged_res/release/color-v31_m3_ref_palette_dynamic_neutral24.xml.flat
Compiling xml file /Users/enayat/.gradle/caches/8.12/transforms/77ac0f39ae7f2e03d321be88fee5ac34/transformed/material-1.11.0/res/color/material_on_surface_emphasis_medium.xml to /Users/enayat/Documents/DeepEyeUnlocker/app/build/intermediates/merged_res/release/color_material_on_surface_emphasis_medium.xml.flat
Compiling xml file /Users/enayat/.gradle/caches/8.12/transforms/a0ef34c79403f3354ffefc4722ee38e0/transformed/appcompat-1.6.1/res/anim/abc_tooltip_exit.xml to /Users/enayat/Documents/DeepEyeUnlocker/app/build/intermediates/merged_res/release/anim_abc_tooltip_exit.xml.flat
Compiling xml file /Users/enayat/.gradle/caches/8.12/transforms/77ac0f39ae7f2e03d321be88fee5ac34/transformed/material-1.11.0/res/color-v31/m3_ref_palette_dynamic_neutral_variant4.xml to /Users/enayat/Documents/DeepEyeUnlocker/app/build/intermediates/merged_res/release/color-v31_m3_ref_palette_dynamic_neutral_variant4.xml.flat
Compiling xml file /Users/enayat/.gradle/caches/8.12/transforms/77ac0f39ae7f2e03d321be88fee5ac34/transformed/material-1.11.0/res/color/mtrl_navigation_bar_ripple_color.xml to /Users/enayat/Documents/DeepEyeUnlocker/app/build/intermediates/merged_res/release/color_mtrl_navigation_bar_ripple_color.xml.flat
Compiling xml file /Users/enayat/.gradle/caches/8.12/transforms/77ac0f39ae7f2e03d321be88fee5ac34/transformed/material-1.11.0/res/layout/mtrl_calendar_month_labeled.xml to /Users/enayat/Documents/DeepEyeUnlocker/app/build/intermediates/merged_res/release/layout_mtrl_calendar_month_labeled.xml.flat
Compiling xml file /Users/enayat/.gradle/caches/8.12/transforms/77ac0f39ae7f2e03d321be88fee5ac34/transformed/material-1.11.0/res/color-night-v8/material_timepicker_clockface.xml to /Users/enayat/Documents/DeepEyeUnlocker/app/build/intermediates/merged_res/release/color-night-v8_material_timepicker_clockface.xml.flat
Compiling xml file /Users/enayat/.gradle/caches/8.12/transforms/aa5e289a5834796e7d7bdf7a293eeceb/transformed/core-1.13.1/res/drawable-v21/notification_action_background.xml to /Users/enayat/Documents/DeepEyeUnlocker/app/build/intermediates/merged_res/release/drawable-v21_notification_action_background.xml.flat
AAPT2 aapt2-8.2.2-10154469-osx Daemon #0: starting
Compiling xml file /Users/enayat/.gradle/caches/8.12/transforms/77ac0f39ae7f2e03d321be88fee5ac34/transformed/material-1.11.0/res/interpolator/mtrl_linear.xml to /Users/enayat/Documents/DeepEyeUnlocker/app/build/intermediates/merged_res/release/interpolator_mtrl_linear.xml.flat
AAPT2 aapt2-8.2.2-10154469-osx Daemon #1: starting
Compiling xml file /Users/enayat/.gradle/caches/8.12/transforms/77ac0f39ae7f2e03d321be88fee5ac34/transformed/material-1.11.0/res/color/m3_timepicker_secondary_text_button_text_color.xml to /Users/enayat/Documents/DeepEyeUnlocker/app/build/intermediates/merged_res/release/color_m3_timepicker_secondary_text_button_text_color.xml.flat
Compiling xml file /Users/enayat/.gradle/caches/8.12/transforms/77ac0f39ae7f2e03d321be88fee5ac34/transformed/material-1.11.0/res/color/m3_tabs_icon_color.xml to /Users/enayat/Documents/DeepEyeUnlocker/app/build/intermediates/merged_res/release/color_m3_tabs_icon_color.xml.flat
Compiling xml file /Users/enayat/.gradle/caches/8.12/transforms/a0ef34c79403f3354ffefc4722ee38e0/transformed/appcompat-1.6.1/res/layout/abc_screen_simple.xml to /Users/enayat/Documents/DeepEyeUnlocker/app/build/intermediates/merged_res/release/layout_abc_screen_simple.xml.flat
Compiling xml file /Users/enayat/.gradle/caches/8.12/transforms/a0ef34c79403f3354ffefc4722ee38e0/transformed/appcompat-1.6.1/res/layout/abc_action_menu_layout.xml to /Users/enayat/Documents/DeepEyeUnlocker/app/build/intermediates/merged_res/release/layout_abc_action_menu_layout.xml.flat
Compiling xml file /Users/enayat/.gradle/caches/8.12/transforms/a0ef34c79403f3354ffefc4722ee38e0/transformed/appcompat-1.6.1/res/anim/btn_checkbox_to_unchecked_check_path_merged_animation.xml to /Users/enayat/Documents/DeepEyeUnlocker/app/build/intermediates/merged_res/release/anim_btn_checkbox_to_unchecked_check_path_merged_animation.xml.flat
Compiling xml file /Users/enayat/.gradle/caches/8.12/transforms/77ac0f39ae7f2e03d321be88fee5ac34/transformed/material-1.11.0/res/drawable-v21/material_cursor_drawable.xml to /Users/enayat/Documents/DeepEyeUnlocker/app/build/intermediates/merged_res/release/drawable-v21_material_cursor_drawable.xml.flat
Compiling xml file /Users/enayat/.gradle/caches/8.12/transforms/77ac0f39ae7f2e03d321be88fee5ac34/transformed/material-1.11.0/res/anim-v21/m3_side_sheet_enter_from_right.xml to /Users/enayat/Documents/DeepEyeUnlocker/app/build/intermediates/merged_res/release/anim-v21_m3_side_sheet_enter_from_right.xml.flat
Compiling xml file /Users/enayat/.gradle/caches/8.12/transforms/77ac0f39ae7f2e03d321be88fee5ac34/transformed/material-1.11.0/res/animator/mtrl_chip_state_list_anim.xml to /Users/enayat/Documents/DeepEyeUnlocker/app/build/intermediates/merged_res/release/animator_mtrl_chip_state_list_anim.xml.flat
Compiling xml file /Users/enayat/.gradle/caches/8.12/transforms/77ac0f39ae7f2e03d321be88fee5ac34/transformed/material-1.11.0/res/color/m3_dark_highlighted_text.xml to /Users/enayat/Documents/DeepEyeUnlocker/app/build/intermediates/merged_res/release/color_m3_dark_highlighted_text.xml.flat
Compiling xml file /Users/enayat/Documents/DeepEyeUnlocker/app/src/main/res/drawable/tab_selected.xml to /Users/enayat/Documents/DeepEyeUnlocker/app/build/intermediates/merged_res/release/drawable_tab_selected.xml.flat
Compiling xml file /Users/enayat/.gradle/caches/8.12/transforms/77ac0f39ae7f2e03d321be88fee5ac34/transformed/material-1.11.0/res/layout/design_navigation_menu.xml to /Users/enayat/Documents/DeepEyeUnlocker/app/build/intermediates/merged_res/release/layout_design_navigation_menu.xml.flat
Compiling xml file /Users/enayat/.gradle/caches/8.12/transforms/a0ef34c79403f3354ffefc4722ee38e0/transformed/appcompat-1.6.1/res/drawable/abc_star_half_black_48dp.xml to /Users/enayat/Documents/DeepEyeUnlocker/app/build/intermediates/merged_res/release/drawable_abc_star_half_black_48dp.xml.flat
Compiling xml file /Users/enayat/.gradle/caches/8.12/transforms/43dd3487e4a65f10fd895170d8cfc6fa/transformed/jetified-core-splashscreen-1.0.1/res/drawable-v23/compat_splash_screen_no_icon_background.xml to /Users/enayat/Documents/DeepEyeUnlocker/app/build/intermediates/merged_res/release/drawable-v23_compat_splash_screen_no_icon_background.xml.flat
Compiling xml file /Users/enayat/.gradle/caches/8.12/transforms/77ac0f39ae7f2e03d321be88fee5ac34/transformed/material-1.11.0/res/drawable/design_snackbar_background.xml to /Users/enayat/Documents/DeepEyeUnlocker/app/build/intermediates/merged_res/release/drawable_design_snackbar_background.xml.flat
Compiling xml file /Users/enayat/.gradle/caches/8.12/transforms/a0ef34c79403f3354ffefc4722ee38e0/transformed/appcompat-1.6.1/res/anim/abc_grow_fade_in_from_bottom.xml to /Users/enayat/Documents/DeepEyeUnlocker/app/build/intermediates/merged_res/release/anim_abc_grow_fade_in_from_bottom.xml.flat
Compiling xml file /Users/enayat/.gradle/caches/8.12/transforms/a0ef34c79403f3354ffefc4722ee38e0/transformed/appcompat-1.6.1/res/drawable/abc_btn_radio_material.xml to /Users/enayat/Documents/DeepEyeUnlocker/app/build/intermediates/merged_res/release/drawable_abc_btn_radio_material.xml.flat
Compiling xml file /Users/enayat/.gradle/caches/8.12/transforms/a0ef34c79403f3354ffefc4722ee38e0/transformed/appcompat-1.6.1/res/color-v23/abc_btn_colored_text_material.xml to /Users/enayat/Documents/DeepEyeUnlocker/app/build/intermediates/merged_res/release/color-v23_abc_btn_colored_text_material.xml.flat
Compiling xml file /Users/enayat/Documents/DeepEyeUnlocker/app/src/main/res/drawable/button_primary.xml to /Users/enayat/Documents/DeepEyeUnlocker/app/build/intermediates/merged_res/release/drawable_button_primary.xml.flat
Compiling xml file /Users/enayat/.gradle/caches/8.12/transforms/77ac0f39ae7f2e03d321be88fee5ac34/transformed/material-1.11.0/res/color/material_on_surface_disabled.xml to /Users/enayat/Documents/DeepEyeUnlocker/app/build/intermediates/merged_res/release/color_material_on_surface_disabled.xml.flat
Compiling xml file /Users/enayat/.gradle/caches/8.12/transforms/a0ef34c79403f3354ffefc4722ee38e0/transformed/appcompat-1.6.1/res/drawable/abc_btn_borderless_material.xml to /Users/enayat/Documents/DeepEyeUnlocker/app/build/intermediates/merged_res/release/drawable_abc_btn_borderless_material.xml.flat
Compiling xml file /Users/enayat/.gradle/caches/8.12/transforms/77ac0f39ae7f2e03d321be88fee5ac34/transformed/material-1.11.0/res/color/m3_popupmenu_overlay_color.xml to /Users/enayat/Documents/DeepEyeUnlocker/app/build/intermediates/merged_res/release/color_m3_popupmenu_overlay_color.xml.flat
Compiling xml file /Users/enayat/.gradle/caches/8.12/transforms/77ac0f39ae7f2e03d321be88fee5ac34/transformed/material-1.11.0/res/anim-v21/design_bottom_sheet_slide_out.xml to /Users/enayat/Documents/DeepEyeUnlocker/app/build/intermediates/merged_res/release/anim-v21_design_bottom_sheet_slide_out.xml.flat
Compiling xml file /Users/enayat/.gradle/caches/8.12/transforms/aa5e289a5834796e7d7bdf7a293eeceb/transformed/core-1.13.1/res/drawable-anydpi-v21/ic_call_decline_low.xml to /Users/enayat/Documents/DeepEyeUnlocker/app/build/intermediates/merged_res/release/drawable-anydpi-v21_ic_call_decline_low.xml.flat
Compiling xml file /Users/enayat/.gradle/caches/8.12/transforms/77ac0f39ae7f2e03d321be88fee5ac34/transformed/material-1.11.0/res/color/material_on_background_emphasis_medium.xml to /Users/enayat/Documents/DeepEyeUnlocker/app/build/intermediates/merged_res/release/color_material_on_background_emphasis_medium.xml.flat
Compiling xml file /Users/enayat/.gradle/caches/8.12/transforms/77ac0f39ae7f2e03d321be88fee5ac34/transformed/material-1.11.0/res/color/m3_navigation_bar_item_with_indicator_label_tint.xml to /Users/enayat/Documents/DeepEyeUnlocker/app/build/intermediates/merged_res/release/color_m3_navigation_bar_item_with_indicator_label_tint.xml.flat
Compiling file /Users/enayat/.gradle/caches/8.12/transforms/fd567b63c82f90781e472031870d57cf/transformed/jetified-haze-release/res/drawable-nodpi-v4/haze_noise.webp to /Users/enayat/Documents/DeepEyeUnlocker/app/build/intermediates/merged_res/release/drawable-nodpi-v4_haze_noise.webp.flat
Compiling xml file /Users/enayat/.gradle/caches/8.12/transforms/77ac0f39ae7f2e03d321be88fee5ac34/transformed/material-1.11.0/res/layout/mtrl_calendar_vertical.xml to /Users/enayat/Documents/DeepEyeUnlocker/app/build/intermediates/merged_res/release/layout_mtrl_calendar_vertical.xml.flat

Overflow detected (type: OPERATING_SYSTEM) for watched path '/Users/enayat/Documents/DeepEyeUnlocker', invalidating
Not watching anything anymore

> Task :app:mergeReleaseResources
AAPT2 aapt2-8.2.2-10154469-osx Daemon #2: starting
Compiling XML table /Users/enayat/Documents/DeepEyeUnlocker/app/build/intermediates/incremental/release/mergeReleaseResources/merged.dir/values-watch-v20/values-watch-v20.xml to /Users/enayat/Documents/DeepEyeUnlocker/app/build/intermediates/merged_res/release/values-watch-v20_values-watch-v20.arsc.flat
Compiling XML table /Users/enayat/Documents/DeepEyeUnlocker/app/build/intermediates/incremental/release/mergeReleaseResources/merged.dir/values-h320dp-port-v13/values-h320dp-port-v13.xml to /Users/enayat/Documents/DeepEyeUnlocker/app/build/intermediates/merged_res/release/values-h320dp-port-v13_values-h320dp-port-v13.arsc.flat
Compiling XML table /Users/enayat/Documents/DeepEyeUnlocker/app/build/intermediates/incremental/release/mergeReleaseResources/merged.dir/values-ldltr-v21/values-ldltr-v21.xml to /Users/enayat/Documents/DeepEyeUnlocker/app/build/intermediates/merged_res/release/values-ldltr-v21_values-ldltr-v21.arsc.flat
Compiling XML table /Users/enayat/Documents/DeepEyeUnlocker/app/build/intermediates/incremental/release/mergeReleaseResources/merged.dir/values-w320dp-land-v13/values-w320dp-land-v13.xml to /Users/enayat/Documents/DeepEyeUnlocker/app/build/intermediates/merged_res/release/values-w320dp-land-v13_values-w320dp-land-v13.arsc.flat
Compiling XML table /Users/enayat/Documents/DeepEyeUnlocker/app/build/intermediates/incremental/release/mergeReleaseResources/merged.dir/values-am/values-am.xml to /Users/enayat/Documents/DeepEyeUnlocker/app/build/intermediates/merged_res/release/values-am_values-am.arsc.flat
Compiling XML table /Users/enayat/Documents/DeepEyeUnlocker/app/build/intermediates/incremental/release/mergeReleaseResources/merged.dir/values-as/values-as.xml to /Users/enayat/Documents/DeepEyeUnlocker/app/build/intermediates/merged_res/release/values-as_values-as.arsc.flat
Compiling XML table /Users/enayat/Documents/DeepEyeUnlocker/app/build/intermediates/incremental/release/mergeReleaseResources/merged.dir/values-ja/values-ja.xml to /Users/enayat/Documents/DeepEyeUnlocker/app/build/intermediates/merged_res/release/values-ja_values-ja.arsc.flat
Compiling XML table /Users/enayat/Documents/DeepEyeUnlocker/app/build/intermediates/incremental/release/mergeReleaseResources/merged.dir/values-v24/values-v24.xml to /Users/enayat/Documents/DeepEyeUnlocker/app/build/intermediates/merged_res/release/values-v24_values-v24.arsc.flat
Compiling XML table /Users/enayat/Documents/DeepEyeUnlocker/app/build/intermediates/incremental/release/mergeReleaseResources/merged.dir/values-zu/values-zu.xml to /Users/enayat/Documents/DeepEyeUnlocker/app/build/intermediates/merged_res/release/values-zu_values-zu.arsc.flat
Compiling XML table /Users/enayat/Documents/DeepEyeUnlocker/app/build/intermediates/incremental/release/mergeReleaseResources/merged.dir/values-ro/values-ro.xml to /Users/enayat/Documents/DeepEyeUnlocker/app/build/intermediates/merged_res/release/values-ro_values-ro.arsc.flat
Compiling XML table /Users/enayat/Documents/DeepEyeUnlocker/app/build/intermediates/incremental/release/mergeReleaseResources/merged.dir/values-ru/values-ru.xml to /Users/enayat/Documents/DeepEyeUnlocker/app/build/intermediates/merged_res/release/values-ru_values-ru.arsc.flat
Compiling XML table /Users/enayat/Documents/DeepEyeUnlocker/app/build/intermediates/incremental/release/mergeReleaseResources/merged.dir/values-bs/values-bs.xml to /Users/enayat/Documents/DeepEyeUnlocker/app/build/intermediates/merged_res/release/values-bs_values-bs.arsc.flat
Compiling XML table /Users/enayat/Documents/DeepEyeUnlocker/app/build/intermediates/incremental/release/mergeReleaseResources/merged.dir/values-si/values-si.xml to /Users/enayat/Documents/DeepEyeUnlocker/app/build/intermediates/merged_res/release/values-si_values-si.arsc.flat
Compiling XML table /Users/enayat/Documents/DeepEyeUnlocker/app/build/intermediates/incremental/release/mergeReleaseResources/merged.dir/values-sq/values-sq.xml to /Users/enayat/Documents/DeepEyeUnlocker/app/build/intermediates/merged_res/release/values-sq_values-sq.arsc.flat
Compiling XML table /Users/enayat/Documents/DeepEyeUnlocker/app/build/intermediates/incremental/release/mergeReleaseResources/merged.dir/values-km/values-km.xml to /Users/enayat/Documents/DeepEyeUnlocker/app/build/intermediates/merged_res/release/values-km_values-km.arsc.flat
Compiling XML table /Users/enayat/Documents/DeepEyeUnlocker/app/build/intermediates/incremental/release/mergeReleaseResources/merged.dir/values-sw/values-sw.xml to /Users/enayat/Documents/DeepEyeUnlocker/app/build/intermediates/merged_res/release/values-sw_values-sw.arsc.flat
Compiling XML table /Users/enayat/Documents/DeepEyeUnlocker/app/build/intermediates/incremental/release/mergeReleaseResources/merged.dir/values-cs/values-cs.xml to /Users/enayat/Documents/DeepEyeUnlocker/app/build/intermediates/merged_res/release/values-cs_values-cs.arsc.flat
Compiling XML table /Users/enayat/Documents/DeepEyeUnlocker/app/build/intermediates/incremental/release/mergeReleaseResources/merged.dir/values-tl/values-tl.xml to /Users/enayat/Documents/DeepEyeUnlocker/app/build/intermediates/merged_res/release/values-tl_values-tl.arsc.flat
Compiling XML table /Users/enayat/Documents/DeepEyeUnlocker/app/build/intermediates/incremental/release/mergeReleaseResources/merged.dir/values-en-rAU/values-en-rAU.xml to /Users/enayat/Documents/DeepEyeUnlocker/app/build/intermediates/merged_res/release/values-en-rAU_values-en-rAU.arsc.flat
Compiling XML table /Users/enayat/Documents/DeepEyeUnlocker/app/build/intermediates/incremental/release/mergeReleaseResources/merged.dir/values-lv/values-lv.xml to /Users/enayat/Documents/DeepEyeUnlocker/app/build/intermediates/merged_res/release/values-lv_values-lv.arsc.flat
Compiling XML table /Users/enayat/Documents/DeepEyeUnlocker/app/build/intermediates/incremental/release/mergeReleaseResources/merged.dir/values-uk/values-uk.xml to /Users/enayat/Documents/DeepEyeUnlocker/app/build/intermediates/merged_res/release/values-uk_values-uk.arsc.flat
Compiling XML table /Users/enayat/Documents/DeepEyeUnlocker/app/build/intermediates/incremental/release/mergeReleaseResources/merged.dir/values-mn/values-mn.xml to /Users/enayat/Documents/DeepEyeUnlocker/app/build/intermediates/merged_res/release/values-mn_values-mn.arsc.flat
Compiling XML table /Users/enayat/Documents/DeepEyeUnlocker/app/build/intermediates/incremental/release/mergeReleaseResources/merged.dir/values-ms/values-ms.xml to /Users/enayat/Documents/DeepEyeUnlocker/app/build/intermediates/merged_res/release/values-ms_values-ms.arsc.flat
Compiling XML table /Users/enayat/Documents/DeepEyeUnlocker/app/build/intermediates/incremental/release/mergeReleaseResources/merged.dir/values-es/values-es.xml to /Users/enayat/Documents/DeepEyeUnlocker/app/build/intermediates/merged_res/release/values-es_values-es.arsc.flat
Compiling XML table /Users/enayat/Documents/DeepEyeUnlocker/app/build/intermediates/incremental/release/mergeReleaseResources/merged.dir/values-w400dp-port-v13/values-w400dp-port-v13.xml to /Users/enayat/Documents/DeepEyeUnlocker/app/build/intermediates/merged_res/release/values-w400dp-port-v13_values-w400dp-port-v13.arsc.flat
Compiling XML table /Users/enayat/Documents/DeepEyeUnlocker/app/build/intermediates/incremental/release/mergeReleaseResources/merged.dir/values-night-v8/values-night-v8.xml to /Users/enayat/Documents/DeepEyeUnlocker/app/build/intermediates/merged_res/release/values-night-v8_values-night-v8.arsc.flat
Compiling XML table /Users/enayat/Documents/DeepEyeUnlocker/app/build/intermediates/incremental/release/mergeReleaseResources/merged.dir/values-zh-rCN/values-zh-rCN.xml to /Users/enayat/Documents/DeepEyeUnlocker/app/build/intermediates/merged_res/release/values-zh-rCN_values-zh-rCN.arsc.flat
Compiling XML table /Users/enayat/Documents/DeepEyeUnlocker/app/build/intermediates/incremental/release/mergeReleaseResources/merged.dir/values-large-v4/values-large-v4.xml to /Users/enayat/Documents/DeepEyeUnlocker/app/build/intermediates/merged_res/release/values-large-v4_values-large-v4.arsc.flat
Compiling XML table /Users/enayat/Documents/DeepEyeUnlocker/app/build/intermediates/incremental/release/mergeReleaseResources/merged.dir/values-small-v4/values-small-v4.xml to /Users/enayat/Documents/DeepEyeUnlocker/app/build/intermediates/merged_res/release/values-small-v4_values-small-v4.arsc.flat
Compiling XML table /Users/enayat/Documents/DeepEyeUnlocker/app/build/intermediates/incremental/release/mergeReleaseResources/merged.dir/values-gu/values-gu.xml to /Users/enayat/Documents/DeepEyeUnlocker/app/build/intermediates/merged_res/release/values-gu_values-gu.arsc.flat
Compiling xml file /Users/enayat/Documents/DeepEyeUnlocker/app/src/main/res/drawable/glow_indicator_offline.xml to /Users/enayat/Documents/DeepEyeUnlocker/app/build/intermediates/merged_res/release/drawable_glow_indicator_offline.xml.flat
Compiling xml file /Users/enayat/.gradle/caches/8.12/transforms/77ac0f39ae7f2e03d321be88fee5ac34/transformed/material-1.11.0/res/color/m3_dark_default_color_secondary_text.xml to /Users/enayat/Documents/DeepEyeUnlocker/app/build/intermediates/merged_res/release/color_m3_dark_default_color_secondary_text.xml.flat
Compiling xml file /Users/enayat/.gradle/caches/8.12/transforms/77ac0f39ae7f2e03d321be88fee5ac34/transformed/material-1.11.0/res/drawable/ic_keyboard_black_24dp.xml to /Users/enayat/Documents/DeepEyeUnlocker/app/build/intermediates/merged_res/release/drawable_ic_keyboard_black_24dp.xml.flat
Compiling xml file /Users/enayat/.gradle/caches/8.12/transforms/a0ef34c79403f3354ffefc4722ee38e0/transformed/appcompat-1.6.1/res/layout/abc_tooltip.xml to /Users/enayat/Documents/DeepEyeUnlocker/app/build/intermediates/merged_res/release/layout_abc_tooltip.xml.flat
Compiling xml file /Users/enayat/.gradle/caches/8.12/transforms/a0ef34c79403f3354ffefc4722ee38e0/transformed/appcompat-1.6.1/res/anim/abc_tooltip_enter.xml to /Users/enayat/Documents/DeepEyeUnlocker/app/build/intermediates/merged_res/release/anim_abc_tooltip_enter.xml.flat
Compiling xml file /Users/enayat/.gradle/caches/8.12/transforms/a0ef34c79403f3354ffefc4722ee38e0/transformed/appcompat-1.6.1/res/anim/btn_radio_to_off_mtrl_dot_group_animation.xml to /Users/enayat/Documents/DeepEyeUnlocker/app/build/intermediates/merged_res/release/anim_btn_radio_to_off_mtrl_dot_group_animation.xml.flat
Compiling xml file /Users/enayat/.gradle/caches/8.12/transforms/77ac0f39ae7f2e03d321be88fee5ac34/transformed/material-1.11.0/res/color/mtrl_choice_chip_text_color.xml to /Users/enayat/Documents/DeepEyeUnlocker/app/build/intermediates/merged_res/release/color_mtrl_choice_chip_text_color.xml.flat
Compiling xml file /Users/enayat/.gradle/caches/8.12/transforms/77ac0f39ae7f2e03d321be88fee5ac34/transformed/material-1.11.0/res/drawable/mtrl_tabs_default_indicator.xml to /Users/enayat/Documents/DeepEyeUnlocker/app/build/intermediates/merged_res/release/drawable_mtrl_tabs_default_indicator.xml.flat
Compiling xml file /Users/enayat/.gradle/caches/8.12/transforms/77ac0f39ae7f2e03d321be88fee5ac34/transformed/material-1.11.0/res/layout/material_time_chip.xml to /Users/enayat/Documents/DeepEyeUnlocker/app/build/intermediates/merged_res/release/layout_material_time_chip.xml.flat
Compiling xml file /Users/enayat/.gradle/caches/8.12/transforms/a0ef34c79403f3354ffefc4722ee38e0/transformed/appcompat-1.6.1/res/anim/btn_radio_to_off_mtrl_ring_outer_animation.xml to /Users/enayat/Documents/DeepEyeUnlocker/app/build/intermediates/merged_res/release/anim_btn_radio_to_off_mtrl_ring_outer_animation.xml.flat
Compiling xml file /Users/enayat/.gradle/caches/8.12/transforms/aa5e289a5834796e7d7bdf7a293eeceb/transformed/core-1.13.1/res/layout-v21/notification_template_icon_group.xml to /Users/enayat/Documents/DeepEyeUnlocker/app/build/intermediates/merged_res/release/layout-v21_notification_template_icon_group.xml.flat
Compiling xml file /Users/enayat/.gradle/caches/8.12/transforms/a0ef34c79403f3354ffefc4722ee38e0/transformed/appcompat-1.6.1/res/drawable/abc_ic_menu_overflow_material.xml to /Users/enayat/Documents/DeepEyeUnlocker/app/build/intermediates/merged_res/release/drawable_abc_ic_menu_overflow_material.xml.flat
Compiling xml file /Users/enayat/.gradle/caches/8.12/transforms/77ac0f39ae7f2e03d321be88fee5ac34/transformed/material-1.11.0/res/color/m3_assist_chip_stroke_color.xml to /Users/enayat/Documents/DeepEyeUnlocker/app/build/intermediates/merged_res/release/color_m3_assist_chip_stroke_color.xml.flat
Compiling xml file /Users/enayat/.gradle/caches/8.12/transforms/77ac0f39ae7f2e03d321be88fee5ac34/transformed/material-1.11.0/res/drawable/mtrl_switch_track.xml to /Users/enayat/Documents/DeepEyeUnlocker/app/build/intermediates/merged_res/release/drawable_mtrl_switch_track.xml.flat
Compiling xml file /Users/enayat/.gradle/caches/8.12/transforms/77ac0f39ae7f2e03d321be88fee5ac34/transformed/material-1.11.0/res/animator/m3_card_state_list_anim.xml to /Users/enayat/Documents/DeepEyeUnlocker/app/build/intermediates/merged_res/release/animator_m3_card_state_list_anim.xml.flat
Compiling xml file /Users/enayat/.gradle/caches/8.12/transforms/77ac0f39ae7f2e03d321be88fee5ac34/transformed/material-1.11.0/res/drawable/mtrl_switch_thumb_unchecked_pressed.xml to /Users/enayat/Documents/DeepEyeUnlocker/app/build/intermediates/merged_res/release/drawable_mtrl_switch_thumb_unchecked_pressed.xml.flat
Compiling xml file /Users/enayat/.gradle/caches/8.12/transforms/77ac0f39ae7f2e03d321be88fee5ac34/transformed/material-1.11.0/res/animator-v21/m3_appbar_state_list_animator.xml to /Users/enayat/Documents/DeepEyeUnlocker/app/build/intermediates/merged_res/release/animator-v21_m3_appbar_state_list_animator.xml.flat
Compiling xml file /Users/enayat/.gradle/caches/8.12/transforms/77ac0f39ae7f2e03d321be88fee5ac34/transformed/material-1.11.0/res/color-v31/m3_ref_palette_dynamic_neutral_variant12.xml to /Users/enayat/Documents/DeepEyeUnlocker/app/build/intermediates/merged_res/release/color-v31_m3_ref_palette_dynamic_neutral_variant12.xml.flat
Compiling xml file /Users/enayat/.gradle/caches/8.12/transforms/77ac0f39ae7f2e03d321be88fee5ac34/transformed/material-1.11.0/res/color/m3_tabs_ripple_color.xml to /Users/enayat/Documents/DeepEyeUnlocker/app/build/intermediates/merged_res/release/color_m3_tabs_ripple_color.xml.flat
Compiling xml file /Users/enayat/.gradle/caches/8.12/transforms/77ac0f39ae7f2e03d321be88fee5ac34/transformed/material-1.11.0/res/layout-land/material_clock_period_toggle_land.xml to /Users/enayat/Documents/DeepEyeUnlocker/app/build/intermediates/merged_res/release/layout-land_material_clock_period_toggle_land.xml.flat
Compiling xml file /Users/enayat/Documents/DeepEyeUnlocker/app/src/main/res/drawable/ic_launcher_foreground.xml to /Users/enayat/Documents/DeepEyeUnlocker/app/build/intermediates/merged_res/release/drawable_ic_launcher_foreground.xml.flat
Compiling xml file /Users/enayat/.gradle/caches/8.12/transforms/77ac0f39ae7f2e03d321be88fee5ac34/transformed/material-1.11.0/res/animator/m3_extended_fab_change_size_expand_motion_spec.xml to /Users/enayat/Documents/DeepEyeUnlocker/app/build/intermediates/merged_res/release/animator_m3_extended_fab_change_size_expand_motion_spec.xml.flat
Compiling xml file /Users/enayat/.gradle/caches/8.12/transforms/3a493875aae768749cb55e1dee7b847e/transformed/fragment-1.3.6/res/animator/fragment_open_enter.xml to /Users/enayat/Documents/DeepEyeUnlocker/app/build/intermediates/merged_res/release/animator_fragment_open_enter.xml.flat
Compiling xml file /Users/enayat/Documents/DeepEyeUnlocker/app/src/main/res/drawable/button_outline.xml to /Users/enayat/Documents/DeepEyeUnlocker/app/build/intermediates/merged_res/release/drawable_button_outline.xml.flat
Compiling xml file /Users/enayat/.gradle/caches/8.12/transforms/77ac0f39ae7f2e03d321be88fee5ac34/transformed/material-1.11.0/res/color/mtrl_navigation_item_background_color.xml to /Users/enayat/Documents/DeepEyeUnlocker/app/build/intermediates/merged_res/release/color_mtrl_navigation_item_background_color.xml.flat
Compiling xml file /Users/enayat/.gradle/caches/8.12/transforms/77ac0f39ae7f2e03d321be88fee5ac34/transformed/material-1.11.0/res/color-v31/m3_ref_palette_dynamic_neutral_variant92.xml to /Users/enayat/Documents/DeepEyeUnlocker/app/build/intermediates/merged_res/release/color-v31_m3_ref_palette_dynamic_neutral_variant92.xml.flat
Compiling xml file /Users/enayat/.gradle/caches/8.12/transforms/77ac0f39ae7f2e03d321be88fee5ac34/transformed/material-1.11.0/res/color-v31/m3_ref_palette_dynamic_neutral_variant24.xml to /Users/enayat/Documents/DeepEyeUnlocker/app/build/intermediates/merged_res/release/color-v31_m3_ref_palette_dynamic_neutral_variant24.xml.flat
Compiling xml file /Users/enayat/.gradle/caches/8.12/transforms/77ac0f39ae7f2e03d321be88fee5ac34/transformed/material-1.11.0/res/color/m3_navigation_rail_item_with_indicator_icon_tint.xml to /Users/enayat/Documents/DeepEyeUnlocker/app/build/intermediates/merged_res/release/color_m3_navigation_rail_item_with_indicator_icon_tint.xml.flat
Compiling xml file /Users/enayat/Documents/DeepEyeUnlocker/app/src/main/res/drawable/terminal_bg.xml to /Users/enayat/Documents/DeepEyeUnlocker/app/build/intermediates/merged_res/release/drawable_terminal_bg.xml.flat
Compiling xml file /Users/enayat/.gradle/caches/8.12/transforms/77ac0f39ae7f2e03d321be88fee5ac34/transformed/material-1.11.0/res/color/material_on_background_emphasis_high_type.xml to /Users/enayat/Documents/DeepEyeUnlocker/app/build/intermediates/merged_res/release/color_material_on_background_emphasis_high_type.xml.flat
Compiling xml file /Users/enayat/.gradle/caches/8.12/transforms/77ac0f39ae7f2e03d321be88fee5ac34/transformed/material-1.11.0/res/color/mtrl_tabs_icon_color_selector_colored.xml to /Users/enayat/Documents/DeepEyeUnlocker/app/build/intermediates/merged_res/release/color_mtrl_tabs_icon_color_selector_colored.xml.flat
Compiling xml file /Users/enayat/.gradle/caches/8.12/transforms/77ac0f39ae7f2e03d321be88fee5ac34/transformed/material-1.11.0/res/drawable/mtrl_ic_checkbox_checked.xml to /Users/enayat/Documents/DeepEyeUnlocker/app/build/intermediates/merged_res/release/drawable_mtrl_ic_checkbox_checked.xml.flat
Compiling xml file /Users/enayat/.gradle/caches/8.12/transforms/a0ef34c79403f3354ffefc4722ee38e0/transformed/appcompat-1.6.1/res/layout/abc_list_menu_item_icon.xml to /Users/enayat/Documents/DeepEyeUnlocker/app/build/intermediates/merged_res/release/layout_abc_list_menu_item_icon.xml.flat
Compiling xml file /Users/enayat/.gradle/caches/8.12/transforms/77ac0f39ae7f2e03d321be88fee5ac34/transformed/material-1.11.0/res/color/mtrl_calendar_selected_range.xml to /Users/enayat/Documents/DeepEyeUnlocker/app/build/intermediates/merged_res/release/color_mtrl_calendar_selected_range.xml.flat
Compiling xml file /Users/enayat/.gradle/caches/8.12/transforms/a0ef34c79403f3354ffefc4722ee38e0/transformed/appcompat-1.6.1/res/color-v23/abc_tint_default.xml to /Users/enayat/Documents/DeepEyeUnlocker/app/build/intermediates/merged_res/release/color-v23_abc_tint_default.xml.flat
Compiling xml file /Users/enayat/.gradle/caches/8.12/transforms/77ac0f39ae7f2e03d321be88fee5ac34/transformed/material-1.11.0/res/color/material_slider_inactive_track_color.xml to /Users/enayat/Documents/DeepEyeUnlocker/app/build/intermediates/merged_res/release/color_material_slider_inactive_track_color.xml.flat
Compiling xml file /Users/enayat/.gradle/caches/8.12/transforms/77ac0f39ae7f2e03d321be88fee5ac34/transformed/material-1.11.0/res/layout/design_text_input_end_icon.xml to /Users/enayat/Documents/DeepEyeUnlocker/app/build/intermediates/merged_res/release/layout_design_text_input_end_icon.xml.flat
Compiling xml file /Users/enayat/.gradle/caches/8.12/transforms/77ac0f39ae7f2e03d321be88fee5ac34/transformed/material-1.11.0/res/anim-v21/m3_bottom_sheet_slide_in.xml to /Users/enayat/Documents/DeepEyeUnlocker/app/build/intermediates/merged_res/release/anim-v21_m3_bottom_sheet_slide_in.xml.flat
Compiling xml file /Users/enayat/.gradle/caches/8.12/transforms/77ac0f39ae7f2e03d321be88fee5ac34/transformed/material-1.11.0/res/layout/mtrl_search_view.xml to /Users/enayat/Documents/DeepEyeUnlocker/app/build/intermediates/merged_res/release/layout_mtrl_search_view.xml.flat
Compiling xml file /Users/enayat/.gradle/caches/8.12/transforms/77ac0f39ae7f2e03d321be88fee5ac34/transformed/material-1.11.0/res/color/m3_chip_background_color.xml to /Users/enayat/Documents/DeepEyeUnlocker/app/build/intermediates/merged_res/release/color_m3_chip_background_color.xml.flat
Compiling xml file /Users/enayat/.gradle/caches/8.12/transforms/77ac0f39ae7f2e03d321be88fee5ac34/transformed/material-1.11.0/res/drawable/design_ic_visibility.xml to /Users/enayat/Documents/DeepEyeUnlocker/app/build/intermediates/merged_res/release/drawable_design_ic_visibility.xml.flat
Compiling xml file /Users/enayat/.gradle/caches/8.12/transforms/77ac0f39ae7f2e03d321be88fee5ac34/transformed/material-1.11.0/res/animator/design_fab_hide_motion_spec.xml to /Users/enayat/Documents/DeepEyeUnlocker/app/build/intermediates/merged_res/release/animator_design_fab_hide_motion_spec.xml.flat
Compiling xml file /Users/enayat/.gradle/caches/8.12/transforms/a0ef34c79403f3354ffefc4722ee38e0/transformed/appcompat-1.6.1/res/drawable/abc_list_selector_background_transition_holo_light.xml to /Users/enayat/Documents/DeepEyeUnlocker/app/build/intermediates/merged_res/release/drawable_abc_list_selector_background_transition_holo_light.xml.flat
Compiling xml file /Users/enayat/.gradle/caches/8.12/transforms/77ac0f39ae7f2e03d321be88fee5ac34/transformed/material-1.11.0/res/drawable/m3_tabs_rounded_line_indicator.xml to /Users/enayat/Documents/DeepEyeUnlocker/app/build/intermediates/merged_res/release/drawable_m3_tabs_rounded_line_indicator.xml.flat
Compiling xml file /Users/enayat/.gradle/caches/8.12/transforms/a0ef34c79403f3354ffefc4722ee38e0/transformed/appcompat-1.6.1/res/drawable/btn_radio_off_mtrl.xml to /Users/enayat/Documents/DeepEyeUnlocker/app/build/intermediates/merged_res/release/drawable_btn_radio_off_mtrl.xml.flat
Compiling xml file /Users/enayat/.gradle/caches/8.12/transforms/a0ef34c79403f3354ffefc4722ee38e0/transformed/appcompat-1.6.1/res/drawable/test_level_drawable.xml to /Users/enayat/Documents/DeepEyeUnlocker/app/build/intermediates/merged_res/release/drawable_test_level_drawable.xml.flat
Compiling xml file /Users/enayat/.gradle/caches/8.12/transforms/77ac0f39ae7f2e03d321be88fee5ac34/transformed/material-1.11.0/res/drawable/ic_m3_chip_check.xml to /Users/enayat/Documents/DeepEyeUnlocker/app/build/intermediates/merged_res/release/drawable_ic_m3_chip_check.xml.flat
Compiling xml file /Users/enayat/.gradle/caches/8.12/transforms/a0ef34c79403f3354ffefc4722ee38e0/transformed/appcompat-1.6.1/res/layout/abc_select_dialog_material.xml to /Users/enayat/Documents/DeepEyeUnlocker/app/build/intermediates/merged_res/release/layout_abc_select_dialog_material.xml.flat
Compiling xml file /Users/enayat/.gradle/caches/8.12/transforms/77ac0f39ae7f2e03d321be88fee5ac34/transformed/material-1.11.0/res/anim-v21/m3_side_sheet_exit_to_left.xml to /Users/enayat/Documents/DeepEyeUnlocker/app/build/intermediates/merged_res/release/anim-v21_m3_side_sheet_exit_to_left.xml.flat
Compiling xml file /Users/enayat/.gradle/caches/8.12/transforms/77ac0f39ae7f2e03d321be88fee5ac34/transformed/material-1.11.0/res/color/m3_dark_primary_text_disable_only.xml to /Users/enayat/Documents/DeepEyeUnlocker/app/build/intermediates/merged_res/release/color_m3_dark_primary_text_disable_only.xml.flat
Compiling xml file /Users/enayat/.gradle/caches/8.12/transforms/77ac0f39ae7f2e03d321be88fee5ac34/transformed/material-1.11.0/res/color/m3_timepicker_secondary_text_button_ripple_color.xml to /Users/enayat/Documents/DeepEyeUnlocker/app/build/intermediates/merged_res/release/color_m3_timepicker_secondary_text_button_ripple_color.xml.flat
Compiling xml file /Users/enayat/.gradle/caches/8.12/transforms/a0ef34c79403f3354ffefc4722ee38e0/transformed/appcompat-1.6.1/res/layout/select_dialog_item_material.xml to /Users/enayat/Documents/DeepEyeUnlocker/app/build/intermediates/merged_res/release/layout_select_dialog_item_material.xml.flat
Compiling xml file /Users/enayat/.gradle/caches/8.12/transforms/a0ef34c79403f3354ffefc4722ee38e0/transformed/appcompat-1.6.1/res/drawable/abc_ic_ab_back_material.xml to /Users/enayat/Documents/DeepEyeUnlocker/app/build/intermediates/merged_res/release/drawable_abc_ic_ab_back_material.xml.flat
Compiling xml file /Users/enayat/.gradle/caches/8.12/transforms/77ac0f39ae7f2e03d321be88fee5ac34/transformed/material-1.11.0/res/layout/design_layout_tab_icon.xml to /Users/enayat/Documents/DeepEyeUnlocker/app/build/intermediates/merged_res/release/layout_design_layout_tab_icon.xml.flat
Compiling xml file /Users/enayat/Documents/DeepEyeUnlocker/app/src/main/res/drawable/operation_btn_orange.xml to /Users/enayat/Documents/DeepEyeUnlocker/app/build/intermediates/merged_res/release/drawable_operation_btn_orange.xml.flat
Compiling xml file /Users/enayat/Documents/DeepEyeUnlocker/app/src/main/res/anim/pulse.xml to /Users/enayat/Documents/DeepEyeUnlocker/app/build/intermediates/merged_res/release/anim_pulse.xml.flat
Compiling xml file /Users/enayat/.gradle/caches/8.12/transforms/a0ef34c79403f3354ffefc4722ee38e0/transformed/appcompat-1.6.1/res/layout-v26/abc_screen_toolbar.xml to /Users/enayat/Documents/DeepEyeUnlocker/app/build/intermediates/merged_res/release/layout-v26_abc_screen_toolbar.xml.flat
Compiling xml file /Users/enayat/.gradle/caches/8.12/transforms/a0ef34c79403f3354ffefc4722ee38e0/transformed/appcompat-1.6.1/res/interpolator/btn_checkbox_checked_mtrl_animation_interpolator_0.xml to /Users/enayat/Documents/DeepEyeUnlocker/app/build/intermediates/merged_res/release/interpolator_btn_checkbox_checked_mtrl_animation_interpolator_0.xml.flat
Compiling xml file /Users/enayat/.gradle/caches/8.12/transforms/77ac0f39ae7f2e03d321be88fee5ac34/transformed/material-1.11.0/res/drawable/mtrl_checkbox_button.xml to /Users/enayat/Documents/DeepEyeUnlocker/app/build/intermediates/merged_res/release/drawable_mtrl_checkbox_button.xml.flat
Compiling xml file /Users/enayat/.gradle/caches/8.12/transforms/77ac0f39ae7f2e03d321be88fee5ac34/transformed/material-1.11.0/res/layout/material_timepicker_textinput_display.xml to /Users/enayat/Documents/DeepEyeUnlocker/app/build/intermediates/merged_res/release/layout_material_timepicker_textinput_display.xml.flat
Compiling xml file /Users/enayat/.gradle/caches/8.12/transforms/77ac0f39ae7f2e03d321be88fee5ac34/transformed/material-1.11.0/res/layout/design_layout_snackbar.xml to /Users/enayat/Documents/DeepEyeUnlocker/app/build/intermediates/merged_res/release/layout_design_layout_snackbar.xml.flat
Compiling xml file /Users/enayat/.gradle/caches/8.12/transforms/aa5e289a5834796e7d7bdf7a293eeceb/transformed/core-1.13.1/res/drawable/notification_bg_low.xml to /Users/enayat/Documents/DeepEyeUnlocker/app/build/intermediates/merged_res/release/drawable_notification_bg_low.xml.flat
Compiling xml file /Users/enayat/.gradle/caches/8.12/transforms/77ac0f39ae7f2e03d321be88fee5ac34/transformed/material-1.11.0/res/layout/design_layout_snackbar_include.xml to /Users/enayat/Documents/DeepEyeUnlocker/app/build/intermediates/merged_res/release/layout_design_layout_snackbar_include.xml.flat
Compiling xml file /Users/enayat/.gradle/caches/8.12/transforms/77ac0f39ae7f2e03d321be88fee5ac34/transformed/material-1.11.0/res/color/m3_navigation_bar_item_with_indicator_icon_tint.xml to /Users/enayat/Documents/DeepEyeUnlocker/app/build/intermediates/merged_res/release/color_m3_navigation_bar_item_with_indicator_icon_tint.xml.flat
Compiling xml file /Users/enayat/.gradle/caches/8.12/transforms/77ac0f39ae7f2e03d321be88fee5ac34/transformed/material-1.11.0/res/color/mtrl_navigation_item_text_color.xml to /Users/enayat/Documents/DeepEyeUnlocker/app/build/intermediates/merged_res/release/color_mtrl_navigation_item_text_color.xml.flat
Compiling xml file /Users/enayat/.gradle/caches/8.12/transforms/a0ef34c79403f3354ffefc4722ee38e0/transformed/appcompat-1.6.1/res/drawable/abc_seekbar_tick_mark_material.xml to /Users/enayat/Documents/DeepEyeUnlocker/app/build/intermediates/merged_res/release/drawable_abc_seekbar_tick_mark_material.xml.flat
Compiling xml file /Users/enayat/.gradle/caches/8.12/transforms/77ac0f39ae7f2e03d321be88fee5ac34/transformed/material-1.11.0/res/color/mtrl_filled_stroke_color.xml to /Users/enayat/Documents/DeepEyeUnlocker/app/build/intermediates/merged_res/release/color_mtrl_filled_stroke_color.xml.flat
Compiling xml file /Users/enayat/.gradle/caches/8.12/transforms/a0ef34c79403f3354ffefc4722ee38e0/transformed/appcompat-1.6.1/res/color-v23/abc_tint_edittext.xml to /Users/enayat/Documents/DeepEyeUnlocker/app/build/intermediates/merged_res/release/color-v23_abc_tint_edittext.xml.flat
Compiling xml file /Users/enayat/.gradle/caches/8.12/transforms/77ac0f39ae7f2e03d321be88fee5ac34/transformed/material-1.11.0/res/color-night-v8/material_timepicker_modebutton_tint.xml to /Users/enayat/Documents/DeepEyeUnlocker/app/build/intermediates/merged_res/release/color-night-v8_material_timepicker_modebutton_tint.xml.flat
Compiling xml file /Users/enayat/.gradle/caches/8.12/transforms/77ac0f39ae7f2e03d321be88fee5ac34/transformed/material-1.11.0/res/color/mtrl_tabs_legacy_text_color_selector.xml to /Users/enayat/Documents/DeepEyeUnlocker/app/build/intermediates/merged_res/release/color_mtrl_tabs_legacy_text_color_selector.xml.flat
Compiling xml file /Users/enayat/.gradle/caches/8.12/transforms/77ac0f39ae7f2e03d321be88fee5ac34/transformed/material-1.11.0/res/anim/design_snackbar_in.xml to /Users/enayat/Documents/DeepEyeUnlocker/app/build/intermediates/merged_res/release/anim_design_snackbar_in.xml.flat
Compiling xml file /Users/enayat/.gradle/caches/8.12/transforms/77ac0f39ae7f2e03d321be88fee5ac34/transformed/material-1.11.0/res/layout/design_navigation_item_subheader.xml to /Users/enayat/Documents/DeepEyeUnlocker/app/build/intermediates/merged_res/release/layout_design_navigation_item_subheader.xml.flat
Compiling xml file /Users/enayat/.gradle/caches/8.12/transforms/a0ef34c79403f3354ffefc4722ee38e0/transformed/appcompat-1.6.1/res/layout/abc_search_view.xml to /Users/enayat/Documents/DeepEyeUnlocker/app/build/intermediates/merged_res/release/layout_abc_search_view.xml.flat
Compiling xml file /Users/enayat/.gradle/caches/8.12/transforms/77ac0f39ae7f2e03d321be88fee5ac34/transformed/material-1.11.0/res/layout/mtrl_calendar_day_of_week.xml to /Users/enayat/Documents/DeepEyeUnlocker/app/build/intermediates/merged_res/release/layout_mtrl_calendar_day_of_week.xml.flat
Compiling xml file /Users/enayat/.gradle/caches/8.12/transforms/a0ef34c79403f3354ffefc4722ee38e0/transformed/appcompat-1.6.1/res/drawable/btn_radio_off_to_on_mtrl_animation.xml to /Users/enayat/Documents/DeepEyeUnlocker/app/build/intermediates/merged_res/release/drawable_btn_radio_off_to_on_mtrl_animation.xml.flat
Compiling xml file /Users/enayat/Documents/DeepEyeUnlocker/app/src/main/res/drawable/button_orange.xml to /Users/enayat/Documents/DeepEyeUnlocker/app/build/intermediates/merged_res/release/drawable_button_orange.xml.flat
Compiling xml file /Users/enayat/.gradle/caches/8.12/transforms/a0ef34c79403f3354ffefc4722ee38e0/transformed/appcompat-1.6.1/res/layout/abc_list_menu_item_checkbox.xml to /Users/enayat/Documents/DeepEyeUnlocker/app/build/intermediates/merged_res/release/layout_abc_list_menu_item_checkbox.xml.flat
Compiling xml file /Users/enayat/.gradle/caches/8.12/transforms/77ac0f39ae7f2e03d321be88fee5ac34/transformed/material-1.11.0/res/layout/mtrl_picker_text_input_date_range.xml to /Users/enayat/Documents/DeepEyeUnlocker/app/build/intermediates/merged_res/release/layout_mtrl_picker_text_input_date_range.xml.flat
Compiling xml file /Users/enayat/.gradle/caches/8.12/transforms/77ac0f39ae7f2e03d321be88fee5ac34/transformed/material-1.11.0/res/color-v31/m3_dynamic_default_color_secondary_text.xml to /Users/enayat/Documents/DeepEyeUnlocker/app/build/intermediates/merged_res/release/color-v31_m3_dynamic_default_color_secondary_text.xml.flat
Compiling xml file /Users/enayat/Documents/DeepEyeUnlocker/app/src/main/res/drawable/mode_tab_selected.xml to /Users/enayat/Documents/DeepEyeUnlocker/app/build/intermediates/merged_res/release/drawable_mode_tab_selected.xml.flat
Compiling xml file /Users/enayat/.gradle/caches/8.12/transforms/77ac0f39ae7f2e03d321be88fee5ac34/transformed/material-1.11.0/res/color/m3_tabs_text_color.xml to /Users/enayat/Documents/DeepEyeUnlocker/app/build/intermediates/merged_res/release/color_m3_tabs_text_color.xml.flat
Compiling xml file /Users/enayat/Documents/DeepEyeUnlocker/app/src/main/res/xml/usb_device_filter.xml to /Users/enayat/Documents/DeepEyeUnlocker/app/build/intermediates/merged_res/release/xml_usb_device_filter.xml.flat
Compiling xml file /Users/enayat/.gradle/caches/8.12/transforms/77ac0f39ae7f2e03d321be88fee5ac34/transformed/material-1.11.0/res/drawable/ic_arrow_back_black_24.xml to /Users/enayat/Documents/DeepEyeUnlocker/app/build/intermediates/merged_res/release/drawable_ic_arrow_back_black_24.xml.flat
Compiling xml file /Users/enayat/.gradle/caches/8.12/transforms/a0ef34c79403f3354ffefc4722ee38e0/transformed/appcompat-1.6.1/res/drawable/abc_switch_thumb_material.xml to /Users/enayat/Documents/DeepEyeUnlocker/app/build/intermediates/merged_res/release/drawable_abc_switch_thumb_material.xml.flat
Compiling xml file /Users/enayat/.gradle/caches/8.12/transforms/a0ef34c79403f3354ffefc4722ee38e0/transformed/appcompat-1.6.1/res/color/abc_primary_text_material_dark.xml to /Users/enayat/Documents/DeepEyeUnlocker/app/build/intermediates/merged_res/release/color_abc_primary_text_material_dark.xml.flat
Compiling xml file /Users/enayat/.gradle/caches/8.12/transforms/77ac0f39ae7f2e03d321be88fee5ac34/transformed/material-1.11.0/res/drawable/mtrl_dialog_background.xml to /Users/enayat/Documents/DeepEyeUnlocker/app/build/intermediates/merged_res/release/drawable_mtrl_dialog_background.xml.flat
Compiling xml file /Users/enayat/.gradle/caches/8.12/transforms/a0ef34c79403f3354ffefc4722ee38e0/transformed/appcompat-1.6.1/res/color/abc_background_cache_hint_selector_material_dark.xml to /Users/enayat/Documents/DeepEyeUnlocker/app/build/intermediates/merged_res/release/color_abc_background_cache_hint_selector_material_dark.xml.flat
Compiling xml file /Users/enayat/Documents/DeepEyeUnlocker/app/src/main/res/mipmap-anydpi-v26/ic_launcher_round.xml to /Users/enayat/Documents/DeepEyeUnlocker/app/build/intermediates/merged_res/release/mipmap-anydpi-v26_ic_launcher_round.xml.flat
Compiling xml file /Users/enayat/.gradle/caches/8.12/transforms/77ac0f39ae7f2e03d321be88fee5ac34/transformed/material-1.11.0/res/anim/mtrl_card_lowers_interpolator.xml to /Users/enayat/Documents/DeepEyeUnlocker/app/build/intermediates/merged_res/release/anim_mtrl_card_lowers_interpolator.xml.flat
Compiling xml file /Users/enayat/.gradle/caches/8.12/transforms/77ac0f39ae7f2e03d321be88fee5ac34/transformed/material-1.11.0/res/color/material_personalized_hint_foreground_inverse.xml to /Users/enayat/Documents/DeepEyeUnlocker/app/build/intermediates/merged_res/release/color_material_personalized_hint_foreground_inverse.xml.flat
Compiling xml file /Users/enayat/.gradle/caches/8.12/transforms/77ac0f39ae7f2e03d321be88fee5ac34/transformed/material-1.11.0/res/animator/m3_extended_fab_show_motion_spec.xml to /Users/enayat/Documents/DeepEyeUnlocker/app/build/intermediates/merged_res/release/animator_m3_extended_fab_show_motion_spec.xml.flat
Compiling xml file /Users/enayat/.gradle/caches/8.12/transforms/a0ef34c79403f3354ffefc4722ee38e0/transformed/appcompat-1.6.1/res/anim/btn_radio_to_off_mtrl_ring_outer_path_animation.xml to /Users/enayat/Documents/DeepEyeUnlocker/app/build/intermediates/merged_res/release/anim_btn_radio_to_off_mtrl_ring_outer_path_animation.xml.flat
Compiling xml file /Users/enayat/Documents/DeepEyeUnlocker/app/src/main/res/drawable/button_remote_bg.xml to /Users/enayat/Documents/DeepEyeUnlocker/app/build/intermediates/merged_res/release/drawable_button_remote_bg.xml.flat
Compiling xml file /Users/enayat/Documents/DeepEyeUnlocker/app/src/main/res/xml/file_paths.xml to /Users/enayat/Documents/DeepEyeUnlocker/app/build/intermediates/merged_res/release/xml_file_paths.xml.flat
Compiling xml file /Users/enayat/.gradle/caches/8.12/transforms/77ac0f39ae7f2e03d321be88fee5ac34/transformed/material-1.11.0/res/drawable/mtrl_switch_thumb.xml to /Users/enayat/Documents/DeepEyeUnlocker/app/build/intermediates/merged_res/release/drawable_mtrl_switch_thumb.xml.flat
Compiling xml file /Users/enayat/.gradle/caches/8.12/transforms/aa5e289a5834796e7d7bdf7a293eeceb/transformed/core-1.13.1/res/drawable-anydpi-v21/ic_call_answer_video_low.xml to /Users/enayat/Documents/DeepEyeUnlocker/app/build/intermediates/merged_res/release/drawable-anydpi-v21_ic_call_answer_video_low.xml.flat
Compiling xml file /Users/enayat/.gradle/caches/8.12/transforms/a0ef34c79403f3354ffefc4722ee38e0/transformed/appcompat-1.6.1/res/anim/abc_slide_out_bottom.xml to /Users/enayat/Documents/DeepEyeUnlocker/app/build/intermediates/merged_res/release/anim_abc_slide_out_bottom.xml.flat
Compiling xml file /Users/enayat/.gradle/caches/8.12/transforms/77ac0f39ae7f2e03d321be88fee5ac34/transformed/material-1.11.0/res/drawable/mtrl_checkbox_button_icon_checked_indeterminate.xml to /Users/enayat/Documents/DeepEyeUnlocker/app/build/intermediates/merged_res/release/drawable_mtrl_checkbox_button_icon_checked_indeterminate.xml.flat
Compiling xml file /Users/enayat/.gradle/caches/8.12/transforms/a0ef34c79403f3354ffefc4722ee38e0/transformed/appcompat-1.6.1/res/layout/abc_cascading_menu_item_layout.xml to /Users/enayat/Documents/DeepEyeUnlocker/app/build/intermediates/merged_res/release/layout_abc_cascading_menu_item_layout.xml.flat
Compiling xml file /Users/enayat/.gradle/caches/8.12/transforms/77ac0f39ae7f2e03d321be88fee5ac34/transformed/material-1.11.0/res/color/material_timepicker_modebutton_tint.xml to /Users/enayat/Documents/DeepEyeUnlocker/app/build/intermediates/merged_res/release/color_material_timepicker_modebutton_tint.xml.flat
Compiling xml file /Users/enayat/.gradle/caches/8.12/transforms/77ac0f39ae7f2e03d321be88fee5ac34/transformed/material-1.11.0/res/animator/mtrl_fab_transformation_sheet_collapse_spec.xml to /Users/enayat/Documents/DeepEyeUnlocker/app/build/intermediates/merged_res/release/animator_mtrl_fab_transformation_sheet_collapse_spec.xml.flat
Compiling xml file /Users/enayat/.gradle/caches/8.12/transforms/a0ef34c79403f3354ffefc4722ee38e0/transformed/appcompat-1.6.1/res/drawable-v21/abc_action_bar_item_background_material.xml to /Users/enayat/Documents/DeepEyeUnlocker/app/build/intermediates/merged_res/release/drawable-v21_abc_action_bar_item_background_material.xml.flat
Compiling xml file /Users/enayat/.gradle/caches/8.12/transforms/77ac0f39ae7f2e03d321be88fee5ac34/transformed/material-1.11.0/res/color/m3_chip_text_color.xml to /Users/enayat/Documents/DeepEyeUnlocker/app/build/intermediates/merged_res/release/color_m3_chip_text_color.xml.flat

> Task :app:processReleaseMainManifest
Caching disabled for task ':app:processReleaseMainManifest' because:
  Build cache is disabled
Task ':app:processReleaseMainManifest' is not up-to-date because:
  Output property 'mergeBlameFile' file /Users/enayat/Documents/DeepEyeUnlocker/app/build/intermediates/manifest_merge_blame_file/release/manifest-merger-blame-release-report.txt has been removed.
  Output property 'mergedManifest' file /Users/enayat/Documents/DeepEyeUnlocker/app/build/intermediates/merged_manifest/release/AndroidManifest.xml has been removed.
  Output property 'reportFile' file /Users/enayat/Documents/DeepEyeUnlocker/app/build/outputs/logs/manifest-merger-release-report.txt has been removed.
Loading library manifest /Users/enayat/.gradle/caches/8.12/transforms/13e2921bf0c13c6430a9fee71c49ef76/transformed/jetified-material3-release/AndroidManifest.xml
Loading library manifest /Users/enayat/.gradle/caches/8.12/transforms/77ac0f39ae7f2e03d321be88fee5ac34/transformed/material-1.11.0/AndroidManifest.xml
Loading library manifest /Users/enayat/.gradle/caches/8.12/transforms/383825f198a0288fa33d7140a2974918/transformed/jetified-appcompat-resources-1.6.1/AndroidManifest.xml
Loading library manifest /Users/enayat/.gradle/caches/8.12/transforms/6dea686619b1512cb2de8739cf3789bb/transformed/constraintlayout-2.0.1/AndroidManifest.xml
Loading library manifest /Users/enayat/.gradle/caches/8.12/transforms/a0ef34c79403f3354ffefc4722ee38e0/transformed/appcompat-1.6.1/AndroidManifest.xml
Loading library manifest /Users/enayat/.gradle/caches/8.12/transforms/8b6306964114649e41b72b8575c38fd9/transformed/recyclerview-1.3.2/AndroidManifest.xml
Loading library manifest /Users/enayat/.gradle/caches/8.12/transforms/450743471cede2ffd838d2afe4e537b4/transformed/jetified-viewpager2-1.1.0-beta02/AndroidManifest.xml
Loading library manifest /Users/enayat/.gradle/caches/8.12/transforms/3a493875aae768749cb55e1dee7b847e/transformed/fragment-1.3.6/AndroidManifest.xml
Loading library manifest /Users/enayat/.gradle/caches/8.12/transforms/dbcca9ee1cb2eab13bcf55ae498441a0/transformed/jetified-activity-1.8.2/AndroidManifest.xml
Loading library manifest /Users/enayat/.gradle/caches/8.12/transforms/fd567b63c82f90781e472031870d57cf/transformed/jetified-haze-release/AndroidManifest.xml
Loading library manifest /Users/enayat/.gradle/caches/8.12/transforms/77a25d862db67ccb91aec5e56a2a2a9a/transformed/jetified-material-icons-extended-release/AndroidManifest.xml
Loading library manifest /Users/enayat/.gradle/caches/8.12/transforms/f2cf7b2b83338b75d06445dc591b67f4/transformed/jetified-material-icons-core-release/AndroidManifest.xml
Loading library manifest /Users/enayat/.gradle/caches/8.12/transforms/6613e571454e218ee04709bd7c976460/transformed/jetified-material-ripple-release/AndroidManifest.xml
Loading library manifest /Users/enayat/.gradle/caches/8.12/transforms/0678afc66697ee65a5c3329e73c03e23/transformed/jetified-animation-core-release/AndroidManifest.xml
Loading library manifest /Users/enayat/.gradle/caches/8.12/transforms/4fe848c4655c893b5718c0193c43519f/transformed/jetified-animation-release/AndroidManifest.xml
Loading library manifest /Users/enayat/.gradle/caches/8.12/transforms/b5345e67f6f1676dfbe1aaf9f7cd3117/transformed/jetified-foundation-layout-release/AndroidManifest.xml
Loading library manifest /Users/enayat/.gradle/caches/8.12/transforms/0933f9b03873fb5dcc5417d23d7ce838/transformed/jetified-foundation-release/AndroidManifest.xml
Loading library manifest /Users/enayat/.gradle/caches/8.12/transforms/267bf608aa713f1f78ea353980bd9368/transformed/jetified-ui-tooling-preview-release/AndroidManifest.xml
Loading library manifest /Users/enayat/.gradle/caches/8.12/transforms/696b890fa1da3161f0fb67740e8bb4c7/transformed/jetified-ui-geometry-release/AndroidManifest.xml
Loading library manifest /Users/enayat/.gradle/caches/8.12/transforms/7aa7906ca48f1778a1c36c19b3c0143d/transformed/jetified-ui-util-release/AndroidManifest.xml
Loading library manifest /Users/enayat/.gradle/caches/8.12/transforms/2711a1b324ad0ee467aa5a494bcb7d06/transformed/jetified-ui-unit-release/AndroidManifest.xml
Loading library manifest /Users/enayat/.gradle/caches/8.12/transforms/524f63ac798a7467bdde39c758ac804e/transformed/jetified-ui-text-release/AndroidManifest.xml
Loading library manifest /Users/enayat/.gradle/caches/8.12/transforms/92872a98ba791e40ae261615846e5b73/transformed/jetified-ui-graphics-release/AndroidManifest.xml
Loading library manifest /Users/enayat/.gradle/caches/8.12/transforms/cf8726d9845081e5725e263eaf84c803/transformed/jetified-savedstate-ktx-1.2.1/AndroidManifest.xml
Loading library manifest /Users/enayat/.gradle/caches/8.12/transforms/c6d544154c7119f563971cad445999b7/transformed/drawerlayout-1.1.1/AndroidManifest.xml
Loading library manifest /Users/enayat/.gradle/caches/8.12/transforms/9e0a82c334640bd447d491a1e437c179/transformed/coordinatorlayout-1.1.0/AndroidManifest.xml
Loading library manifest /Users/enayat/.gradle/caches/8.12/transforms/b00b4ccce6225dd158a7fcded5c6722c/transformed/dynamicanimation-1.0.0/AndroidManifest.xml
Loading library manifest /Users/enayat/.gradle/caches/8.12/transforms/368cc8973b18adc2d984cc74c05d37f9/transformed/transition-1.2.0/AndroidManifest.xml
Loading library manifest /Users/enayat/.gradle/caches/8.12/transforms/dd280e9e6bc5da175af2bd70282763b9/transformed/vectordrawable-animated-1.1.0/AndroidManifest.xml
Loading library manifest /Users/enayat/.gradle/caches/8.12/transforms/a91a5fa09e184d501f92f1c7ec0de451/transformed/vectordrawable-1.1.0/AndroidManifest.xml
Loading library manifest /Users/enayat/.gradle/caches/8.12/transforms/3197bec409e9ab869f6a15cc7c11fded/transformed/viewpager-1.0.0/AndroidManifest.xml
Loading library manifest /Users/enayat/.gradle/caches/8.12/transforms/849522f8e2c95b2d3edcfdc30ef07ba2/transformed/legacy-support-core-utils-1.0.0/AndroidManifest.xml
Loading library manifest /Users/enayat/.gradle/caches/8.12/transforms/03eaabe2321759c0231a29826e7c1456/transformed/loader-1.0.0/AndroidManifest.xml
Loading library manifest /Users/enayat/.gradle/caches/8.12/transforms/a43c04351954768b466e18cb51f21916/transformed/customview-1.1.0/AndroidManifest.xml
Loading library manifest /Users/enayat/.gradle/caches/8.12/transforms/aac00216b94e468802b02921ad6ecd50/transformed/jetified-customview-poolingcontainer-1.0.0/AndroidManifest.xml
Loading library manifest /Users/enayat/.gradle/caches/8.12/transforms/eef1f80f883fae07475c7875bdc7cd23/transformed/jetified-core-ktx-1.13.1/AndroidManifest.xml
Loading library manifest /Users/enayat/.gradle/caches/8.12/transforms/78e603029419dbdcd09b2e415f6c3f76/transformed/jetified-autofill-1.0.0/AndroidManifest.xml
Loading library manifest /Users/enayat/.gradle/caches/8.12/transforms/d00c84312d22c7458167e97a1842f6a9/transformed/jetified-emoji2-views-helper-1.3.0/AndroidManifest.xml
Loading library manifest /Users/enayat/.gradle/caches/8.12/transforms/680cb4c3c1c3a77fd1bcd91eb18555d1/transformed/jetified-emoji2-1.3.0/AndroidManifest.xml
Loading library manifest /Users/enayat/.gradle/caches/8.12/transforms/92b4ecbd552fb1e991ed180ddf1461a7/transformed/jetified-graphics-path-1.0.1/AndroidManifest.xml
Loading library manifest /Users/enayat/.gradle/caches/8.12/transforms/aa5e289a5834796e7d7bdf7a293eeceb/transformed/core-1.13.1/AndroidManifest.xml
Loading library manifest /Users/enayat/.gradle/caches/8.12/transforms/0a81c231f7e47e262b23e75fb944384d/transformed/jetified-lifecycle-livedata-core-ktx-2.8.5/AndroidManifest.xml
Loading library manifest /Users/enayat/.gradle/caches/8.12/transforms/ccd2c6e2ac0c67ce71a9267a6a060587/transformed/jetified-lifecycle-runtime-ktx-release/AndroidManifest.xml
Loading library manifest /Users/enayat/.gradle/caches/8.12/transforms/77ec841cbd67099f03acfc93018d0042/transformed/jetified-lifecycle-viewmodel-ktx-2.8.5/AndroidManifest.xml
Loading library manifest /Users/enayat/.gradle/caches/8.12/transforms/cc2b4c7e274a2e177df47dd7ee32c95f/transformed/jetified-lifecycle-process-2.8.5/AndroidManifest.xml
Loading library manifest /Users/enayat/.gradle/caches/8.12/transforms/238d93b8df27380cb45585721fc52ea8/transformed/lifecycle-livedata-core-2.8.5/AndroidManifest.xml
Loading library manifest /Users/enayat/.gradle/caches/8.12/transforms/22312c1c5a69848564de94f5a494867e/transformed/lifecycle-livedata-2.8.5/AndroidManifest.xml
Loading library manifest /Users/enayat/.gradle/caches/8.12/transforms/493275df0b984fe0d9606b796fad6050/transformed/lifecycle-viewmodel-2.8.5/AndroidManifest.xml
Loading library manifest /Users/enayat/.gradle/caches/8.12/transforms/9f4d9cf2b2f0ec2590ab84099ce500d6/transformed/jetified-lifecycle-viewmodel-release/AndroidManifest.xml
Loading library manifest /Users/enayat/.gradle/caches/8.12/transforms/f1748a7ada9a2630ae186fc79eecc7b8/transformed/jetified-lifecycle-runtime-release/AndroidManifest.xml
Loading library manifest /Users/enayat/.gradle/caches/8.12/transforms/25a55c0bf0c81dfd9854b6f4c31e1826/transformed/jetified-lifecycle-viewmodel-savedstate-2.8.5/AndroidManifest.xml
Loading library manifest /Users/enayat/.gradle/caches/8.12/transforms/c31f43e19dbfa1c828ae844367c0f19a/transformed/jetified-savedstate-1.2.1/AndroidManifest.xml
Loading library manifest /Users/enayat/.gradle/caches/8.12/transforms/3ba2360cc7457104cb3822f87b98a580/transformed/jetified-lifecycle-runtime-compose-release/AndroidManifest.xml
Loading library manifest /Users/enayat/.gradle/caches/8.12/transforms/717156ec2c839f74ff20a87b85167fb7/transformed/jetified-lifecycle-viewmodel-compose-release/AndroidManifest.xml
Loading library manifest /Users/enayat/.gradle/caches/8.12/transforms/81c730f0b78d0edef66fb58a857078f5/transformed/jetified-ui-release/AndroidManifest.xml
Loading library manifest /Users/enayat/.gradle/caches/8.12/transforms/79111a7a7615f3199e7fb4a21a0d8f89/transformed/jetified-activity-ktx-1.8.2/AndroidManifest.xml
Loading library manifest /Users/enayat/.gradle/caches/8.12/transforms/a65ece95556153db4de2a1cc6c95277d/transformed/jetified-activity-compose-1.8.2/AndroidManifest.xml
Loading library manifest /Users/enayat/.gradle/caches/8.12/transforms/43dd3487e4a65f10fd895170d8cfc6fa/transformed/jetified-core-splashscreen-1.0.1/AndroidManifest.xml
Loading library manifest /Users/enayat/.gradle/caches/8.12/transforms/8390bc53162b09c96d8f508deb86ec77/transformed/jetified-runtime-saveable-release/AndroidManifest.xml
Loading library manifest /Users/enayat/.gradle/caches/8.12/transforms/7233b722c5e4d4a799b466be28a3433b/transformed/jetified-runtime-release/AndroidManifest.xml
Loading library manifest /Users/enayat/.gradle/caches/8.12/transforms/5bae1db2a4bae9587bba5f29812de1ed/transformed/jetified-annotation-experimental-1.4.1/AndroidManifest.xml
Loading library manifest /Users/enayat/.gradle/caches/8.12/transforms/294993817bfc234bc0ee57fe92baed06/transformed/jetified-security-crypto-1.1.0-alpha06/AndroidManifest.xml
Loading library manifest /Users/enayat/.gradle/caches/8.12/transforms/48414670bdb0f77beb0475e610b1793f/transformed/versionedparcelable-1.1.1/AndroidManifest.xml
Loading library manifest /Users/enayat/.gradle/caches/8.12/transforms/deb725841a431cde45a4d11506ab38b7/transformed/cursoradapter-1.0.0/AndroidManifest.xml
Loading library manifest /Users/enayat/.gradle/caches/8.12/transforms/75be9547c1d2d00b2443445bd709e81a/transformed/cardview-1.0.0/AndroidManifest.xml
Loading library manifest /Users/enayat/.gradle/caches/8.12/transforms/6b169fb36969ec5d5af0545de28d5904/transformed/core-runtime-2.2.0/AndroidManifest.xml
Loading library manifest /Users/enayat/.gradle/caches/8.12/transforms/900d1ffcbd12eab67d0ff93140b27b86/transformed/jetified-profileinstaller-1.3.1/AndroidManifest.xml
Loading library manifest /Users/enayat/.gradle/caches/8.12/transforms/1115d6bb806291f5e11cbb998a52e77c/transformed/jetified-startup-runtime-1.1.1/AndroidManifest.xml
Loading library manifest /Users/enayat/.gradle/caches/8.12/transforms/53082148261a79363c27643275cf5f4a/transformed/jetified-tracing-1.0.0/AndroidManifest.xml
Loading library manifest /Users/enayat/.gradle/caches/8.12/transforms/9bb7e4247efa19d3b331c90e41d56256/transformed/interpolator-1.0.0/AndroidManifest.xml
Loading library manifest /Users/enayat/.gradle/caches/8.12/transforms/0804af648adeb33b2b533c1eb4750008/transformed/documentfile-1.0.0/AndroidManifest.xml
Loading library manifest /Users/enayat/.gradle/caches/8.12/transforms/03035f6f6c75dd8e4ca29582043d090f/transformed/localbroadcastmanager-1.0.0/AndroidManifest.xml
Loading library manifest /Users/enayat/.gradle/caches/8.12/transforms/685cc7416e0386f564b549452415e136/transformed/print-1.0.0/AndroidManifest.xml
Merging main manifest /Users/enayat/Documents/DeepEyeUnlocker/app/src/main/AndroidManifest.xml

Merging library manifest /Users/enayat/.gradle/caches/8.12/transforms/13e2921bf0c13c6430a9fee71c49ef76/transformed/jetified-material3-release/AndroidManifest.xml
Merging manifest with lower [androidx.compose.material3:material3-android:1.3.0] AndroidManifest.xml:17:1-22:12
uses-sdk defined in both files...
Merging uses-sdk with lower [androidx.compose.material3:material3-android:1.3.0] AndroidManifest.xml:20:5-44
Merging library manifest /Users/enayat/.gradle/caches/8.12/transforms/77ac0f39ae7f2e03d321be88fee5ac34/transformed/material-1.11.0/AndroidManifest.xml
Merging manifest with lower [com.google.android.material:material:1.11.0] AndroidManifest.xml:17:1-24:12
uses-sdk defined in both files...
Merging uses-sdk with lower [com.google.android.material:material:1.11.0] AndroidManifest.xml:20:5-44
application defined in both files...
Merging application with lower [com.google.android.material:material:1.11.0] AndroidManifest.xml:22:5-20
Merging library manifest /Users/enayat/.gradle/caches/8.12/transforms/383825f198a0288fa33d7140a2974918/transformed/jetified-appcompat-resources-1.6.1/AndroidManifest.xml
Merging manifest with lower [androidx.appcompat:appcompat-resources:1.6.1] AndroidManifest.xml:17:1-22:12
uses-sdk defined in both files...
Merging uses-sdk with lower [androidx.appcompat:appcompat-resources:1.6.1] AndroidManifest.xml:20:5-44
Merging library manifest /Users/enayat/.gradle/caches/8.12/transforms/6dea686619b1512cb2de8739cf3789bb/transformed/constraintlayout-2.0.1/AndroidManifest.xml
Merging manifest with lower [androidx.constraintlayout:constraintlayout:2.0.1] AndroidManifest.xml:2:1-11:12
uses-sdk defined in both files...
Merging uses-sdk with lower [androidx.constraintlayout:constraintlayout:2.0.1] AndroidManifest.xml:5:5-7:41
application defined in both files...
Merging application with lower [androidx.constraintlayout:constraintlayout:2.0.1] AndroidManifest.xml:9:5-20
Merging library manifest /Users/enayat/.gradle/caches/8.12/transforms/a0ef34c79403f3354ffefc4722ee38e0/transformed/appcompat-1.6.1/AndroidManifest.xml
Merging manifest with lower [androidx.appcompat:appcompat:1.6.1] AndroidManifest.xml:17:1-22:12
uses-sdk defined in both files...
Merging uses-sdk with lower [androidx.appcompat:appcompat:1.6.1] AndroidManifest.xml:20:5-44
Merging library manifest /Users/enayat/.gradle/caches/8.12/transforms/8b6306964114649e41b72b8575c38fd9/transformed/recyclerview-1.3.2/AndroidManifest.xml
Merging manifest with lower [androidx.recyclerview:recyclerview:1.3.2] AndroidManifest.xml:17:1-22:12
uses-sdk defined in both files...
Merging uses-sdk with lower [androidx.recyclerview:recyclerview:1.3.2] AndroidManifest.xml:20:5-44
Merging library manifest /Users/enayat/.gradle/caches/8.12/transforms/450743471cede2ffd838d2afe4e537b4/transformed/jetified-viewpager2-1.1.0-beta02/AndroidManifest.xml
Merging manifest with lower [androidx.viewpager2:viewpager2:1.1.0-beta02] AndroidManifest.xml:2:1-7:12
uses-sdk defined in both files...
Merging uses-sdk with lower [androidx.viewpager2:viewpager2:1.1.0-beta02] AndroidManifest.xml:5:5-44
Merging library manifest /Users/enayat/.gradle/caches/8.12/transforms/3a493875aae768749cb55e1dee7b847e/transformed/fragment-1.3.6/AndroidManifest.xml
Merging manifest with lower [androidx.fragment:fragment:1.3.6] AndroidManifest.xml:17:1-24:12
uses-sdk defined in both files...
Merging uses-sdk with lower [androidx.fragment:fragment:1.3.6] AndroidManifest.xml:20:5-22:41
Merging library manifest /Users/enayat/.gradle/caches/8.12/transforms/dbcca9ee1cb2eab13bcf55ae498441a0/transformed/jetified-activity-1.8.2/AndroidManifest.xml
Merging manifest with lower [androidx.activity:activity:1.8.2] AndroidManifest.xml:17:1-22:12
uses-sdk defined in both files...
Merging uses-sdk with lower [androidx.activity:activity:1.8.2] AndroidManifest.xml:20:5-44
Merging library manifest /Users/enayat/.gradle/caches/8.12/transforms/fd567b63c82f90781e472031870d57cf/transformed/jetified-haze-release/AndroidManifest.xml
Merging manifest with lower [dev.chrisbanes.haze:haze-android:1.3.1] AndroidManifest.xml:2:1-7:12
uses-sdk defined in both files...
Merging uses-sdk with lower [dev.chrisbanes.haze:haze-android:1.3.1] AndroidManifest.xml:5:5-44
Merging library manifest /Users/enayat/.gradle/caches/8.12/transforms/77a25d862db67ccb91aec5e56a2a2a9a/transformed/jetified-material-icons-extended-release/AndroidManifest.xml
Merging manifest with lower [androidx.compose.material:material-icons-extended-android:1.7.0] AndroidManifest.xml:2:1-7:12
uses-sdk defined in both files...
Merging uses-sdk with lower [androidx.compose.material:material-icons-extended-android:1.7.0] AndroidManifest.xml:5:5-44
Merging library manifest /Users/enayat/.gradle/caches/8.12/transforms/f2cf7b2b83338b75d06445dc591b67f4/transformed/jetified-material-icons-core-release/AndroidManifest.xml
Merging manifest with lower [androidx.compose.material:material-icons-core-android:1.7.0] AndroidManifest.xml:2:1-7:12
uses-sdk defined in both files...
Merging uses-sdk with lower [androidx.compose.material:material-icons-core-android:1.7.0] AndroidManifest.xml:5:5-44
Merging library manifest /Users/enayat/.gradle/caches/8.12/transforms/6613e571454e218ee04709bd7c976460/transformed/jetified-material-ripple-release/AndroidManifest.xml
Merging manifest with lower [androidx.compose.material:material-ripple-android:1.7.0] AndroidManifest.xml:2:1-7:12
uses-sdk defined in both files...
Merging uses-sdk with lower [androidx.compose.material:material-ripple-android:1.7.0] AndroidManifest.xml:5:5-44
Merging library manifest /Users/enayat/.gradle/caches/8.12/transforms/0678afc66697ee65a5c3329e73c03e23/transformed/jetified-animation-core-release/AndroidManifest.xml
Merging manifest with lower [androidx.compose.animation:animation-core-android:1.7.7] AndroidManifest.xml:2:1-7:12
uses-sdk defined in both files...
Merging uses-sdk with lower [androidx.compose.animation:animation-core-android:1.7.7] AndroidManifest.xml:5:5-44
Merging library manifest /Users/enayat/.gradle/caches/8.12/transforms/4fe848c4655c893b5718c0193c43519f/transformed/jetified-animation-release/AndroidManifest.xml
Merging manifest with lower [androidx.compose.animation:animation-android:1.7.7] AndroidManifest.xml:2:1-7:12
uses-sdk defined in both files...
Merging uses-sdk with lower [androidx.compose.animation:animation-android:1.7.7] AndroidManifest.xml:5:5-44
Merging library manifest /Users/enayat/.gradle/caches/8.12/transforms/b5345e67f6f1676dfbe1aaf9f7cd3117/transformed/jetified-foundation-layout-release/AndroidManifest.xml
Merging manifest with lower [androidx.compose.foundation:foundation-layout-android:1.7.7] AndroidManifest.xml:2:1-7:12
uses-sdk defined in both files...
Merging uses-sdk with lower [androidx.compose.foundation:foundation-layout-android:1.7.7] AndroidManifest.xml:5:5-44
Merging library manifest /Users/enayat/.gradle/caches/8.12/transforms/0933f9b03873fb5dcc5417d23d7ce838/transformed/jetified-foundation-release/AndroidManifest.xml
Merging manifest with lower [androidx.compose.foundation:foundation-android:1.7.7] AndroidManifest.xml:2:1-7:12
uses-sdk defined in both files...
Merging uses-sdk with lower [androidx.compose.foundation:foundation-android:1.7.7] AndroidManifest.xml:5:5-44
Merging library manifest /Users/enayat/.gradle/caches/8.12/transforms/267bf608aa713f1f78ea353980bd9368/transformed/jetified-ui-tooling-preview-release/AndroidManifest.xml
Merging manifest with lower [androidx.compose.ui:ui-tooling-preview-android:1.7.7] AndroidManifest.xml:17:1-22:12
uses-sdk defined in both files...
Merging uses-sdk with lower [androidx.compose.ui:ui-tooling-preview-android:1.7.7] AndroidManifest.xml:20:5-44
Merging library manifest /Users/enayat/.gradle/caches/8.12/transforms/696b890fa1da3161f0fb67740e8bb4c7/transformed/jetified-ui-geometry-release/AndroidManifest.xml
Merging manifest with lower [androidx.compose.ui:ui-geometry-android:1.7.7] AndroidManifest.xml:2:1-7:12
uses-sdk defined in both files...
Merging uses-sdk with lower [androidx.compose.ui:ui-geometry-android:1.7.7] AndroidManifest.xml:5:5-44
Merging library manifest /Users/enayat/.gradle/caches/8.12/transforms/7aa7906ca48f1778a1c36c19b3c0143d/transformed/jetified-ui-util-release/AndroidManifest.xml
Merging manifest with lower [androidx.compose.ui:ui-util-android:1.7.7] AndroidManifest.xml:2:1-7:12
uses-sdk defined in both files...
Merging uses-sdk with lower [androidx.compose.ui:ui-util-android:1.7.7] AndroidManifest.xml:5:5-44
Merging library manifest /Users/enayat/.gradle/caches/8.12/transforms/2711a1b324ad0ee467aa5a494bcb7d06/transformed/jetified-ui-unit-release/AndroidManifest.xml
Merging manifest with lower [androidx.compose.ui:ui-unit-android:1.7.7] AndroidManifest.xml:2:1-7:12
uses-sdk defined in both files...
Merging uses-sdk with lower [androidx.compose.ui:ui-unit-android:1.7.7] AndroidManifest.xml:5:5-44
Merging library manifest /Users/enayat/.gradle/caches/8.12/transforms/524f63ac798a7467bdde39c758ac804e/transformed/jetified-ui-text-release/AndroidManifest.xml
Merging manifest with lower [androidx.compose.ui:ui-text-android:1.7.7] AndroidManifest.xml:2:1-7:12
uses-sdk defined in both files...
Merging uses-sdk with lower [androidx.compose.ui:ui-text-android:1.7.7] AndroidManifest.xml:5:5-44
Merging library manifest /Users/enayat/.gradle/caches/8.12/transforms/92872a98ba791e40ae261615846e5b73/transformed/jetified-ui-graphics-release/AndroidManifest.xml
Merging manifest with lower [androidx.compose.ui:ui-graphics-android:1.7.7] AndroidManifest.xml:2:1-7:12
uses-sdk defined in both files...
Merging uses-sdk with lower [androidx.compose.ui:ui-graphics-android:1.7.7] AndroidManifest.xml:5:5-44
Merging library manifest /Users/enayat/.gradle/caches/8.12/transforms/cf8726d9845081e5725e263eaf84c803/transformed/jetified-savedstate-ktx-1.2.1/AndroidManifest.xml
Merging manifest with lower [androidx.savedstate:savedstate-ktx:1.2.1] AndroidManifest.xml:17:1-22:12
uses-sdk defined in both files...
Merging uses-sdk with lower [androidx.savedstate:savedstate-ktx:1.2.1] AndroidManifest.xml:20:5-44
Merging library manifest /Users/enayat/.gradle/caches/8.12/transforms/c6d544154c7119f563971cad445999b7/transformed/drawerlayout-1.1.1/AndroidManifest.xml
Merging manifest with lower [androidx.drawerlayout:drawerlayout:1.1.1] AndroidManifest.xml:17:1-24:12
uses-sdk defined in both files...
Merging uses-sdk with lower [androidx.drawerlayout:drawerlayout:1.1.1] AndroidManifest.xml:20:5-22:41
Merging library manifest /Users/enayat/.gradle/caches/8.12/transforms/9e0a82c334640bd447d491a1e437c179/transformed/coordinatorlayout-1.1.0/AndroidManifest.xml
Merging manifest with lower [androidx.coordinatorlayout:coordinatorlayout:1.1.0] AndroidManifest.xml:17:1-24:12
uses-sdk defined in both files...
Merging uses-sdk with lower [androidx.coordinatorlayout:coordinatorlayout:1.1.0] AndroidManifest.xml:20:5-22:41
Merging library manifest /Users/enayat/.gradle/caches/8.12/transforms/b00b4ccce6225dd158a7fcded5c6722c/transformed/dynamicanimation-1.0.0/AndroidManifest.xml
Merging manifest with lower [androidx.dynamicanimation:dynamicanimation:1.0.0] AndroidManifest.xml:17:1-22:12
uses-sdk defined in both files...
Merging uses-sdk with lower [androidx.dynamicanimation:dynamicanimation:1.0.0] AndroidManifest.xml:20:5-44
Merging library manifest /Users/enayat/.gradle/caches/8.12/transforms/368cc8973b18adc2d984cc74c05d37f9/transformed/transition-1.2.0/AndroidManifest.xml
Merging manifest with lower [androidx.transition:transition:1.2.0] AndroidManifest.xml:17:1-24:12
uses-sdk defined in both files...
Merging uses-sdk with lower [androidx.transition:transition:1.2.0] AndroidManifest.xml:20:5-22:41
Merging library manifest /Users/enayat/.gradle/caches/8.12/transforms/dd280e9e6bc5da175af2bd70282763b9/transformed/vectordrawable-animated-1.1.0/AndroidManifest.xml
Merging manifest with lower [androidx.vectordrawable:vectordrawable-animated:1.1.0] AndroidManifest.xml:17:1-24:12
uses-sdk defined in both files...
Merging uses-sdk with lower [androidx.vectordrawable:vectordrawable-animated:1.1.0] AndroidManifest.xml:20:5-22:41
Merging library manifest /Users/enayat/.gradle/caches/8.12/transforms/a91a5fa09e184d501f92f1c7ec0de451/transformed/vectordrawable-1.1.0/AndroidManifest.xml
Merging manifest with lower [androidx.vectordrawable:vectordrawable:1.1.0] AndroidManifest.xml:17:1-24:12
uses-sdk defined in both files...
Merging uses-sdk with lower [androidx.vectordrawable:vectordrawable:1.1.0] AndroidManifest.xml:20:5-22:41
Merging library manifest /Users/enayat/.gradle/caches/8.12/transforms/3197bec409e9ab869f6a15cc7c11fded/transformed/viewpager-1.0.0/AndroidManifest.xml
Merging manifest with lower [androidx.viewpager:viewpager:1.0.0] AndroidManifest.xml:17:1-22:12
uses-sdk defined in both files...
Merging uses-sdk with lower [androidx.viewpager:viewpager:1.0.0] AndroidManifest.xml:20:5-44
Merging library manifest /Users/enayat/.gradle/caches/8.12/transforms/849522f8e2c95b2d3edcfdc30ef07ba2/transformed/legacy-support-core-utils-1.0.0/AndroidManifest.xml
Merging manifest with lower [androidx.legacy:legacy-support-core-utils:1.0.0] AndroidManifest.xml:17:1-22:12
uses-sdk defined in both files...
Merging uses-sdk with lower [androidx.legacy:legacy-support-core-utils:1.0.0] AndroidManifest.xml:20:5-44
Merging library manifest /Users/enayat/.gradle/caches/8.12/transforms/03eaabe2321759c0231a29826e7c1456/transformed/loader-1.0.0/AndroidManifest.xml
Merging manifest with lower [androidx.loader:loader:1.0.0] AndroidManifest.xml:17:1-22:12
uses-sdk defined in both files...
Merging uses-sdk with lower [androidx.loader:loader:1.0.0] AndroidManifest.xml:20:5-44
Merging library manifest /Users/enayat/.gradle/caches/8.12/transforms/a43c04351954768b466e18cb51f21916/transformed/customview-1.1.0/AndroidManifest.xml
Merging manifest with lower [androidx.customview:customview:1.1.0] AndroidManifest.xml:17:1-24:12
uses-sdk defined in both files...
Merging uses-sdk with lower [androidx.customview:customview:1.1.0] AndroidManifest.xml:20:5-22:41
Merging library manifest /Users/enayat/.gradle/caches/8.12/transforms/aac00216b94e468802b02921ad6ecd50/transformed/jetified-customview-poolingcontainer-1.0.0/AndroidManifest.xml
Merging manifest with lower [androidx.customview:customview-poolingcontainer:1.0.0] AndroidManifest.xml:17:1-23:12
uses-sdk defined in both files...
Merging uses-sdk with lower [androidx.customview:customview-poolingcontainer:1.0.0] AndroidManifest.xml:20:5-21:38
Merging library manifest /Users/enayat/.gradle/caches/8.12/transforms/eef1f80f883fae07475c7875bdc7cd23/transformed/jetified-core-ktx-1.13.1/AndroidManifest.xml
Merging manifest with lower [androidx.core:core-ktx:1.13.1] AndroidManifest.xml:2:1-7:12
uses-sdk defined in both files...
Merging uses-sdk with lower [androidx.core:core-ktx:1.13.1] AndroidManifest.xml:5:5-44
Merging library manifest /Users/enayat/.gradle/caches/8.12/transforms/78e603029419dbdcd09b2e415f6c3f76/transformed/jetified-autofill-1.0.0/AndroidManifest.xml
Merging manifest with lower [androidx.autofill:autofill:1.0.0] AndroidManifest.xml:17:1-24:12
uses-sdk defined in both files...
Merging uses-sdk with lower [androidx.autofill:autofill:1.0.0] AndroidManifest.xml:20:5-22:41
Merging library manifest /Users/enayat/.gradle/caches/8.12/transforms/d00c84312d22c7458167e97a1842f6a9/transformed/jetified-emoji2-views-helper-1.3.0/AndroidManifest.xml
Merging manifest with lower [androidx.emoji2:emoji2-views-helper:1.3.0] AndroidManifest.xml:2:1-7:12
uses-sdk defined in both files...
Merging uses-sdk with lower [androidx.emoji2:emoji2-views-helper:1.3.0] AndroidManifest.xml:5:5-44
Merging library manifest /Users/enayat/.gradle/caches/8.12/transforms/680cb4c3c1c3a77fd1bcd91eb18555d1/transformed/jetified-emoji2-1.3.0/AndroidManifest.xml
Merging manifest with lower [androidx.emoji2:emoji2:1.3.0] AndroidManifest.xml:17:1-35:12
uses-sdk defined in both files...
Merging uses-sdk with lower [androidx.emoji2:emoji2:1.3.0] AndroidManifest.xml:21:5-44
application defined in both files...
Merging application with lower [androidx.emoji2:emoji2:1.3.0] AndroidManifest.xml:23:5-33:19
Adopted [provider: null]
Merging library manifest /Users/enayat/.gradle/caches/8.12/transforms/92b4ecbd552fb1e991ed180ddf1461a7/transformed/jetified-graphics-path-1.0.1/AndroidManifest.xml
Merging manifest with lower [androidx.graphics:graphics-path:1.0.1] AndroidManifest.xml:2:1-7:12
uses-sdk defined in both files...
Merging uses-sdk with lower [androidx.graphics:graphics-path:1.0.1] AndroidManifest.xml:5:5-44
Merging library manifest /Users/enayat/.gradle/caches/8.12/transforms/aa5e289a5834796e7d7bdf7a293eeceb/transformed/core-1.13.1/AndroidManifest.xml
Merging manifest with lower [androidx.core:core:1.13.1] AndroidManifest.xml:17:1-30:12
uses-sdk defined in both files...
Merging uses-sdk with lower [androidx.core:core:1.13.1] AndroidManifest.xml:20:5-44
Adopted [permission: null]
Adopted [uses-permission: null]
application defined in both files...
Merging application with lower [androidx.core:core:1.13.1] AndroidManifest.xml:28:5-89
Merging library manifest /Users/enayat/.gradle/caches/8.12/transforms/0a81c231f7e47e262b23e75fb944384d/transformed/jetified-lifecycle-livedata-core-ktx-2.8.5/AndroidManifest.xml
Merging manifest with lower [androidx.lifecycle:lifecycle-livedata-core-ktx:2.8.5] AndroidManifest.xml:2:1-7:12
uses-sdk defined in both files...
Merging uses-sdk with lower [androidx.lifecycle:lifecycle-livedata-core-ktx:2.8.5] AndroidManifest.xml:5:5-44
Merging library manifest /Users/enayat/.gradle/caches/8.12/transforms/ccd2c6e2ac0c67ce71a9267a6a060587/transformed/jetified-lifecycle-runtime-ktx-release/AndroidManifest.xml
Merging manifest with lower [androidx.lifecycle:lifecycle-runtime-ktx-android:2.8.5] AndroidManifest.xml:2:1-7:12
uses-sdk defined in both files...
Merging uses-sdk with lower [androidx.lifecycle:lifecycle-runtime-ktx-android:2.8.5] AndroidManifest.xml:5:5-44
Merging library manifest /Users/enayat/.gradle/caches/8.12/transforms/77ec841cbd67099f03acfc93018d0042/transformed/jetified-lifecycle-viewmodel-ktx-2.8.5/AndroidManifest.xml
Merging manifest with lower [androidx.lifecycle:lifecycle-viewmodel-ktx:2.8.5] AndroidManifest.xml:2:1-7:12
uses-sdk defined in both files...
Merging uses-sdk with lower [androidx.lifecycle:lifecycle-viewmodel-ktx:2.8.5] AndroidManifest.xml:5:5-44
Merging library manifest /Users/enayat/.gradle/caches/8.12/transforms/cc2b4c7e274a2e177df47dd7ee32c95f/transformed/jetified-lifecycle-process-2.8.5/AndroidManifest.xml
Merging manifest with lower [androidx.lifecycle:lifecycle-process:2.8.5] AndroidManifest.xml:17:1-35:12
uses-sdk defined in both files...
Merging uses-sdk with lower [androidx.lifecycle:lifecycle-process:2.8.5] AndroidManifest.xml:21:5-44
application defined in both files...
Merging application with lower [androidx.lifecycle:lifecycle-process:2.8.5] AndroidManifest.xml:23:5-33:19
provider#androidx.startup.InitializationProvider defined in both files...
Merging provider#androidx.startup.InitializationProvider with lower [androidx.lifecycle:lifecycle-process:2.8.5] AndroidManifest.xml:24:9-32:20
Adopted [meta-data: null]
Merging library manifest /Users/enayat/.gradle/caches/8.12/transforms/238d93b8df27380cb45585721fc52ea8/transformed/lifecycle-livedata-core-2.8.5/AndroidManifest.xml
Merging manifest with lower [androidx.lifecycle:lifecycle-livedata-core:2.8.5] AndroidManifest.xml:17:1-22:12
uses-sdk defined in both files...
Merging uses-sdk with lower [androidx.lifecycle:lifecycle-livedata-core:2.8.5] AndroidManifest.xml:20:5-44
Merging library manifest /Users/enayat/.gradle/caches/8.12/transforms/22312c1c5a69848564de94f5a494867e/transformed/lifecycle-livedata-2.8.5/AndroidManifest.xml
Merging manifest with lower [androidx.lifecycle:lifecycle-livedata:2.8.5] AndroidManifest.xml:17:1-22:12
uses-sdk defined in both files...
Merging uses-sdk with lower [androidx.lifecycle:lifecycle-livedata:2.8.5] AndroidManifest.xml:20:5-44
Merging library manifest /Users/enayat/.gradle/caches/8.12/transforms/493275df0b984fe0d9606b796fad6050/transformed/lifecycle-viewmodel-2.8.5/AndroidManifest.xml
Merging manifest with lower [androidx.lifecycle:lifecycle-viewmodel:2.8.5] AndroidManifest.xml:2:1-5:12
uses-sdk defined in both files...
Merging uses-sdk with lower [androidx.lifecycle:lifecycle-viewmodel:2.8.5] AndroidManifest.xml:4:5-43
Merging library manifest /Users/enayat/.gradle/caches/8.12/transforms/9f4d9cf2b2f0ec2590ab84099ce500d6/transformed/jetified-lifecycle-viewmodel-release/AndroidManifest.xml
Merging manifest with lower [androidx.lifecycle:lifecycle-viewmodel-android:2.8.5] AndroidManifest.xml:17:1-22:12
uses-sdk defined in both files...
Merging uses-sdk with lower [androidx.lifecycle:lifecycle-viewmodel-android:2.8.5] AndroidManifest.xml:20:5-44
Merging library manifest /Users/enayat/.gradle/caches/8.12/transforms/f1748a7ada9a2630ae186fc79eecc7b8/transformed/jetified-lifecycle-runtime-release/AndroidManifest.xml
Merging manifest with lower [androidx.lifecycle:lifecycle-runtime-android:2.8.5] AndroidManifest.xml:17:1-22:12
uses-sdk defined in both files...
Merging uses-sdk with lower [androidx.lifecycle:lifecycle-runtime-android:2.8.5] AndroidManifest.xml:20:5-44
Merging library manifest /Users/enayat/.gradle/caches/8.12/transforms/25a55c0bf0c81dfd9854b6f4c31e1826/transformed/jetified-lifecycle-viewmodel-savedstate-2.8.5/AndroidManifest.xml
Merging manifest with lower [androidx.lifecycle:lifecycle-viewmodel-savedstate:2.8.5] AndroidManifest.xml:17:1-22:12
uses-sdk defined in both files...
Merging uses-sdk with lower [androidx.lifecycle:lifecycle-viewmodel-savedstate:2.8.5] AndroidManifest.xml:20:5-44
Merging library manifest /Users/enayat/.gradle/caches/8.12/transforms/c31f43e19dbfa1c828ae844367c0f19a/transformed/jetified-savedstate-1.2.1/AndroidManifest.xml
Merging manifest with lower [androidx.savedstate:savedstate:1.2.1] AndroidManifest.xml:17:1-22:12
uses-sdk defined in both files...
Merging uses-sdk with lower [androidx.savedstate:savedstate:1.2.1] AndroidManifest.xml:20:5-44
Merging library manifest /Users/enayat/.gradle/caches/8.12/transforms/3ba2360cc7457104cb3822f87b98a580/transformed/jetified-lifecycle-runtime-compose-release/AndroidManifest.xml
Merging manifest with lower [androidx.lifecycle:lifecycle-runtime-compose-android:2.8.5] AndroidManifest.xml:2:1-7:12
uses-sdk defined in both files...
Merging uses-sdk with lower [androidx.lifecycle:lifecycle-runtime-compose-android:2.8.5] AndroidManifest.xml:5:5-44
Merging library manifest /Users/enayat/.gradle/caches/8.12/transforms/717156ec2c839f74ff20a87b85167fb7/transformed/jetified-lifecycle-viewmodel-compose-release/AndroidManifest.xml
Merging manifest with lower [androidx.lifecycle:lifecycle-viewmodel-compose-android:2.8.5] AndroidManifest.xml:2:1-7:12
uses-sdk defined in both files...
Merging uses-sdk with lower [androidx.lifecycle:lifecycle-viewmodel-compose-android:2.8.5] AndroidManifest.xml:5:5-44
Merging library manifest /Users/enayat/.gradle/caches/8.12/transforms/81c730f0b78d0edef66fb58a857078f5/transformed/jetified-ui-release/AndroidManifest.xml
Merging manifest with lower [androidx.compose.ui:ui-android:1.7.7] AndroidManifest.xml:2:1-7:12
uses-sdk defined in both files...
Merging uses-sdk with lower [androidx.compose.ui:ui-android:1.7.7] AndroidManifest.xml:5:5-44
Merging library manifest /Users/enayat/.gradle/caches/8.12/transforms/79111a7a7615f3199e7fb4a21a0d8f89/transformed/jetified-activity-ktx-1.8.2/AndroidManifest.xml
Merging manifest with lower [androidx.activity:activity-ktx:1.8.2] AndroidManifest.xml:2:1-7:12
uses-sdk defined in both files...
Merging uses-sdk with lower [androidx.activity:activity-ktx:1.8.2] AndroidManifest.xml:5:5-44
Merging library manifest /Users/enayat/.gradle/caches/8.12/transforms/a65ece95556153db4de2a1cc6c95277d/transformed/jetified-activity-compose-1.8.2/AndroidManifest.xml
Merging manifest with lower [androidx.activity:activity-compose:1.8.2] AndroidManifest.xml:2:1-7:12
uses-sdk defined in both files...
Merging uses-sdk with lower [androidx.activity:activity-compose:1.8.2] AndroidManifest.xml:5:5-44
Merging library manifest /Users/enayat/.gradle/caches/8.12/transforms/43dd3487e4a65f10fd895170d8cfc6fa/transformed/jetified-core-splashscreen-1.0.1/AndroidManifest.xml
Merging manifest with lower [androidx.core:core-splashscreen:1.0.1] AndroidManifest.xml:17:1-24:12
uses-sdk defined in both files...
Merging uses-sdk with lower [androidx.core:core-splashscreen:1.0.1] AndroidManifest.xml:20:5-22:41
Merging library manifest /Users/enayat/.gradle/caches/8.12/transforms/8390bc53162b09c96d8f508deb86ec77/transformed/jetified-runtime-saveable-release/AndroidManifest.xml
Merging manifest with lower [androidx.compose.runtime:runtime-saveable-android:1.7.7] AndroidManifest.xml:2:1-7:12
uses-sdk defined in both files...
Merging uses-sdk with lower [androidx.compose.runtime:runtime-saveable-android:1.7.7] AndroidManifest.xml:5:5-44
Merging library manifest /Users/enayat/.gradle/caches/8.12/transforms/7233b722c5e4d4a799b466be28a3433b/transformed/jetified-runtime-release/AndroidManifest.xml
Merging manifest with lower [androidx.compose.runtime:runtime-android:1.7.7] AndroidManifest.xml:2:1-7:12
uses-sdk defined in both files...
Merging uses-sdk with lower [androidx.compose.runtime:runtime-android:1.7.7] AndroidManifest.xml:5:5-44
Merging library manifest /Users/enayat/.gradle/caches/8.12/transforms/5bae1db2a4bae9587bba5f29812de1ed/transformed/jetified-annotation-experimental-1.4.1/AndroidManifest.xml
Merging manifest with lower [androidx.annotation:annotation-experimental:1.4.1] AndroidManifest.xml:2:1-7:12
uses-sdk defined in both files...
Merging uses-sdk with lower [androidx.annotation:annotation-experimental:1.4.1] AndroidManifest.xml:5:5-44
Merging library manifest /Users/enayat/.gradle/caches/8.12/transforms/294993817bfc234bc0ee57fe92baed06/transformed/jetified-security-crypto-1.1.0-alpha06/AndroidManifest.xml
Merging manifest with lower [androidx.security:security-crypto:1.1.0-alpha06] AndroidManifest.xml:17:1-22:12
uses-sdk defined in both files...
Merging uses-sdk with lower [androidx.security:security-crypto:1.1.0-alpha06] AndroidManifest.xml:20:5-44
Merging library manifest /Users/enayat/.gradle/caches/8.12/transforms/48414670bdb0f77beb0475e610b1793f/transformed/versionedparcelable-1.1.1/AndroidManifest.xml
Merging manifest with lower [androidx.versionedparcelable:versionedparcelable:1.1.1] AndroidManifest.xml:17:1-27:12
uses-sdk defined in both files...
Merging uses-sdk with lower [androidx.versionedparcelable:versionedparcelable:1.1.1] AndroidManifest.xml:20:5-22:41
application defined in both files...
Merging application with lower [androidx.versionedparcelable:versionedparcelable:1.1.1] AndroidManifest.xml:24:5-25:19
Merging library manifest /Users/enayat/.gradle/caches/8.12/transforms/deb725841a431cde45a4d11506ab38b7/transformed/cursoradapter-1.0.0/AndroidManifest.xml
Merging manifest with lower [androidx.cursoradapter:cursoradapter:1.0.0] AndroidManifest.xml:17:1-22:12
uses-sdk defined in both files...
Merging uses-sdk with lower [androidx.cursoradapter:cursoradapter:1.0.0] AndroidManifest.xml:20:5-44
Merging library manifest /Users/enayat/.gradle/caches/8.12/transforms/75be9547c1d2d00b2443445bd709e81a/transformed/cardview-1.0.0/AndroidManifest.xml
Merging manifest with lower [androidx.cardview:cardview:1.0.0] AndroidManifest.xml:17:1-22:12
uses-sdk defined in both files...
Merging uses-sdk with lower [androidx.cardview:cardview:1.0.0] AndroidManifest.xml:20:5-44
Merging library manifest /Users/enayat/.gradle/caches/8.12/transforms/6b169fb36969ec5d5af0545de28d5904/transformed/core-runtime-2.2.0/AndroidManifest.xml
Merging manifest with lower [androidx.arch.core:core-runtime:2.2.0] AndroidManifest.xml:17:1-22:12
uses-sdk defined in both files...
Merging uses-sdk with lower [androidx.arch.core:core-runtime:2.2.0] AndroidManifest.xml:20:5-44
Merging library manifest /Users/enayat/.gradle/caches/8.12/transforms/900d1ffcbd12eab67d0ff93140b27b86/transformed/jetified-profileinstaller-1.3.1/AndroidManifest.xml
Merging manifest with lower [androidx.profileinstaller:profileinstaller:1.3.1] AndroidManifest.xml:17:1-55:12
uses-sdk defined in both files...
Merging uses-sdk with lower [androidx.profileinstaller:profileinstaller:1.3.1] AndroidManifest.xml:21:5-44
application defined in both files...
Merging application with lower [androidx.profileinstaller:profileinstaller:1.3.1] AndroidManifest.xml:23:5-53:19
provider#androidx.startup.InitializationProvider defined in both files...
Merging provider#androidx.startup.InitializationProvider with lower [androidx.profileinstaller:profileinstaller:1.3.1] AndroidManifest.xml:24:9-32:20
Adopted [meta-data: null]
Adopted [receiver: null]
Merging library manifest /Users/enayat/.gradle/caches/8.12/transforms/1115d6bb806291f5e11cbb998a52e77c/transformed/jetified-startup-runtime-1.1.1/AndroidManifest.xml
Merging manifest with lower [androidx.startup:startup-runtime:1.1.1] AndroidManifest.xml:17:1-33:12
uses-sdk defined in both files...
Merging uses-sdk with lower [androidx.startup:startup-runtime:1.1.1] AndroidManifest.xml:21:5-23:41
application defined in both files...
Merging application with lower [androidx.startup:startup-runtime:1.1.1] AndroidManifest.xml:25:5-31:19
provider#androidx.startup.InitializationProvider defined in both files...
Merging provider#androidx.startup.InitializationProvider with lower [androidx.startup:startup-runtime:1.1.1] AndroidManifest.xml:26:9-30:34
Merging library manifest /Users/enayat/.gradle/caches/8.12/transforms/53082148261a79363c27643275cf5f4a/transformed/jetified-tracing-1.0.0/AndroidManifest.xml
Merging manifest with lower [androidx.tracing:tracing:1.0.0] AndroidManifest.xml:17:1-24:12
uses-sdk defined in both files...
Merging uses-sdk with lower [androidx.tracing:tracing:1.0.0] AndroidManifest.xml:20:5-22:41
Merging library manifest /Users/enayat/.gradle/caches/8.12/transforms/9bb7e4247efa19d3b331c90e41d56256/transformed/interpolator-1.0.0/AndroidManifest.xml
Merging manifest with lower [androidx.interpolator:interpolator:1.0.0] AndroidManifest.xml:17:1-22:12
uses-sdk defined in both files...
Merging uses-sdk with lower [androidx.interpolator:interpolator:1.0.0] AndroidManifest.xml:20:5-44
Merging library manifest /Users/enayat/.gradle/caches/8.12/transforms/0804af648adeb33b2b533c1eb4750008/transformed/documentfile-1.0.0/AndroidManifest.xml
Merging manifest with lower [androidx.documentfile:documentfile:1.0.0] AndroidManifest.xml:17:1-22:12
uses-sdk defined in both files...
Merging uses-sdk with lower [androidx.documentfile:documentfile:1.0.0] AndroidManifest.xml:20:5-44
Merging library manifest /Users/enayat/.gradle/caches/8.12/transforms/03035f6f6c75dd8e4ca29582043d090f/transformed/localbroadcastmanager-1.0.0/AndroidManifest.xml
Merging manifest with lower [androidx.localbroadcastmanager:localbroadcastmanager:1.0.0] AndroidManifest.xml:17:1-22:12
uses-sdk defined in both files...
Merging uses-sdk with lower [androidx.localbroadcastmanager:localbroadcastmanager:1.0.0] AndroidManifest.xml:20:5-44
Merging library manifest /Users/enayat/.gradle/caches/8.12/transforms/685cc7416e0386f564b549452415e136/transformed/print-1.0.0/AndroidManifest.xml
Merging manifest with lower [androidx.print:print:1.0.0] AndroidManifest.xml:17:1-22:12
uses-sdk defined in both files...
Merging uses-sdk with lower [androidx.print:print:1.0.0] AndroidManifest.xml:20:5-44
Merging result: SUCCESS
1<?xml version="1.0" encoding="utf-8"?>
2<manifest xmlns:android="http://schemas.android.com/apk/res/android"
3    package="com.deepeye.otg"
4    android:versionCode="20280"
5    android:versionName="2026.20" >
6
7    <uses-sdk
8        android:minSdkVersion="26"
9        android:targetSdkVersion="35" />
10
11    <uses-feature android:name="android.hardware.usb.host" />
11-->/Users/enayat/Documents/DeepEyeUnlocker/app/src/main/AndroidManifest.xml:4:5-62
11-->/Users/enayat/Documents/DeepEyeUnlocker/app/src/main/AndroidManifest.xml:4:19-59
12
13    <uses-permission android:name="android.permission.VIBRATE" />
13-->/Users/enayat/Documents/DeepEyeUnlocker/app/src/main/AndroidManifest.xml:5:5-66
13-->/Users/enayat/Documents/DeepEyeUnlocker/app/src/main/AndroidManifest.xml:5:22-63
14    <uses-permission android:name="android.permission.INTERNET" />
14-->/Users/enayat/Documents/DeepEyeUnlocker/app/src/main/AndroidManifest.xml:6:5-67
14-->/Users/enayat/Documents/DeepEyeUnlocker/app/src/main/AndroidManifest.xml:6:22-64
15    <uses-permission android:name="android.permission.WAKE_LOCK" />
15-->/Users/enayat/Documents/DeepEyeUnlocker/app/src/main/AndroidManifest.xml:7:5-68
15-->/Users/enayat/Documents/DeepEyeUnlocker/app/src/main/AndroidManifest.xml:7:22-65
16    <uses-permission android:name="android.permission.FOREGROUND_SERVICE" />
16-->/Users/enayat/Documents/DeepEyeUnlocker/app/src/main/AndroidManifest.xml:8:5-77
16-->/Users/enayat/Documents/DeepEyeUnlocker/app/src/main/AndroidManifest.xml:8:22-74
17    <uses-permission android:name="android.permission.FOREGROUND_SERVICE_CONNECTED_DEVICE" />
17-->/Users/enayat/Documents/DeepEyeUnlocker/app/src/main/AndroidManifest.xml:9:5-94
17-->/Users/enayat/Documents/DeepEyeUnlocker/app/src/main/AndroidManifest.xml:9:22-91
18
19    <permission
19-->[androidx.core:core:1.13.1] /Users/enayat/.gradle/caches/8.12/transforms/aa5e289a5834796e7d7bdf7a293eeceb/transformed/core-1.13.1/AndroidManifest.xml:22:5-24:47
20        android:name="com.deepeye.otg.DYNAMIC_RECEIVER_NOT_EXPORTED_PERMISSION"
20-->[androidx.core:core:1.13.1] /Users/enayat/.gradle/caches/8.12/transforms/aa5e289a5834796e7d7bdf7a293eeceb/transformed/core-1.13.1/AndroidManifest.xml:23:9-81
21        android:protectionLevel="signature" />
21-->[androidx.core:core:1.13.1] /Users/enayat/.gradle/caches/8.12/transforms/aa5e289a5834796e7d7bdf7a293eeceb/transformed/core-1.13.1/AndroidManifest.xml:24:9-44
22
23    <uses-permission android:name="com.deepeye.otg.DYNAMIC_RECEIVER_NOT_EXPORTED_PERMISSION" />
23-->[androidx.core:core:1.13.1] /Users/enayat/.gradle/caches/8.12/transforms/aa5e289a5834796e7d7bdf7a293eeceb/transformed/core-1.13.1/AndroidManifest.xml:26:5-97
23-->[androidx.core:core:1.13.1] /Users/enayat/.gradle/caches/8.12/transforms/aa5e289a5834796e7d7bdf7a293eeceb/transformed/core-1.13.1/AndroidManifest.xml:26:22-94
24
25    <application
25-->/Users/enayat/Documents/DeepEyeUnlocker/app/src/main/AndroidManifest.xml:11:5-44:19
26        android:name="com.deepeye.otg.DeepEyeApplication"
26-->/Users/enayat/Documents/DeepEyeUnlocker/app/src/main/AndroidManifest.xml:11:18-52
27        android:allowBackup="false"
27-->/Users/enayat/Documents/DeepEyeUnlocker/app/src/main/AndroidManifest.xml:11:53-80
28        android:appComponentFactory="androidx.core.app.CoreComponentFactory"
28-->[androidx.core:core:1.13.1] /Users/enayat/.gradle/caches/8.12/transforms/aa5e289a5834796e7d7bdf7a293eeceb/transformed/core-1.13.1/AndroidManifest.xml:28:18-86
29        android:debuggable="false"
29-->/Users/enayat/Documents/DeepEyeUnlocker/app/src/main/AndroidManifest.xml:11:81-107
30        android:extractNativeLibs="false"
31        android:icon="@mipmap/ic_launcher"
31-->/Users/enayat/Documents/DeepEyeUnlocker/app/src/main/AndroidManifest.xml:11:108-142
32        android:label="DeepEyeUnlocker"
32-->/Users/enayat/Documents/DeepEyeUnlocker/app/src/main/AndroidManifest.xml:11:143-174
33        android:networkSecurityConfig="@xml/network_security_config"
33-->/Users/enayat/Documents/DeepEyeUnlocker/app/src/main/AndroidManifest.xml:11:175-235
34        android:roundIcon="@mipmap/ic_launcher_round"
34-->/Users/enayat/Documents/DeepEyeUnlocker/app/src/main/AndroidManifest.xml:11:236-281
35        android:supportsRtl="true"
35-->/Users/enayat/Documents/DeepEyeUnlocker/app/src/main/AndroidManifest.xml:11:282-308
36        android:theme="@style/Theme.DeepEye.Portable" >
36-->/Users/enayat/Documents/DeepEyeUnlocker/app/src/main/AndroidManifest.xml:11:309-354
37        <activity
37-->/Users/enayat/Documents/DeepEyeUnlocker/app/src/main/AndroidManifest.xml:13:9-18:20
38            android:name="com.deepeye.otg.ui.OtgActivity"
38-->/Users/enayat/Documents/DeepEyeUnlocker/app/src/main/AndroidManifest.xml:13:19-49
39            android:configChanges="orientation|screenSize|keyboardHidden"
39-->/Users/enayat/Documents/DeepEyeUnlocker/app/src/main/AndroidManifest.xml:13:127-188
40            android:directBootAware="true"
40-->/Users/enayat/Documents/DeepEyeUnlocker/app/src/main/AndroidManifest.xml:13:221-251
41            android:exported="true"
41-->/Users/enayat/Documents/DeepEyeUnlocker/app/src/main/AndroidManifest.xml:13:50-73
42            android:launchMode="singleTask"
42-->/Users/enayat/Documents/DeepEyeUnlocker/app/src/main/AndroidManifest.xml:13:189-220
43            android:theme="@style/Theme.DeepEye.Portable.Splash" >
43-->/Users/enayat/Documents/DeepEyeUnlocker/app/src/main/AndroidManifest.xml:13:74-126
44            <intent-filter>
44-->/Users/enayat/Documents/DeepEyeUnlocker/app/src/main/AndroidManifest.xml:14:13-17:29
45                <action android:name="android.intent.action.MAIN" />
45-->/Users/enayat/Documents/DeepEyeUnlocker/app/src/main/AndroidManifest.xml:15:17-69
45-->/Users/enayat/Documents/DeepEyeUnlocker/app/src/main/AndroidManifest.xml:15:25-66
46
47                <category android:name="android.intent.category.LAUNCHER" />
47-->/Users/enayat/Documents/DeepEyeUnlocker/app/src/main/AndroidManifest.xml:16:17-77
47-->/Users/enayat/Documents/DeepEyeUnlocker/app/src/main/AndroidManifest.xml:16:27-74
48            </intent-filter>
49        </activity>
50        <activity android:name="com.deepeye.otg.RemoteShareActivity" />
50-->/Users/enayat/Documents/DeepEyeUnlocker/app/src/main/AndroidManifest.xml:20:9-57
50-->/Users/enayat/Documents/DeepEyeUnlocker/app/src/main/AndroidManifest.xml:20:19-54
51
52        <receiver
52-->/Users/enayat/Documents/DeepEyeUnlocker/app/src/main/AndroidManifest.xml:22:9-37:20
53            android:name="com.deepeye.otg.usb.UsbManifestReceiver"
53-->/Users/enayat/Documents/DeepEyeUnlocker/app/src/main/AndroidManifest.xml:23:13-52
54            android:directBootAware="true"
54-->/Users/enayat/Documents/DeepEyeUnlocker/app/src/main/AndroidManifest.xml:26:13-43
55            android:enabled="true"
55-->/Users/enayat/Documents/DeepEyeUnlocker/app/src/main/AndroidManifest.xml:24:13-35
56            android:exported="false" >
56-->/Users/enayat/Documents/DeepEyeUnlocker/app/src/main/AndroidManifest.xml:25:13-37
57            <intent-filter>
57-->/Users/enayat/Documents/DeepEyeUnlocker/app/src/main/AndroidManifest.xml:28:13-32:29
58                <action android:name="android.hardware.usb.action.USB_DEVICE_ATTACHED" />
58-->/Users/enayat/Documents/DeepEyeUnlocker/app/src/main/AndroidManifest.xml:29:17-90
58-->/Users/enayat/Documents/DeepEyeUnlocker/app/src/main/AndroidManifest.xml:29:25-87
59                <action android:name="android.hardware.usb.action.USB_DEVICE_DETACHED" />
59-->/Users/enayat/Documents/DeepEyeUnlocker/app/src/main/AndroidManifest.xml:30:17-90
59-->/Users/enayat/Documents/DeepEyeUnlocker/app/src/main/AndroidManifest.xml:30:25-87
60                <action android:name="com.deepeye.otg.USB_PERMISSION" />
60-->/Users/enayat/Documents/DeepEyeUnlocker/app/src/main/AndroidManifest.xml:31:17-73
60-->/Users/enayat/Documents/DeepEyeUnlocker/app/src/main/AndroidManifest.xml:31:25-70
61            </intent-filter>
62
63            <meta-data
63-->/Users/enayat/Documents/DeepEyeUnlocker/app/src/main/AndroidManifest.xml:34:13-36:61
64                android:name="android.hardware.usb.action.USB_DEVICE_ATTACHED"
64-->/Users/enayat/Documents/DeepEyeUnlocker/app/src/main/AndroidManifest.xml:35:17-79
65                android:resource="@xml/usb_device_filter" />
65-->/Users/enayat/Documents/DeepEyeUnlocker/app/src/main/AndroidManifest.xml:36:17-58
66        </receiver>
67
68        <service
68-->/Users/enayat/Documents/DeepEyeUnlocker/app/src/main/AndroidManifest.xml:39:9-153
69            android:name="com.deepeye.otg.service.UsbForegroundService"
69-->/Users/enayat/Documents/DeepEyeUnlocker/app/src/main/AndroidManifest.xml:39:18-77
70            android:exported="false"
70-->/Users/enayat/Documents/DeepEyeUnlocker/app/src/main/AndroidManifest.xml:39:126-150
71            android:foregroundServiceType="connectedDevice" />
71-->/Users/enayat/Documents/DeepEyeUnlocker/app/src/main/AndroidManifest.xml:39:78-125
72
73        <provider
73-->/Users/enayat/Documents/DeepEyeUnlocker/app/src/main/AndroidManifest.xml:41:9-43:20
74            android:name="androidx.core.content.FileProvider"
74-->/Users/enayat/Documents/DeepEyeUnlocker/app/src/main/AndroidManifest.xml:41:19-68
75            android:authorities="com.deepeye.otg.fileprovider"
75-->/Users/enayat/Documents/DeepEyeUnlocker/app/src/main/AndroidManifest.xml:41:69-119
76            android:exported="false"
76-->/Users/enayat/Documents/DeepEyeUnlocker/app/src/main/AndroidManifest.xml:41:120-144
77            android:grantUriPermissions="true" >
77-->/Users/enayat/Documents/DeepEyeUnlocker/app/src/main/AndroidManifest.xml:41:145-179
78            <meta-data
78-->/Users/enayat/Documents/DeepEyeUnlocker/app/src/main/AndroidManifest.xml:42:13-112
79                android:name="android.support.FILE_PROVIDER_PATHS"
79-->/Users/enayat/Documents/DeepEyeUnlocker/app/src/main/AndroidManifest.xml:42:24-74
80                android:resource="@xml/file_paths" />
80-->/Users/enayat/Documents/DeepEyeUnlocker/app/src/main/AndroidManifest.xml:42:75-109
81        </provider>
82        <provider
82-->[androidx.emoji2:emoji2:1.3.0] /Users/enayat/.gradle/caches/8.12/transforms/680cb4c3c1c3a77fd1bcd91eb18555d1/transformed/jetified-emoji2-1.3.0/AndroidManifest.xml:24:9-32:20
83            android:name="androidx.startup.InitializationProvider"
83-->[androidx.emoji2:emoji2:1.3.0] /Users/enayat/.gradle/caches/8.12/transforms/680cb4c3c1c3a77fd1bcd91eb18555d1/transformed/jetified-emoji2-1.3.0/AndroidManifest.xml:25:13-67
84            android:authorities="com.deepeye.otg.androidx-startup"
84-->[androidx.emoji2:emoji2:1.3.0] /Users/enayat/.gradle/caches/8.12/transforms/680cb4c3c1c3a77fd1bcd91eb18555d1/transformed/jetified-emoji2-1.3.0/AndroidManifest.xml:26:13-68
85            android:exported="false" >
85-->[androidx.emoji2:emoji2:1.3.0] /Users/enayat/.gradle/caches/8.12/transforms/680cb4c3c1c3a77fd1bcd91eb18555d1/transformed/jetified-emoji2-1.3.0/AndroidManifest.xml:27:13-37
86            <meta-data
86-->[androidx.emoji2:emoji2:1.3.0] /Users/enayat/.gradle/caches/8.12/transforms/680cb4c3c1c3a77fd1bcd91eb18555d1/transformed/jetified-emoji2-1.3.0/AndroidManifest.xml:29:13-31:52
87                android:name="androidx.emoji2.text.EmojiCompatInitializer"
87-->[androidx.emoji2:emoji2:1.3.0] /Users/enayat/.gradle/caches/8.12/transforms/680cb4c3c1c3a77fd1bcd91eb18555d1/transformed/jetified-emoji2-1.3.0/AndroidManifest.xml:30:17-75
88                android:value="androidx.startup" />
88-->[androidx.emoji2:emoji2:1.3.0] /Users/enayat/.gradle/caches/8.12/transforms/680cb4c3c1c3a77fd1bcd91eb18555d1/transformed/jetified-emoji2-1.3.0/AndroidManifest.xml:31:17-49
89            <meta-data
89-->[androidx.lifecycle:lifecycle-process:2.8.5] /Users/enayat/.gradle/caches/8.12/transforms/cc2b4c7e274a2e177df47dd7ee32c95f/transformed/jetified-lifecycle-process-2.8.5/AndroidManifest.xml:29:13-31:52
90                android:name="androidx.lifecycle.ProcessLifecycleInitializer"
90-->[androidx.lifecycle:lifecycle-process:2.8.5] /Users/enayat/.gradle/caches/8.12/transforms/cc2b4c7e274a2e177df47dd7ee32c95f/transformed/jetified-lifecycle-process-2.8.5/AndroidManifest.xml:30:17-78
91                android:value="androidx.startup" />
91-->[androidx.lifecycle:lifecycle-process:2.8.5] /Users/enayat/.gradle/caches/8.12/transforms/cc2b4c7e274a2e177df47dd7ee32c95f/transformed/jetified-lifecycle-process-2.8.5/AndroidManifest.xml:31:17-49
92            <meta-data
92-->[androidx.profileinstaller:profileinstaller:1.3.1] /Users/enayat/.gradle/caches/8.12/transforms/900d1ffcbd12eab67d0ff93140b27b86/transformed/jetified-profileinstaller-1.3.1/AndroidManifest.xml:29:13-31:52
93                android:name="androidx.profileinstaller.ProfileInstallerInitializer"
93-->[androidx.profileinstaller:profileinstaller:1.3.1] /Users/enayat/.gradle/caches/8.12/transforms/900d1ffcbd12eab67d0ff93140b27b86/transformed/jetified-profileinstaller-1.3.1/AndroidManifest.xml:30:17-85
94                android:value="androidx.startup" />
94-->[androidx.profileinstaller:profileinstaller:1.3.1] /Users/enayat/.gradle/caches/8.12/transforms/900d1ffcbd12eab67d0ff93140b27b86/transformed/jetified-profileinstaller-1.3.1/AndroidManifest.xml:31:17-49
95        </provider>
96
97        <receiver
97-->[androidx.profileinstaller:profileinstaller:1.3.1] /Users/enayat/.gradle/caches/8.12/transforms/900d1ffcbd12eab67d0ff93140b27b86/transformed/jetified-profileinstaller-1.3.1/AndroidManifest.xml:34:9-52:20
98            android:name="androidx.profileinstaller.ProfileInstallReceiver"
98-->[androidx.profileinstaller:profileinstaller:1.3.1] /Users/enayat/.gradle/caches/8.12/transforms/900d1ffcbd12eab67d0ff93140b27b86/transformed/jetified-profileinstaller-1.3.1/AndroidManifest.xml:35:13-76
99            android:directBootAware="false"
99-->[androidx.profileinstaller:profileinstaller:1.3.1] /Users/enayat/.gradle/caches/8.12/transforms/900d1ffcbd12eab67d0ff93140b27b86/transformed/jetified-profileinstaller-1.3.1/AndroidManifest.xml:36:13-44
100            android:enabled="true"
100-->[androidx.profileinstaller:profileinstaller:1.3.1] /Users/enayat/.gradle/caches/8.12/transforms/900d1ffcbd12eab67d0ff93140b27b86/transformed/jetified-profileinstaller-1.3.1/AndroidManifest.xml:37:13-35
101            android:exported="true"
101-->[androidx.profileinstaller:profileinstaller:1.3.1] /Users/enayat/.gradle/caches/8.12/transforms/900d1ffcbd12eab67d0ff93140b27b86/transformed/jetified-profileinstaller-1.3.1/AndroidManifest.xml:38:13-36
102            android:permission="android.permission.DUMP" >
102-->[androidx.profileinstaller:profileinstaller:1.3.1] /Users/enayat/.gradle/caches/8.12/transforms/900d1ffcbd12eab67d0ff93140b27b86/transformed/jetified-profileinstaller-1.3.1/AndroidManifest.xml:39:13-57
103            <intent-filter>
103-->[androidx.profileinstaller:profileinstaller:1.3.1] /Users/enayat/.gradle/caches/8.12/transforms/900d1ffcbd12eab67d0ff93140b27b86/transformed/jetified-profileinstaller-1.3.1/AndroidManifest.xml:40:13-42:29
104                <action android:name="androidx.profileinstaller.action.INSTALL_PROFILE" />
104-->[androidx.profileinstaller:profileinstaller:1.3.1] /Users/enayat/.gradle/caches/8.12/transforms/900d1ffcbd12eab67d0ff93140b27b86/transformed/jetified-profileinstaller-1.3.1/AndroidManifest.xml:41:17-91
104-->[androidx.profileinstaller:profileinstaller:1.3.1] /Users/enayat/.gradle/caches/8.12/transforms/900d1ffcbd12eab67d0ff93140b27b86/transformed/jetified-profileinstaller-1.3.1/AndroidManifest.xml:41:25-88
105            </intent-filter>
106            <intent-filter>
106-->[androidx.profileinstaller:profileinstaller:1.3.1] /Users/enayat/.gradle/caches/8.12/transforms/900d1ffcbd12eab67d0ff93140b27b86/transformed/jetified-profileinstaller-1.3.1/AndroidManifest.xml:43:13-45:29
107                <action android:name="androidx.profileinstaller.action.SKIP_FILE" />
107-->[androidx.profileinstaller:profileinstaller:1.3.1] /Users/enayat/.gradle/caches/8.12/transforms/900d1ffcbd12eab67d0ff93140b27b86/transformed/jetified-profileinstaller-1.3.1/AndroidManifest.xml:44:17-85
107-->[androidx.profileinstaller:profileinstaller:1.3.1] /Users/enayat/.gradle/caches/8.12/transforms/900d1ffcbd12eab67d0ff93140b27b86/transformed/jetified-profileinstaller-1.3.1/AndroidManifest.xml:44:25-82
108            </intent-filter>
109            <intent-filter>
109-->[androidx.profileinstaller:profileinstaller:1.3.1] /Users/enayat/.gradle/caches/8.12/transforms/900d1ffcbd12eab67d0ff93140b27b86/transformed/jetified-profileinstaller-1.3.1/AndroidManifest.xml:46:13-48:29
110                <action android:name="androidx.profileinstaller.action.SAVE_PROFILE" />
110-->[androidx.profileinstaller:profileinstaller:1.3.1] /Users/enayat/.gradle/caches/8.12/transforms/900d1ffcbd12eab67d0ff93140b27b86/transformed/jetified-profileinstaller-1.3.1/AndroidManifest.xml:47:17-88
110-->[androidx.profileinstaller:profileinstaller:1.3.1] /Users/enayat/.gradle/caches/8.12/transforms/900d1ffcbd12eab67d0ff93140b27b86/transformed/jetified-profileinstaller-1.3.1/AndroidManifest.xml:47:25-85
111            </intent-filter>
112            <intent-filter>
112-->[androidx.profileinstaller:profileinstaller:1.3.1] /Users/enayat/.gradle/caches/8.12/transforms/900d1ffcbd12eab67d0ff93140b27b86/transformed/jetified-profileinstaller-1.3.1/AndroidManifest.xml:49:13-51:29
113                <action android:name="androidx.profileinstaller.action.BENCHMARK_OPERATION" />
113-->[androidx.profileinstaller:profileinstaller:1.3.1] /Users/enayat/.gradle/caches/8.12/transforms/900d1ffcbd12eab67d0ff93140b27b86/transformed/jetified-profileinstaller-1.3.1/AndroidManifest.xml:50:17-95
113-->[androidx.profileinstaller:profileinstaller:1.3.1] /Users/enayat/.gradle/caches/8.12/transforms/900d1ffcbd12eab67d0ff93140b27b86/transformed/jetified-profileinstaller-1.3.1/AndroidManifest.xml:50:25-92
114            </intent-filter>
115        </receiver>
116    </application>
117
118</manifest>

Merged manifest saved to /Users/enayat/Documents/DeepEyeUnlocker/app/build/intermediates/merged_manifest/release/AndroidManifest.xml
Resolve mutations for :app:processReleaseManifest (Thread[included builds,5,main]) started.
:app:processReleaseManifest (Thread[included builds,5,main]) started.

> Task :app:mergeReleaseResources
Compiling xml file /Users/enayat/.gradle/caches/8.12/transforms/aa5e289a5834796e7d7bdf7a293eeceb/transformed/core-1.13.1/res/layout-v21/notification_action_tombstone.xml to /Users/enayat/Documents/DeepEyeUnlocker/app/build/intermediates/merged_res/release/layout-v21_notification_action_tombstone.xml.flat
Compiling xml file /Users/enayat/.gradle/caches/8.12/transforms/77ac0f39ae7f2e03d321be88fee5ac34/transformed/material-1.11.0/res/drawable/mtrl_switch_thumb_pressed_checked.xml to /Users/enayat/Documents/DeepEyeUnlocker/app/build/intermediates/merged_res/release/drawable_mtrl_switch_thumb_pressed_checked.xml.flat
Compiling xml file /Users/enayat/.gradle/caches/8.12/transforms/a0ef34c79403f3354ffefc4722ee38e0/transformed/appcompat-1.6.1/res/layout/abc_screen_content_include.xml to /Users/enayat/Documents/DeepEyeUnlocker/app/build/intermediates/merged_res/release/layout_abc_screen_content_include.xml.flat
Compiling xml file /Users/enayat/.gradle/caches/8.12/transforms/77ac0f39ae7f2e03d321be88fee5ac34/transformed/material-1.11.0/res/color/mtrl_navigation_item_icon_tint.xml to /Users/enayat/Documents/DeepEyeUnlocker/app/build/intermediates/merged_res/release/color_mtrl_navigation_item_icon_tint.xml.flat
Compiling xml file /Users/enayat/.gradle/caches/8.12/transforms/a0ef34c79403f3354ffefc4722ee38e0/transformed/appcompat-1.6.1/res/drawable/abc_ratingbar_small_material.xml to /Users/enayat/Documents/DeepEyeUnlocker/app/build/intermediates/merged_res/release/drawable_abc_ratingbar_small_material.xml.flat
Compiling xml file /Users/enayat/.gradle/caches/8.12/transforms/a0ef34c79403f3354ffefc4722ee38e0/transformed/appcompat-1.6.1/res/layout/abc_list_menu_item_radio.xml to /Users/enayat/Documents/DeepEyeUnlocker/app/build/intermediates/merged_res/release/layout_abc_list_menu_item_radio.xml.flat
Compiling xml file /Users/enayat/Documents/DeepEyeUnlocker/app/src/main/res/drawable/glass_card.xml to /Users/enayat/Documents/DeepEyeUnlocker/app/build/intermediates/merged_res/release/drawable_glass_card.xml.flat
Compiling xml file /Users/enayat/.gradle/caches/8.12/transforms/77ac0f39ae7f2e03d321be88fee5ac34/transformed/material-1.11.0/res/layout/m3_auto_complete_simple_item.xml to /Users/enayat/Documents/DeepEyeUnlocker/app/build/intermediates/merged_res/release/layout_m3_auto_complete_simple_item.xml.flat
Compiling xml file /Users/enayat/.gradle/caches/8.12/transforms/77ac0f39ae7f2e03d321be88fee5ac34/transformed/material-1.11.0/res/color/mtrl_switch_track_decoration_tint.xml to /Users/enayat/Documents/DeepEyeUnlocker/app/build/intermediates/merged_res/release/color_mtrl_switch_track_decoration_tint.xml.flat
Compiling xml file /Users/enayat/.gradle/caches/8.12/transforms/77ac0f39ae7f2e03d321be88fee5ac34/transformed/material-1.11.0/res/color/mtrl_btn_stroke_color_selector.xml to /Users/enayat/Documents/DeepEyeUnlocker/app/build/intermediates/merged_res/release/color_mtrl_btn_stroke_color_selector.xml.flat
Compiling xml file /Users/enayat/.gradle/caches/8.12/transforms/77ac0f39ae7f2e03d321be88fee5ac34/transformed/material-1.11.0/res/color/mtrl_btn_text_btn_ripple_color.xml to /Users/enayat/Documents/DeepEyeUnlocker/app/build/intermediates/merged_res/release/color_mtrl_btn_text_btn_ripple_color.xml.flat
Compiling xml file /Users/enayat/.gradle/caches/8.12/transforms/77ac0f39ae7f2e03d321be88fee5ac34/transformed/material-1.11.0/res/color-v31/m3_ref_palette_dynamic_neutral94.xml to /Users/enayat/Documents/DeepEyeUnlocker/app/build/intermediates/merged_res/release/color-v31_m3_ref_palette_dynamic_neutral94.xml.flat
Compiling xml file /Users/enayat/.gradle/caches/8.12/transforms/77ac0f39ae7f2e03d321be88fee5ac34/transformed/material-1.11.0/res/drawable/m3_avd_show_password.xml to /Users/enayat/Documents/DeepEyeUnlocker/app/build/intermediates/merged_res/release/drawable_m3_avd_show_password.xml.flat
Compiling xml file /Users/enayat/.gradle/caches/8.12/transforms/77ac0f39ae7f2e03d321be88fee5ac34/transformed/material-1.11.0/res/layout-land/material_timepicker.xml to /Users/enayat/Documents/DeepEyeUnlocker/app/build/intermediates/merged_res/release/layout-land_material_timepicker.xml.flat
Compiling xml file /Users/enayat/.gradle/caches/8.12/transforms/aa5e289a5834796e7d7bdf7a293eeceb/transformed/core-1.13.1/res/layout/ime_base_split_test_activity.xml to /Users/enayat/Documents/DeepEyeUnlocker/app/build/intermediates/merged_res/release/layout_ime_base_split_test_activity.xml.flat
Compiling xml file /Users/enayat/.gradle/caches/8.12/transforms/a0ef34c79403f3354ffefc4722ee38e0/transformed/appcompat-1.6.1/res/anim/btn_checkbox_to_checked_box_outer_merged_animation.xml to /Users/enayat/Documents/DeepEyeUnlocker/app/build/intermediates/merged_res/release/anim_btn_checkbox_to_checked_box_outer_merged_animation.xml.flat
Compiling xml file /Users/enayat/.gradle/caches/8.12/transforms/77ac0f39ae7f2e03d321be88fee5ac34/transformed/material-1.11.0/res/color-v31/m3_ref_palette_dynamic_neutral12.xml to /Users/enayat/Documents/DeepEyeUnlocker/app/build/intermediates/merged_res/release/color-v31_m3_ref_palette_dynamic_neutral12.xml.flat
Compiling xml file /Users/enayat/.gradle/caches/8.12/transforms/77ac0f39ae7f2e03d321be88fee5ac34/transformed/material-1.11.0/res/drawable/avd_show_password.xml to /Users/enayat/Documents/DeepEyeUnlocker/app/build/intermediates/merged_res/release/drawable_avd_show_password.xml.flat
Compiling xml file /Users/enayat/.gradle/caches/8.12/transforms/77ac0f39ae7f2e03d321be88fee5ac34/transformed/material-1.11.0/res/color/mtrl_calendar_item_stroke_color.xml to /Users/enayat/Documents/DeepEyeUnlocker/app/build/intermediates/merged_res/release/color_mtrl_calendar_item_stroke_color.xml.flat
Compiling xml file /Users/enayat/.gradle/caches/8.12/transforms/77ac0f39ae7f2e03d321be88fee5ac34/transformed/material-1.11.0/res/color-v31/m3_dynamic_dark_default_color_secondary_text.xml to /Users/enayat/Documents/DeepEyeUnlocker/app/build/intermediates/merged_res/release/color-v31_m3_dynamic_dark_default_color_secondary_text.xml.flat
Compiling xml file /Users/enayat/.gradle/caches/8.12/transforms/77ac0f39ae7f2e03d321be88fee5ac34/transformed/material-1.11.0/res/layout/material_timepicker_dialog.xml to /Users/enayat/Documents/DeepEyeUnlocker/app/build/intermediates/merged_res/release/layout_material_timepicker_dialog.xml.flat
Compiling xml file /Users/enayat/.gradle/caches/8.12/transforms/77ac0f39ae7f2e03d321be88fee5ac34/transformed/material-1.11.0/res/animator/mtrl_extended_fab_show_motion_spec.xml to /Users/enayat/Documents/DeepEyeUnlocker/app/build/intermediates/merged_res/release/animator_mtrl_extended_fab_show_motion_spec.xml.flat
Compiling xml file /Users/enayat/.gradle/caches/8.12/transforms/aa5e289a5834796e7d7bdf7a293eeceb/transformed/core-1.13.1/res/drawable-anydpi-v21/ic_call_answer_low.xml to /Users/enayat/Documents/DeepEyeUnlocker/app/build/intermediates/merged_res/release/drawable-anydpi-v21_ic_call_answer_low.xml.flat
Compiling xml file /Users/enayat/Documents/DeepEyeUnlocker/app/src/main/res/drawable/chip_badge.xml to /Users/enayat/Documents/DeepEyeUnlocker/app/build/intermediates/merged_res/release/drawable_chip_badge.xml.flat
Compiling xml file /Users/enayat/.gradle/caches/8.12/transforms/77ac0f39ae7f2e03d321be88fee5ac34/transformed/material-1.11.0/res/layout/m3_alert_dialog_actions.xml to /Users/enayat/Documents/DeepEyeUnlocker/app/build/intermediates/merged_res/release/layout_m3_alert_dialog_actions.xml.flat
Compiling xml file /Users/enayat/.gradle/caches/8.12/transforms/a0ef34c79403f3354ffefc4722ee38e0/transformed/appcompat-1.6.1/res/anim/abc_fade_out.xml to /Users/enayat/Documents/DeepEyeUnlocker/app/build/intermediates/merged_res/release/anim_abc_fade_out.xml.flat
Compiling xml file /Users/enayat/.gradle/caches/8.12/transforms/77ac0f39ae7f2e03d321be88fee5ac34/transformed/material-1.11.0/res/animator/mtrl_fab_transformation_sheet_expand_spec.xml to /Users/enayat/Documents/DeepEyeUnlocker/app/build/intermediates/merged_res/release/animator_mtrl_fab_transformation_sheet_expand_spec.xml.flat
Compiling xml file /Users/enayat/.gradle/caches/8.12/transforms/77ac0f39ae7f2e03d321be88fee5ac34/transformed/material-1.11.0/res/color/m3_textfield_stroke_color.xml to /Users/enayat/Documents/DeepEyeUnlocker/app/build/intermediates/merged_res/release/color_m3_textfield_stroke_color.xml.flat
Compiling xml file /Users/enayat/.gradle/caches/8.12/transforms/77ac0f39ae7f2e03d321be88fee5ac34/transformed/material-1.11.0/res/color/mtrl_card_view_foreground.xml to /Users/enayat/Documents/DeepEyeUnlocker/app/build/intermediates/merged_res/release/color_mtrl_card_view_foreground.xml.flat
Compiling xml file /Users/enayat/.gradle/caches/8.12/transforms/77ac0f39ae7f2e03d321be88fee5ac34/transformed/material-1.11.0/res/color/material_on_surface_stroke.xml to /Users/enayat/Documents/DeepEyeUnlocker/app/build/intermediates/merged_res/release/color_material_on_surface_stroke.xml.flat
Compiling xml file /Users/enayat/.gradle/caches/8.12/transforms/77ac0f39ae7f2e03d321be88fee5ac34/transformed/material-1.11.0/res/drawable/mtrl_switch_thumb_checked.xml to /Users/enayat/Documents/DeepEyeUnlocker/app/build/intermediates/merged_res/release/drawable_mtrl_switch_thumb_checked.xml.flat
Compiling xml file /Users/enayat/.gradle/caches/8.12/transforms/77ac0f39ae7f2e03d321be88fee5ac34/transformed/material-1.11.0/res/animator/mtrl_btn_unelevated_state_list_anim.xml to /Users/enayat/Documents/DeepEyeUnlocker/app/build/intermediates/merged_res/release/animator_mtrl_btn_unelevated_state_list_anim.xml.flat
Compiling xml file /Users/enayat/.gradle/caches/8.12/transforms/77ac0f39ae7f2e03d321be88fee5ac34/transformed/material-1.11.0/res/color/m3_switch_track_tint.xml to /Users/enayat/Documents/DeepEyeUnlocker/app/build/intermediates/merged_res/release/color_m3_switch_track_tint.xml.flat
Compiling xml file /Users/enayat/.gradle/caches/8.12/transforms/77ac0f39ae7f2e03d321be88fee5ac34/transformed/material-1.11.0/res/color/m3_dark_hint_foreground.xml to /Users/enayat/Documents/DeepEyeUnlocker/app/build/intermediates/merged_res/release/color_m3_dark_hint_foreground.xml.flat
Compiling xml file /Users/enayat/.gradle/caches/8.12/transforms/a0ef34c79403f3354ffefc4722ee38e0/transformed/appcompat-1.6.1/res/anim/abc_popup_enter.xml to /Users/enayat/Documents/DeepEyeUnlocker/app/build/intermediates/merged_res/release/anim_abc_popup_enter.xml.flat
Compiling xml file /Users/enayat/.gradle/caches/8.12/transforms/77ac0f39ae7f2e03d321be88fee5ac34/transformed/material-1.11.0/res/color/m3_primary_text_disable_only.xml to /Users/enayat/Documents/DeepEyeUnlocker/app/build/intermediates/merged_res/release/color_m3_primary_text_disable_only.xml.flat
Compiling xml file /Users/enayat/.gradle/caches/8.12/transforms/77ac0f39ae7f2e03d321be88fee5ac34/transformed/material-1.11.0/res/color/m3_fab_ripple_color_selector.xml to /Users/enayat/Documents/DeepEyeUnlocker/app/build/intermediates/merged_res/release/color_m3_fab_ripple_color_selector.xml.flat
Compiling xml file /Users/enayat/.gradle/caches/8.12/transforms/a0ef34c79403f3354ffefc4722ee38e0/transformed/appcompat-1.6.1/res/drawable/abc_ic_menu_copy_mtrl_am_alpha.xml to /Users/enayat/Documents/DeepEyeUnlocker/app/build/intermediates/merged_res/release/drawable_abc_ic_menu_copy_mtrl_am_alpha.xml.flat
Compiling xml file /Users/enayat/.gradle/caches/8.12/transforms/77ac0f39ae7f2e03d321be88fee5ac34/transformed/material-1.11.0/res/animator/m3_extended_fab_change_size_collapse_motion_spec.xml to /Users/enayat/Documents/DeepEyeUnlocker/app/build/intermediates/merged_res/release/animator_m3_extended_fab_change_size_collapse_motion_spec.xml.flat
Compiling xml file /Users/enayat/.gradle/caches/8.12/transforms/77ac0f39ae7f2e03d321be88fee5ac34/transformed/material-1.11.0/res/drawable/mtrl_ic_checkbox_unchecked.xml to /Users/enayat/Documents/DeepEyeUnlocker/app/build/intermediates/merged_res/release/drawable_mtrl_ic_checkbox_unchecked.xml.flat
Compiling xml file /Users/enayat/.gradle/caches/8.12/transforms/77ac0f39ae7f2e03d321be88fee5ac34/transformed/material-1.11.0/res/layout/mtrl_picker_header_title_text.xml to /Users/enayat/Documents/DeepEyeUnlocker/app/build/intermediates/merged_res/release/layout_mtrl_picker_header_title_text.xml.flat
Compiling xml file /Users/enayat/.gradle/caches/8.12/transforms/a0ef34c79403f3354ffefc4722ee38e0/transformed/appcompat-1.6.1/res/anim/btn_checkbox_to_checked_icon_null_animation.xml to /Users/enayat/Documents/DeepEyeUnlocker/app/build/intermediates/merged_res/release/anim_btn_checkbox_to_checked_icon_null_animation.xml.flat
Compiling xml file /Users/enayat/.gradle/caches/8.12/transforms/77ac0f39ae7f2e03d321be88fee5ac34/transformed/material-1.11.0/res/color/mtrl_text_btn_text_color_selector.xml to /Users/enayat/Documents/DeepEyeUnlocker/app/build/intermediates/merged_res/release/color_mtrl_text_btn_text_color_selector.xml.flat
Compiling xml file /Users/enayat/.gradle/caches/8.12/transforms/77ac0f39ae7f2e03d321be88fee5ac34/transformed/material-1.11.0/res/color/m3_checkbox_button_tint.xml to /Users/enayat/Documents/DeepEyeUnlocker/app/build/intermediates/merged_res/release/color_m3_checkbox_button_tint.xml.flat
Compiling xml file /Users/enayat/.gradle/caches/8.12/transforms/77ac0f39ae7f2e03d321be88fee5ac34/transformed/material-1.11.0/res/layout/material_chip_input_combo.xml to /Users/enayat/Documents/DeepEyeUnlocker/app/build/intermediates/merged_res/release/layout_material_chip_input_combo.xml.flat
Compiling xml file /Users/enayat/.gradle/caches/8.12/transforms/77ac0f39ae7f2e03d321be88fee5ac34/transformed/material-1.11.0/res/color/mtrl_btn_bg_color_selector.xml to /Users/enayat/Documents/DeepEyeUnlocker/app/build/intermediates/merged_res/release/color_mtrl_btn_bg_color_selector.xml.flat
Compiling xml file /Users/enayat/.gradle/caches/8.12/transforms/77ac0f39ae7f2e03d321be88fee5ac34/transformed/material-1.11.0/res/color/mtrl_on_primary_text_btn_text_color_selector.xml to /Users/enayat/Documents/DeepEyeUnlocker/app/build/intermediates/merged_res/release/color_mtrl_on_primary_text_btn_text_color_selector.xml.flat
Compiling xml file /Users/enayat/.gradle/caches/8.12/transforms/aa5e289a5834796e7d7bdf7a293eeceb/transformed/core-1.13.1/res/layout-v21/notification_action.xml to /Users/enayat/Documents/DeepEyeUnlocker/app/build/intermediates/merged_res/release/layout-v21_notification_action.xml.flat
Compiling xml file /Users/enayat/.gradle/caches/8.12/transforms/77ac0f39ae7f2e03d321be88fee5ac34/transformed/material-1.11.0/res/color/m3_hint_foreground.xml to /Users/enayat/Documents/DeepEyeUnlocker/app/build/intermediates/merged_res/release/color_m3_hint_foreground.xml.flat
Compiling xml file /Users/enayat/.gradle/caches/8.12/transforms/a0ef34c79403f3354ffefc4722ee38e0/transformed/appcompat-1.6.1/res/layout/abc_activity_chooser_view_list_item.xml to /Users/enayat/Documents/DeepEyeUnlocker/app/build/intermediates/merged_res/release/layout_abc_activity_chooser_view_list_item.xml.flat
Compiling xml file /Users/enayat/.gradle/caches/8.12/transforms/a0ef34c79403f3354ffefc4722ee38e0/transformed/appcompat-1.6.1/res/drawable/abc_item_background_holo_light.xml to /Users/enayat/Documents/DeepEyeUnlocker/app/build/intermediates/merged_res/release/drawable_abc_item_background_holo_light.xml.flat
Compiling xml file /Users/enayat/.gradle/caches/8.12/transforms/77ac0f39ae7f2e03d321be88fee5ac34/transformed/material-1.11.0/res/layout/design_navigation_menu_item.xml to /Users/enayat/Documents/DeepEyeUnlocker/app/build/intermediates/merged_res/release/layout_design_navigation_menu_item.xml.flat

> Task :app:processReleaseManifest
Caching disabled for task ':app:processReleaseManifest' because:
  Build cache is disabled
Task ':app:processReleaseManifest' is not up-to-date because:
  Output property 'multiApkManifestOutputDirectory' file /Users/enayat/Documents/DeepEyeUnlocker/app/build/intermediates/merged_manifests/release has been removed.
  Output property 'multiApkManifestOutputDirectory' file /Users/enayat/Documents/DeepEyeUnlocker/app/build/intermediates/merged_manifests/release/AndroidManifest.xml has been removed.
  Output property 'multiApkManifestOutputDirectory' file /Users/enayat/Documents/DeepEyeUnlocker/app/build/intermediates/merged_manifests/release/output-metadata.json has been removed.
Resolve mutations for :app:processReleaseManifestForPackage (Thread[Execution worker,5,main]) started.
:app:processReleaseManifestForPackage (Thread[Execution worker,5,main]) started.

> Task :app:processReleaseManifestForPackage
Custom actions are attached to task ':app:processReleaseManifestForPackage'.
Caching disabled for task ':app:processReleaseManifestForPackage' because:
  Build cache is disabled
Task ':app:processReleaseManifestForPackage' is not up-to-date because:
  Output property 'packageManifests' file /Users/enayat/Documents/DeepEyeUnlocker/app/build/intermediates/packaged_manifests/release has been removed.
  Output property 'packageManifests' file /Users/enayat/Documents/DeepEyeUnlocker/app/build/intermediates/packaged_manifests/release/AndroidManifest.xml has been removed.
  Output property 'packageManifests' file /Users/enayat/Documents/DeepEyeUnlocker/app/build/intermediates/packaged_manifests/release/output-metadata.json has been removed.
Resolve mutations for :app:processReleaseResources (Thread[Execution worker Thread 3,5,main]) started.
:app:processReleaseResources (Thread[Execution worker Thread 3,5,main]) started.

> Task :app:processReleaseResources
Caching disabled for task ':app:processReleaseResources' because:
  Build cache is disabled
Task ':app:processReleaseResources' is not up-to-date because:
  Output property 'RClassOutputJar' file /Users/enayat/Documents/DeepEyeUnlocker/app/build/intermediates/compile_and_runtime_not_namespaced_r_class_jar/release/R.jar has been removed.
  Output property 'proguardOutputFile' file /Users/enayat/Documents/DeepEyeUnlocker/app/build/intermediates/aapt_proguard_file/release/aapt_rules.txt has been removed.
  Output property 'resPackageOutputFolder' file /Users/enayat/Documents/DeepEyeUnlocker/app/build/intermediates/processed_res/release/out has been removed.
  and more...
The input changes require a full rebuild for incremental task ':app:processReleaseResources'.
Aapt output file /Users/enayat/Documents/DeepEyeUnlocker/app/build/intermediates/processed_res/release/out/resources-release.ap_
Resolve mutations for :app:compileReleaseKotlin (Thread[Execution worker Thread 3,5,main]) started.
:app:compileReleaseKotlin (Thread[Execution worker Thread 3,5,main]) started.

> Task :app:compileReleaseKotlin
Caching disabled for task ':app:compileReleaseKotlin' because:
  Build cache is disabled
Task ':app:compileReleaseKotlin' is not up-to-date because:
  Value of input property 'incrementalCompilationEnabled$kotlin_gradle_plugin_common' has changed for task ':app:compileReleaseKotlin'
The input changes require a full rebuild for incremental task ':app:compileReleaseKotlin'.
file or directory '/Users/enayat/Documents/DeepEyeUnlocker/app/src/release/kotlin', not found
file or directory '/Users/enayat/Documents/DeepEyeUnlocker/app/src/release/java', not found
file or directory '/Users/enayat/Documents/DeepEyeUnlocker/app/src/release/kotlin', not found
file or directory '/Users/enayat/Documents/DeepEyeUnlocker/app/src/release/kotlin', not found
file or directory '/Users/enayat/Documents/DeepEyeUnlocker/app/src/release/java', not found
file or directory '/Users/enayat/Documents/DeepEyeUnlocker/app/src/main/java', not found
file or directory '/Users/enayat/Documents/DeepEyeUnlocker/app/src/main/java', not found
file or directory '/Users/enayat/Documents/DeepEyeUnlocker/app/src/main/java', not found
file or directory '/Users/enayat/Documents/DeepEyeUnlocker/app/src/release/java', not found
file or directory '/Users/enayat/Documents/DeepEyeUnlocker/app/src/release/kotlin', not found
file or directory '/Users/enayat/Documents/DeepEyeUnlocker/app/src/release/java', not found
file or directory '/Users/enayat/Documents/DeepEyeUnlocker/app/src/release/kotlin', not found
file or directory '/Users/enayat/Documents/DeepEyeUnlocker/app/src/release/kotlin', not found
file or directory '/Users/enayat/Documents/DeepEyeUnlocker/app/src/release/java', not found
file or directory '/Users/enayat/Documents/DeepEyeUnlocker/app/src/release/kotlin', not found
file or directory '/Users/enayat/Documents/DeepEyeUnlocker/app/src/release/java', not found
file or directory '/Users/enayat/Documents/DeepEyeUnlocker/app/src/release/kotlin', not found
file or directory '/Users/enayat/Documents/DeepEyeUnlocker/app/src/release/kotlin', not found
file or directory '/Users/enayat/Documents/DeepEyeUnlocker/app/src/release/java', not found
file or directory '/Users/enayat/Documents/DeepEyeUnlocker/app/src/main/java', not found
file or directory '/Users/enayat/Documents/DeepEyeUnlocker/app/src/main/java', not found
file or directory '/Users/enayat/Documents/DeepEyeUnlocker/app/src/main/java', not found
file or directory '/Users/enayat/Documents/DeepEyeUnlocker/app/src/release/java', not found
file or directory '/Users/enayat/Documents/DeepEyeUnlocker/app/src/release/kotlin', not found
file or directory '/Users/enayat/Documents/DeepEyeUnlocker/app/src/release/java', not found
file or directory '/Users/enayat/Documents/DeepEyeUnlocker/app/src/release/kotlin', not found
file or directory '/Users/enayat/Documents/DeepEyeUnlocker/app/src/release/kotlin', not found
file or directory '/Users/enayat/Documents/DeepEyeUnlocker/app/src/release/java', not found
file or directory '/Users/enayat/Documents/DeepEyeUnlocker/app/src/main/java', not found
file or directory '/Users/enayat/Documents/DeepEyeUnlocker/app/src/main/java', not found
file or directory '/Users/enayat/Documents/DeepEyeUnlocker/app/src/main/java', not found
file or directory '/Users/enayat/Documents/DeepEyeUnlocker/app/src/release/java', not found
file or directory '/Users/enayat/Documents/DeepEyeUnlocker/app/src/release/kotlin', not found
file or directory '/Users/enayat/Documents/DeepEyeUnlocker/app/src/release/java', not found
file or directory '/Users/enayat/Documents/DeepEyeUnlocker/app/src/release/kotlin', not found
file or directory '/Users/enayat/Documents/DeepEyeUnlocker/app/src/release/kotlin', not found
file or directory '/Users/enayat/Documents/DeepEyeUnlocker/app/src/release/java', not found
file or directory '/Users/enayat/Documents/DeepEyeUnlocker/app/src/main/java', not found
file or directory '/Users/enayat/Documents/DeepEyeUnlocker/app/src/main/java', not found
file or directory '/Users/enayat/Documents/DeepEyeUnlocker/app/src/main/java', not found
file or directory '/Users/enayat/Documents/DeepEyeUnlocker/app/src/release/java', not found
Kotlin source files: /Users/enayat/Documents/DeepEyeUnlocker/app/src/main/kotlin/com/deepeye/otg/DeepEyeApplication.kt, /Users/enayat/Documents/DeepEyeUnlocker/app/src/main/kotlin/com/deepeye/otg/ModelAdapter.kt, /Users/enayat/Documents/DeepEyeUnlocker/app/src/main/kotlin/com/deepeye/otg/viewmodel/UsbViewModel.kt, /Users/enayat/Documents/DeepEyeUnlocker/app/src/main/kotlin/com/deepeye/otg/viewmodel/UsbViewModelFactory.kt, /Users/enayat/Documents/DeepEyeUnlocker/app/src/main/kotlin/com/deepeye/otg/ui/viewmodel/LogEntry.kt, /Users/enayat/Documents/DeepEyeUnlocker/app/src/main/kotlin/com/deepeye/otg/ui/UsbStateMapper.kt, /Users/enayat/Documents/DeepEyeUnlocker/app/src/main/kotlin/com/deepeye/otg/ui/OtgActivity.kt, /Users/enayat/Documents/DeepEyeUnlocker/app/src/main/kotlin/com/deepeye/otg/ui/RemoteShareScreen.kt, /Users/enayat/Documents/DeepEyeUnlocker/app/src/main/kotlin/com/deepeye/otg/ui/screens/ConnectionTestScreen.kt, /Users/enayat/Documents/DeepEyeUnlocker/app/src/main/kotlin/com/deepeye/otg/ui/screens/MtpOnlyScreen.kt, /Users/enayat/Documents/DeepEyeUnlocker/app/src/main/kotlin/com/deepeye/otg/ui/screens/PartitionManagerScreen.kt, /Users/enayat/Documents/DeepEyeUnlocker/app/src/main/kotlin/com/deepeye/otg/ui/screens/CompleteScreen.kt, /Users/enayat/Documents/DeepEyeUnlocker/app/src/main/kotlin/com/deepeye/otg/ui/screens/ExecutingScreen.kt, /Users/enayat/Documents/DeepEyeUnlocker/app/src/main/kotlin/com/deepeye/otg/ui/screens/ErrorScreen.kt, /Users/enayat/Documents/DeepEyeUnlocker/app/src/main/kotlin/com/deepeye/otg/ui/screens/SettingsScreen.kt, /Users/enayat/Documents/DeepEyeUnlocker/app/src/main/kotlin/com/deepeye/otg/ui/screens/ImeiRepairScreen.kt, /Users/enayat/Documents/DeepEyeUnlocker/app/src/main/kotlin/com/deepeye/otg/ui/screens/WaitingScreen.kt, /Users/enayat/Documents/DeepEyeUnlocker/app/src/main/kotlin/com/deepeye/otg/ui/screens/NavTarget.kt, /Users/enayat/Documents/DeepEyeUnlocker/app/src/main/kotlin/com/deepeye/otg/ui/screens/ReportingScreen.kt, /Users/enayat/Documents/DeepEyeUnlocker/app/src/main/kotlin/com/deepeye/otg/ui/screens/MainScreen.kt, /Users/enayat/Documents/DeepEyeUnlocker/app/src/main/kotlin/com/deepeye/otg/ui/screens/TestHarnessScreen.kt, /Users/enayat/Documents/DeepEyeUnlocker/app/src/main/kotlin/com/deepeye/otg/ui/screens/LoadingScreen.kt, /Users/enayat/Documents/DeepEyeUnlocker/app/src/main/kotlin/com/deepeye/otg/ui/components/BrandSelectorBar.kt, /Users/enayat/Documents/DeepEyeUnlocker/app/src/main/kotlin/com/deepeye/otg/ui/components/GlassButton.kt, /Users/enayat/Documents/DeepEyeUnlocker/app/src/main/kotlin/com/deepeye/otg/ui/components/SafeDumpDialog.kt, /Users/enayat/Documents/DeepEyeUnlocker/app/src/main/kotlin/com/deepeye/otg/ui/components/GlassCard.kt, /Users/enayat/Documents/DeepEyeUnlocker/app/src/main/kotlin/com/deepeye/otg/ui/components/GlassProgressBar.kt, /Users/enayat/Documents/DeepEyeUnlocker/app/src/main/kotlin/com/deepeye/otg/ui/components/DebugOverlayPanel.kt, /Users/enayat/Documents/DeepEyeUnlocker/app/src/main/kotlin/com/deepeye/otg/ui/components/ConnectionModeBar.kt, /Users/enayat/Documents/DeepEyeUnlocker/app/src/main/kotlin/com/deepeye/otg/ui/components/DeviceIdentityCard.kt, /Users/enayat/Documents/DeepEyeUnlocker/app/src/main/kotlin/com/deepeye/otg/ui/components/UsbTypeCIcon.kt, /Users/enayat/Documents/DeepEyeUnlocker/app/src/main/kotlin/com/deepeye/otg/ui/components/ForensicExplorer.kt, /Users/enayat/Documents/DeepEyeUnlocker/app/src/main/kotlin/com/deepeye/otg/ui/components/GlassTabRow.kt, /Users/enayat/Documents/DeepEyeUnlocker/app/src/main/kotlin/com/deepeye/otg/ui/components/ActivationOverlay.kt, /Users/enayat/Documents/DeepEyeUnlocker/app/src/main/kotlin/com/deepeye/otg/ui/components/OemWarningBanner.kt, /Users/enayat/Documents/DeepEyeUnlocker/app/src/main/kotlin/com/deepeye/otg/ui/components/GlassBadge.kt, /Users/enayat/Documents/DeepEyeUnlocker/app/src/main/kotlin/com/deepeye/otg/ui/components/HexPeekDialog.kt, /Users/enayat/Documents/DeepEyeUnlocker/app/src/main/kotlin/com/deepeye/otg/ui/theme/StitchTokens.kt, /Users/enayat/Documents/DeepEyeUnlocker/app/src/main/kotlin/com/deepeye/otg/ui/theme/DeepEyeTheme.kt, /Users/enayat/Documents/DeepEyeUnlocker/app/src/main/kotlin/com/deepeye/otg/ui/theme/GlassTokens.kt, /Users/enayat/Documents/DeepEyeUnlocker/app/src/main/kotlin/com/deepeye/otg/ui/DeepEyeApp.kt, /Users/enayat/Documents/DeepEyeUnlocker/app/src/main/kotlin/com/deepeye/otg/BinaryDeployer.kt, /Users/enayat/Documents/DeepEyeUnlocker/app/src/main/kotlin/com/deepeye/otg/NativeBridge.kt, /Users/enayat/Documents/DeepEyeUnlocker/app/src/main/kotlin/com/deepeye/otg/testing/OtgTestHelper.kt, /Users/enayat/Documents/DeepEyeUnlocker/app/src/main/kotlin/com/deepeye/otg/usb/UsbSnapshotFactory.kt, /Users/enayat/Documents/DeepEyeUnlocker/app/src/main/kotlin/com/deepeye/otg/usb/UsbPermissionGuard.kt, /Users/enayat/Documents/DeepEyeUnlocker/app/src/main/kotlin/com/deepeye/otg/usb/UsbConnectionWatchdog.kt, /Users/enayat/Documents/DeepEyeUnlocker/app/src/main/kotlin/com/deepeye/otg/usb/OtgCapabilityChecker.kt, /Users/enayat/Documents/DeepEyeUnlocker/app/src/main/kotlin/com/deepeye/otg/usb/UsbLifecycleState.kt, /Users/enayat/Documents/DeepEyeUnlocker/app/src/main/kotlin/com/deepeye/otg/usb/UsbEndpointResolver.kt, /Users/enayat/Documents/DeepEyeUnlocker/app/src/main/kotlin/com/deepeye/otg/usb/UsbBroadcastReceiver.kt, /Users/enayat/Documents/DeepEyeUnlocker/app/src/main/kotlin/com/deepeye/otg/usb/UsbLifecycleManager.kt, /Users/enayat/Documents/DeepEyeUnlocker/app/src/main/kotlin/com/deepeye/otg/usb/UsbTimeoutConstants.kt, /Users/enayat/Documents/DeepEyeUnlocker/app/src/main/kotlin/com/deepeye/otg/usb/UsbLogger.kt, /Users/enayat/Documents/DeepEyeUnlocker/app/src/main/kotlin/com/deepeye/otg/usb/ProtocolDetector.kt, /Users/enayat/Documents/DeepEyeUnlocker/app/src/main/kotlin/com/deepeye/otg/usb/UsbDescriptorSnapshot.kt, /Users/enayat/Documents/DeepEyeUnlocker/app/src/main/kotlin/com/deepeye/otg/usb/UsbSessionManager.kt, /Users/enayat/Documents/DeepEyeUnlocker/app/src/main/kotlin/com/deepeye/otg/usb/OemCompatibilityLayer.kt, /Users/enayat/Documents/DeepEyeUnlocker/app/src/main/kotlin/com/deepeye/otg/usb/UsbManifestReceiver.kt, /Users/enayat/Documents/DeepEyeUnlocker/app/src/main/kotlin/com/deepeye/otg/usb/SafeBulkTransfer.kt, /Users/enayat/Documents/DeepEyeUnlocker/app/src/main/kotlin/com/deepeye/otg/usb/UsbTransferQueue.kt, /Users/enayat/Documents/DeepEyeUnlocker/app/src/main/kotlin/com/deepeye/otg/usb/UsbProtocols.kt, /Users/enayat/Documents/DeepEyeUnlocker/app/src/main/kotlin/com/deepeye/otg/UsbSessionState.kt, /Users/enayat/Documents/DeepEyeUnlocker/app/src/main/kotlin/com/deepeye/otg/PartitionAdapter.kt, /Users/enayat/Documents/DeepEyeUnlocker/app/src/main/kotlin/com/deepeye/otg/ConnectionState.kt, /Users/enayat/Documents/DeepEyeUnlocker/app/src/main/kotlin/com/deepeye/otg/ProtocolProbe.kt, /Users/enayat/Documents/DeepEyeUnlocker/app/src/main/kotlin/com/deepeye/otg/ModeHelper.kt, /Users/enayat/Documents/DeepEyeUnlocker/app/src/main/kotlin/com/deepeye/otg/service/UpdateManager.kt, /Users/enayat/Documents/DeepEyeUnlocker/app/src/main/kotlin/com/deepeye/otg/service/ModelSyncManager.kt, /Users/enayat/Documents/DeepEyeUnlocker/app/src/main/kotlin/com/deepeye/otg/service/TunnelManager.kt, /Users/enayat/Documents/DeepEyeUnlocker/app/src/main/kotlin/com/deepeye/otg/service/CloudClient.kt, /Users/enayat/Documents/DeepEyeUnlocker/app/src/main/kotlin/com/deepeye/otg/service/UsbForegroundService.kt, /Users/enayat/Documents/DeepEyeUnlocker/app/src/main/kotlin/com/deepeye/otg/service/ReportManager.kt, /Users/enayat/Documents/DeepEyeUnlocker/app/src/main/kotlin/com/deepeye/otg/service/LicenseManager.kt, /Users/enayat/Documents/DeepEyeUnlocker/app/src/main/kotlin/com/deepeye/otg/service/BinaryAssetManager.kt, /Users/enayat/Documents/DeepEyeUnlocker/app/src/main/kotlin/com/deepeye/otg/UsbPermissionManager.kt, /Users/enayat/Documents/DeepEyeUnlocker/app/src/main/kotlin/com/deepeye/otg/data/ConnectionMode.kt, /Users/enayat/Documents/DeepEyeUnlocker/app/src/main/kotlin/com/deepeye/otg/data/SettingsManager.kt, /Users/enayat/Documents/DeepEyeUnlocker/app/src/main/kotlin/com/deepeye/otg/data/HWIDEngine.kt, /Users/enayat/Documents/DeepEyeUnlocker/app/src/main/kotlin/com/deepeye/otg/data/UsbDeviceDatabase.kt, /Users/enayat/Documents/DeepEyeUnlocker/app/src/main/kotlin/com/deepeye/otg/data/FeatureData.kt, /Users/enayat/Documents/DeepEyeUnlocker/app/src/main/kotlin/com/deepeye/otg/data/BrandData.kt, /Users/enayat/Documents/DeepEyeUnlocker/app/src/main/kotlin/com/deepeye/otg/DaManager.kt, /Users/enayat/Documents/DeepEyeUnlocker/app/src/main/kotlin/com/deepeye/otg/engine/EngineDispatcher.kt, /Users/enayat/Documents/DeepEyeUnlocker/app/src/main/kotlin/com/deepeye/otg/RemoteShareActivity.kt, /Users/enayat/Documents/DeepEyeUnlocker/app/src/main/kotlin/com/deepeye/otg/domain/models/AuthModels.kt, /Users/enayat/Documents/DeepEyeUnlocker/app/src/main/kotlin/com/deepeye/otg/domain/models/DomainModels.kt, /Users/enayat/Documents/DeepEyeUnlocker/app/src/main/kotlin/com/deepeye/otg/domain/models/DeepEyeCatalogs.kt, /Users/enayat/Documents/DeepEyeUnlocker/app/src/main/kotlin/com/deepeye/otg/domain/engine/AvailabilityEngine.kt, /Users/enayat/Documents/DeepEyeUnlocker/app/src/main/kotlin/com/deepeye/otg/repair/NvBridge.kt, /Users/enayat/Documents/DeepEyeUnlocker/app/src/main/kotlin/com/deepeye/otg/policy/PolicyEngine.kt
Java source files: /Users/enayat/Documents/DeepEyeUnlocker/app/build/generated/source/buildConfig/release/com/deepeye/otg/BuildConfig.java
Script source files: 
Script file extensions: 
[KOTLIN] Kotlin compilation 'jdkHome' argument: null

AAPT2 aapt2-8.2.2-10154469-osx Daemon #0: shutdown
AAPT2 aapt2-8.2.2-10154469-osx Daemon #1: shutdown
AAPT2 aapt2-8.2.2-10154469-osx Daemon #2: shutdown
