WARNING: A restricted method in java.lang.System has been called
WARNING: java.lang.System::load has been called by net.rubygrapefruit.platform.internal.NativeLibraryLoader in an unnamed module (file:/Users/enayat/.gradle/wrapper/dists/gradle-8.12-bin/cetblhg4pflnnks72fxwobvgv/gradle-8.12/lib/native-platform-0.22-milestone-27.jar)
WARNING: Use --enable-native-access=ALL-UNNAMED to avoid a warning for callers in this module
WARNING: Restricted methods will be blocked in a future release unless native access is enabled

Initialized native services in: /Users/enayat/.gradle/native
Initialized jansi services in: /Users/enayat/.gradle/native
To honour the JVM settings for this build a single-use Daemon process will be forked. For more on this, please refer to https://docs.gradle.org/8.12/userguide/gradle_daemon.html#sec:disabling_the_daemon in the Gradle documentation.
Starting process 'command '/Library/Java/JavaVirtualMachines/temurin-17.jdk/Contents/Home/bin/java''. Working directory: /Users/enayat/.gradle/.tmp/tmp-jvm4987126682734586433probe Command: /Library/Java/JavaVirtualMachines/temurin-17.jdk/Contents/Home/bin/java -Xmx32m -Xms32m -cp . JavaProbe
Successfully started process 'command '/Library/Java/JavaVirtualMachines/temurin-17.jdk/Contents/Home/bin/java''
Received JVM installation metadata from '/Library/Java/JavaVirtualMachines/temurin-17.jdk/Contents/Home': {JAVA_HOME=/Library/Java/JavaVirtualMachines/temurin-17.jdk/Contents/Home, JAVA_VERSION=17.0.18, JAVA_VENDOR=Eclipse Adoptium, RUNTIME_NAME=OpenJDK Runtime Environment, RUNTIME_VERSION=17.0.18+8, VM_NAME=OpenJDK 64-Bit Server VM, VM_VERSION=17.0.18+8, VM_VENDOR=Eclipse Adoptium, OS_ARCH=x86_64}
Starting process 'Gradle build daemon'. Working directory: /Users/enayat/.gradle/daemon/8.12 Command: /Library/Java/JavaVirtualMachines/temurin-17.jdk/Contents/Home/bin/java --add-opens=java.base/java.lang=ALL-UNNAMED --add-opens=java.base/java.lang.invoke=ALL-UNNAMED --add-opens=java.base/java.util=ALL-UNNAMED --add-opens=java.prefs/java.util.prefs=ALL-UNNAMED --add-exports=jdk.compiler/com.sun.tools.javac.api=ALL-UNNAMED --add-exports=jdk.compiler/com.sun.tools.javac.util=ALL-UNNAMED --add-opens=java.base/java.util=ALL-UNNAMED --add-opens=java.prefs/java.util.prefs=ALL-UNNAMED --add-opens=java.base/java.nio.charset=ALL-UNNAMED --add-opens=java.base/java.net=ALL-UNNAMED --add-opens=java.base/java.util.concurrent.atomic=ALL-UNNAMED --add-opens=java.xml/javax.xml.namespace=ALL-UNNAMED -XX:MaxMetaspaceSize=1024m -Xmx8192m -Dfile.encoding=UTF-8 -Duser.country=US -Duser.language=en -Duser.variant -cp /Users/enayat/.gradle/wrapper/dists/gradle-8.12-bin/cetblhg4pflnnks72fxwobvgv/gradle-8.12/lib/gradle-daemon-main-8.12.jar -javaagent:/Users/enayat/.gradle/wrapper/dists/gradle-8.12-bin/cetblhg4pflnnks72fxwobvgv/gradle-8.12/lib/agents/gradle-instrumentation-agent-8.12.jar org.gradle.launcher.daemon.bootstrap.GradleDaemon 8.12
Successfully started process 'Gradle build daemon'
An attempt to start the daemon took 4.778 secs.
The client will now receive all logging from the daemon (pid: 99083). The daemon log file: /Users/enayat/.gradle/daemon/8.12/daemon-99083.out.log
Daemon will be stopped at the end of the build 
Using 4 worker leases.
Received JVM installation metadata from '/Library/Java/JavaVirtualMachines/temurin-17.jdk/Contents/Home': {JAVA_HOME=/Library/Java/JavaVirtualMachines/temurin-17.jdk/Contents/Home, JAVA_VERSION=17.0.18, JAVA_VENDOR=Eclipse Adoptium, RUNTIME_NAME=OpenJDK Runtime Environment, RUNTIME_VERSION=17.0.18+8, VM_NAME=OpenJDK 64-Bit Server VM, VM_VERSION=17.0.18+8, VM_VENDOR=Eclipse Adoptium, OS_ARCH=x86_64}
Watching the file system is configured to be enabled if available
Now considering [/Users/enayat/Documents/DeepEyeUnlocker] as hierarchies to watch
File system watching is active
Starting Build
Settings evaluated using settings file '/Users/enayat/Documents/DeepEyeUnlocker/settings.gradle.kts'.
Projects loaded. Root project using build file '/Users/enayat/Documents/DeepEyeUnlocker/build.gradle.kts'.
Included projects: [root project 'DeepEyeUnlocker', project ':app']

> Configure project :
Evaluating root project 'DeepEyeUnlocker' using build file '/Users/enayat/Documents/DeepEyeUnlocker/build.gradle.kts'.

> Configure project :app
Evaluating project ':app' using build file '/Users/enayat/Documents/DeepEyeUnlocker/app/build.gradle'.
Resolved plugin [id: 'com.android.application']
Resolved plugin [id: 'org.jetbrains.kotlin.android']
Resolved plugin [id: 'org.jetbrains.kotlin.plugin.compose']
Resolved plugin [id: 'com.google.dagger.hilt.android']
Resolved plugin [id: 'com.google.devtools.ksp']
Using default execution profile
Using Kotlin Gradle Plugin gradle85 variant
C/C++: android.ndkVersion from module build.gradle is [25.1.8937393]
C/C++: android.ndkPath from module build.gradle is not set
C/C++: ndk.dir in local.properties is not set
C/C++: Not considering ANDROID_NDK_HOME because support was removed after deprecation period.
C/C++: sdkFolder is /usr/local/share/android-commandlinetools
C/C++: android.ndkVersion from module build.gradle is [25.1.8937393]
C/C++: android.ndkPath from module build.gradle is not set
C/C++: ndk.dir in local.properties is not set
C/C++: Not considering ANDROID_NDK_HOME because support was removed after deprecation period.
C/C++: sdkFolder is /usr/local/share/android-commandlinetools
C/C++: android.ndkVersion from module build.gradle is [25.1.8937393]
C/C++: android.ndkPath from module build.gradle is not set
C/C++: ndk.dir in local.properties is not set
C/C++: Not considering ANDROID_NDK_HOME because support was removed after deprecation period.
C/C++: sdkFolder is /usr/local/share/android-commandlinetools
C/C++: android.ndkVersion from module build.gradle is [25.1.8937393]
C/C++: android.ndkPath from module build.gradle is not set
C/C++: ndk.dir in local.properties is not set
C/C++: Not considering ANDROID_NDK_HOME because support was removed after deprecation period.
C/C++: sdkFolder is /usr/local/share/android-commandlinetools
C/C++: android.ndkVersion from module build.gradle is [25.1.8937393]
C/C++: android.ndkPath from module build.gradle is not set
C/C++: ndk.dir in local.properties is not set
C/C++: Not considering ANDROID_NDK_HOME because support was removed after deprecation period.
C/C++: sdkFolder is /usr/local/share/android-commandlinetools
C/C++: android.ndkVersion from module build.gradle is [25.1.8937393]
C/C++: android.ndkPath from module build.gradle is not set
C/C++: ndk.dir in local.properties is not set
C/C++: Not considering ANDROID_NDK_HOME because support was removed after deprecation period.
C/C++: sdkFolder is /usr/local/share/android-commandlinetools
C/C++: android.ndkVersion from module build.gradle is [25.1.8937393]
C/C++: android.ndkPath from module build.gradle is not set
C/C++: ndk.dir in local.properties is not set
C/C++: Not considering ANDROID_NDK_HOME because support was removed after deprecation period.
C/C++: sdkFolder is /usr/local/share/android-commandlinetools
C/C++: android.ndkVersion from module build.gradle is [25.1.8937393]
C/C++: android.ndkPath from module build.gradle is not set
C/C++: ndk.dir in local.properties is not set
C/C++: Not considering ANDROID_NDK_HOME because support was removed after deprecation period.
C/C++: sdkFolder is /usr/local/share/android-commandlinetools
C/C++: android.ndkVersion from module build.gradle is [25.1.8937393]
C/C++: android.ndkPath from module build.gradle is not set
C/C++: ndk.dir in local.properties is not set
C/C++: Not considering ANDROID_NDK_HOME because support was removed after deprecation period.
C/C++: sdkFolder is /usr/local/share/android-commandlinetools
C/C++: android.ndkVersion from module build.gradle is [25.1.8937393]
C/C++: android.ndkPath from module build.gradle is not set
C/C++: ndk.dir in local.properties is not set
C/C++: Not considering ANDROID_NDK_HOME because support was removed after deprecation period.
C/C++: sdkFolder is /usr/local/share/android-commandlinetools
C/C++: android.ndkVersion from module build.gradle is [25.1.8937393]
C/C++: android.ndkPath from module build.gradle is not set
C/C++: ndk.dir in local.properties is not set
C/C++: Not considering ANDROID_NDK_HOME because support was removed after deprecation period.
C/C++: sdkFolder is /usr/local/share/android-commandlinetools
Parsed shrinker version: 8.2.47
Detected Android Gradle Plugin compose compiler configuration
Detected Android Gradle Plugin compose compiler configuration
Detected Android Gradle Plugin compose compiler configuration
Detected Android Gradle Plugin compose compiler configuration
Detected Android Gradle Plugin compose compiler configuration
All projects evaluated.
Task path ':app:assembleRelease' matched project ':app'
Task name matched 'assembleRelease'
Selected primary task 'assembleRelease' from project :app
Warning: SDK processing. This version only understands SDK XML versions up to 3 but an SDK XML file of version 4 was encountered. This can happen if you use versions of Android Studio and the command-line tools that were released at different times.
Tasks to be executed: [task ':app:preBuild', task ':app:preReleaseBuild', task ':app:configureCMakeRelWithDebInfo[arm64-v8a]', task ':app:buildCMakeRelWithDebInfo[arm64-v8a]', task ':app:configureCMakeRelWithDebInfo[armeabi-v7a]', task ':app:buildCMakeRelWithDebInfo[armeabi-v7a]', task ':app:configureCMakeRelWithDebInfo[x86_64]', task ':app:buildCMakeRelWithDebInfo[x86_64]', task ':app:mergeReleaseJniLibFolders', task ':app:mergeReleaseNativeLibs', task ':app:stripReleaseDebugSymbols', task ':app:extractReleaseNativeSymbolTables', task ':app:mergeReleaseNativeDebugMetadata', task ':app:checkReleaseDuplicateClasses', task ':app:mergeReleaseArtProfile', task ':app:buildKotlinToolingMetadata', task ':app:checkKotlinGradlePluginConfigurationErrors', task ':app:generateReleaseBuildConfig', task ':app:checkReleaseAarMetadata', task ':app:generateReleaseResValues', task ':app:mapReleaseSourceSetPaths', task ':app:generateReleaseResources', task ':app:mergeReleaseResources', task ':app:packageReleaseResources', task ':app:parseReleaseLocalResources', task ':app:createReleaseCompatibleScreenManifests', task ':app:extractDeepLinksRelease', task ':app:processReleaseMainManifest', task ':app:processReleaseManifest', task ':app:processReleaseManifestForPackage', task ':app:processReleaseResources', task ':app:kspReleaseKotlin', task ':app:compileReleaseKotlin', task ':app:javaPreCompileRelease', task ':app:compileReleaseJavaWithJavac', task ':app:hiltAggregateDepsRelease', task ':app:hiltJavaCompileRelease', task ':app:transformReleaseClassesWithAsm', task ':app:expandReleaseArtProfileWildcards', task ':app:extractProguardFiles', task ':app:mergeReleaseGeneratedProguardFiles', task ':app:processReleaseJavaRes', task ':app:mergeReleaseJavaResource', task ':app:minifyReleaseWithR8', task ':app:compileReleaseArtProfile', task ':app:mergeReleaseShaders', task ':app:compileReleaseShaders', task ':app:generateReleaseAssets', task ':app:mergeReleaseAssets', task ':app:compressReleaseAssets', task ':app:processApplicationManifestReleaseForBundle', task ':app:bundleReleaseResources', task ':app:shrinkReleaseRes', task ':app:optimizeReleaseResources', task ':app:collectReleaseDependencies', task ':app:sdkReleaseDependencyData', task ':app:validateSigningRelease', task ':app:writeReleaseAppMetadata', task ':app:writeReleaseSigningConfigVersions', task ':app:packageRelease', task ':app:createReleaseApkListingFileRedirect', task ':app:assembleRelease']
Tasks that were excluded: []
Resolve mutations for :app:preBuild (Thread[Execution worker Thread 2,5,main]) started.
:app:preBuild (Thread[included builds,5,main]) started.

> Task :app:preBuild UP-TO-DATE
Skipping task ':app:preBuild' as it has no actions.
Resolve mutations for :app:preReleaseBuild (Thread[included builds,5,main]) started.
:app:preReleaseBuild (Thread[included builds,5,main]) started.

> Task :app:preReleaseBuild UP-TO-DATE
Skipping task ':app:preReleaseBuild' as it has no actions.
Resolve mutations for :app:configureCMakeRelWithDebInfo[arm64-v8a] (Thread[included builds,5,main]) started.
:app:configureCMakeRelWithDebInfo[arm64-v8a] (Thread[included builds,5,main]) started.

> Task :app:configureCMakeRelWithDebInfo[arm64-v8a]
Caching disabled for task ':app:configureCMakeRelWithDebInfo[arm64-v8a]' because:
  Build cache is disabled
  Caching has been disabled for the task
Task ':app:configureCMakeRelWithDebInfo[arm64-v8a]' is not up-to-date because:
  Executed with '--rerun-tasks'.
Not watching anything anymore
C/C++: Parsing /usr/local/share/android-commandlinetools/build-tools/34.0.0/package.xml
C/C++: Parsing /usr/local/share/android-commandlinetools/build-tools/35.0.0/package.xml
C/C++: Parsing /usr/local/share/android-commandlinetools/cmake/3.22.1/package.xml
C/C++: Parsing legacy package: /usr/local/share/android-commandlinetools/cmdline-tools/latest
C/C++: Parsing /usr/local/share/android-commandlinetools/ndk/25.1.8937393/package.xml
C/C++: Parsing /usr/local/share/android-commandlinetools/platform-tools/package.xml
C/C++: Parsing /usr/local/share/android-commandlinetools/platforms/android-34/package.xml
C/C++: Parsing /usr/local/share/android-commandlinetools/platforms/android-35/package.xml
C/C++: /Users/enayat/Documents/DeepEyeUnlocker/app/src/main/jni/CMakeLists.txt release|arm64-v8a : Start JSON generation. Platform version: 26 min SDK version: arm64-v8a
C/C++: /Users/enayat/Documents/DeepEyeUnlocker/app/src/main/jni/CMakeLists.txt release|arm64-v8a : JSON '/Users/enayat/Documents/DeepEyeUnlocker/app/.cxx/RelWithDebInfo/474d3161/arm64-v8a/android_gradle_build.json' was up-to-date
C/C++: /Users/enayat/Documents/DeepEyeUnlocker/app/src/main/jni/CMakeLists.txt release|arm64-v8a : JSON generation completed without problems
C/C++: /Users/enayat/Documents/DeepEyeUnlocker/app/src/main/jni/CMakeLists.txt release|arm64-v8a : Writing build model to /Users/enayat/Documents/DeepEyeUnlocker/app/build/intermediates/cxx/RelWithDebInfo/474d3161/logs/arm64-v8a/build_model.json
Resolve mutations for :app:buildCMakeRelWithDebInfo[arm64-v8a] (Thread[Execution worker Thread 2,5,main]) started.
:app:buildCMakeRelWithDebInfo[arm64-v8a] (Thread[Execution worker Thread 2,5,main]) started.

> Task :app:buildCMakeRelWithDebInfo[arm64-v8a]
Caching disabled for task ':app:buildCMakeRelWithDebInfo[arm64-v8a]' because:
  Build cache is disabled
  Caching has been disabled for the task
Task ':app:buildCMakeRelWithDebInfo[arm64-v8a]' is not up-to-date because:
  Executed with '--rerun-tasks'.
C/C++: starting build
C/C++: reading expected JSONs
C/C++: done reading expected JSONs
C/C++: executing build commands for targets that produce .so files or executables
C/C++: evaluate miniconfig
C/C++: evaluate library deepeye_core (arm64-v8a)
C/C++: building target library deepeye_core because no targets are specified.
C/C++: evaluate library usb_static (arm64-v8a)
C/C++: not building target library usb_static because static libraries are not build by default.
C/C++: about to build targets deepeye_core
C/C++: Build deepeye_core
C/C++: /usr/local/share/android-commandlinetools/cmake/3.22.1/bin/ninja \
  -C \
  /Users/enayat/Documents/DeepEyeUnlocker/app/.cxx/RelWithDebInfo/474d3161/arm64-v8a \
  deepeye_core

Starting process 'command '/usr/local/share/android-commandlinetools/cmake/3.22.1/bin/ninja''. Working directory: /Users/enayat/Documents/DeepEyeUnlocker Command: /usr/local/share/android-commandlinetools/cmake/3.22.1/bin/ninja -C /Users/enayat/Documents/DeepEyeUnlocker/app/.cxx/RelWithDebInfo/474d3161/arm64-v8a deepeye_core
Successfully started process 'command '/usr/local/share/android-commandlinetools/cmake/3.22.1/bin/ninja''
C/C++: Received process result: 0
C/C++: check expected build outputs
C/C++: build complete
Resolve mutations for :app:configureCMakeRelWithDebInfo[armeabi-v7a] (Thread[Execution worker Thread 2,5,main]) started.
:app:configureCMakeRelWithDebInfo[armeabi-v7a] (Thread[Execution worker Thread 2,5,main]) started.

> Task :app:configureCMakeRelWithDebInfo[armeabi-v7a]
Caching disabled for task ':app:configureCMakeRelWithDebInfo[armeabi-v7a]' because:
  Build cache is disabled
  Caching has been disabled for the task
Task ':app:configureCMakeRelWithDebInfo[armeabi-v7a]' is not up-to-date because:
  Executed with '--rerun-tasks'.
C/C++: /Users/enayat/Documents/DeepEyeUnlocker/app/src/main/jni/CMakeLists.txt release|armeabi-v7a : Start JSON generation. Platform version: 26 min SDK version: armeabi-v7a
C/C++: /Users/enayat/Documents/DeepEyeUnlocker/app/src/main/jni/CMakeLists.txt release|armeabi-v7a : JSON '/Users/enayat/Documents/DeepEyeUnlocker/app/.cxx/RelWithDebInfo/474d3161/armeabi-v7a/android_gradle_build.json' was up-to-date
C/C++: /Users/enayat/Documents/DeepEyeUnlocker/app/src/main/jni/CMakeLists.txt release|armeabi-v7a : JSON generation completed without problems
C/C++: /Users/enayat/Documents/DeepEyeUnlocker/app/src/main/jni/CMakeLists.txt release|armeabi-v7a : Writing build model to /Users/enayat/Documents/DeepEyeUnlocker/app/build/intermediates/cxx/RelWithDebInfo/474d3161/logs/armeabi-v7a/build_model.json
Resolve mutations for :app:buildCMakeRelWithDebInfo[armeabi-v7a] (Thread[Execution worker,5,main]) started.
:app:buildCMakeRelWithDebInfo[armeabi-v7a] (Thread[Execution worker,5,main]) started.

> Task :app:buildCMakeRelWithDebInfo[armeabi-v7a]
Caching disabled for task ':app:buildCMakeRelWithDebInfo[armeabi-v7a]' because:
  Build cache is disabled
  Caching has been disabled for the task
Task ':app:buildCMakeRelWithDebInfo[armeabi-v7a]' is not up-to-date because:
  Executed with '--rerun-tasks'.
C/C++: starting build
C/C++: reading expected JSONs
C/C++: done reading expected JSONs
C/C++: executing build commands for targets that produce .so files or executables
C/C++: evaluate miniconfig
C/C++: evaluate library deepeye_core (armeabi-v7a)
C/C++: building target library deepeye_core because no targets are specified.
C/C++: evaluate library usb_static (armeabi-v7a)
C/C++: not building target library usb_static because static libraries are not build by default.
C/C++: about to build targets deepeye_core
C/C++: Build deepeye_core
C/C++: /usr/local/share/android-commandlinetools/cmake/3.22.1/bin/ninja \
  -C \
  /Users/enayat/Documents/DeepEyeUnlocker/app/.cxx/RelWithDebInfo/474d3161/armeabi-v7a \
  deepeye_core

Starting process 'command '/usr/local/share/android-commandlinetools/cmake/3.22.1/bin/ninja''. Working directory: /Users/enayat/Documents/DeepEyeUnlocker Command: /usr/local/share/android-commandlinetools/cmake/3.22.1/bin/ninja -C /Users/enayat/Documents/DeepEyeUnlocker/app/.cxx/RelWithDebInfo/474d3161/armeabi-v7a deepeye_core
Successfully started process 'command '/usr/local/share/android-commandlinetools/cmake/3.22.1/bin/ninja''
C/C++: Received process result: 0
C/C++: check expected build outputs
C/C++: build complete
Resolve mutations for :app:configureCMakeRelWithDebInfo[x86_64] (Thread[Execution worker,5,main]) started.
:app:configureCMakeRelWithDebInfo[x86_64] (Thread[Execution worker,5,main]) started.

> Task :app:configureCMakeRelWithDebInfo[x86_64]
Caching disabled for task ':app:configureCMakeRelWithDebInfo[x86_64]' because:
  Build cache is disabled
  Caching has been disabled for the task
Task ':app:configureCMakeRelWithDebInfo[x86_64]' is not up-to-date because:
  Executed with '--rerun-tasks'.
C/C++: /Users/enayat/Documents/DeepEyeUnlocker/app/src/main/jni/CMakeLists.txt release|x86_64 : Start JSON generation. Platform version: 26 min SDK version: x86_64
C/C++: /Users/enayat/Documents/DeepEyeUnlocker/app/src/main/jni/CMakeLists.txt release|x86_64 : JSON '/Users/enayat/Documents/DeepEyeUnlocker/app/.cxx/RelWithDebInfo/474d3161/x86_64/android_gradle_build.json' was up-to-date
C/C++: /Users/enayat/Documents/DeepEyeUnlocker/app/src/main/jni/CMakeLists.txt release|x86_64 : JSON generation completed without problems
C/C++: /Users/enayat/Documents/DeepEyeUnlocker/app/src/main/jni/CMakeLists.txt release|x86_64 : Writing build model to /Users/enayat/Documents/DeepEyeUnlocker/app/build/intermediates/cxx/RelWithDebInfo/474d3161/logs/x86_64/build_model.json
Resolve mutations for :app:buildCMakeRelWithDebInfo[x86_64] (Thread[Execution worker,5,main]) started.
:app:buildCMakeRelWithDebInfo[x86_64] (Thread[Execution worker,5,main]) started.

> Task :app:buildCMakeRelWithDebInfo[x86_64]
Caching disabled for task ':app:buildCMakeRelWithDebInfo[x86_64]' because:
  Build cache is disabled
  Caching has been disabled for the task
Task ':app:buildCMakeRelWithDebInfo[x86_64]' is not up-to-date because:
  Executed with '--rerun-tasks'.
C/C++: starting build
C/C++: reading expected JSONs
C/C++: done reading expected JSONs
C/C++: executing build commands for targets that produce .so files or executables
C/C++: evaluate miniconfig
C/C++: evaluate library deepeye_core (x86_64)
C/C++: building target library deepeye_core because no targets are specified.
C/C++: evaluate library usb_static (x86_64)
C/C++: not building target library usb_static because static libraries are not build by default.
C/C++: about to build targets deepeye_core
C/C++: Build deepeye_core
C/C++: /usr/local/share/android-commandlinetools/cmake/3.22.1/bin/ninja \
  -C \
  /Users/enayat/Documents/DeepEyeUnlocker/app/.cxx/RelWithDebInfo/474d3161/x86_64 \
  deepeye_core

Starting process 'command '/usr/local/share/android-commandlinetools/cmake/3.22.1/bin/ninja''. Working directory: /Users/enayat/Documents/DeepEyeUnlocker Command: /usr/local/share/android-commandlinetools/cmake/3.22.1/bin/ninja -C /Users/enayat/Documents/DeepEyeUnlocker/app/.cxx/RelWithDebInfo/474d3161/x86_64 deepeye_core
Successfully started process 'command '/usr/local/share/android-commandlinetools/cmake/3.22.1/bin/ninja''
C/C++: Received process result: 0
C/C++: check expected build outputs
C/C++: build complete
Resolve mutations for :app:mergeReleaseJniLibFolders (Thread[Execution worker,5,main]) started.
:app:mergeReleaseJniLibFolders (Thread[Execution worker,5,main]) started.

> Task :app:mergeReleaseJniLibFolders
Caching disabled for task ':app:mergeReleaseJniLibFolders' because:
  Build cache is disabled
Task ':app:mergeReleaseJniLibFolders' is not up-to-date because:
  Executed with '--rerun-tasks'.
The input changes require a full rebuild for incremental task ':app:mergeReleaseJniLibFolders'.
Resolve mutations for :app:mergeReleaseNativeLibs (Thread[Execution worker,5,main]) started.
:app:mergeReleaseNativeLibs (Thread[Execution worker,5,main]) started.

> Task :app:mergeReleaseNativeLibs
Caching disabled for task ':app:mergeReleaseNativeLibs' because:
  Build cache is disabled
  Caching has been disabled for the task
Task ':app:mergeReleaseNativeLibs' is not up-to-date because:
  Executed with '--rerun-tasks'.

Resolve mutations for :app:checkReleaseDuplicateClasses (Thread[Execution worker Thread 2,5,main]) started.
:app:checkReleaseDuplicateClasses (Thread[Execution worker Thread 2,5,main]) started.
Resolve mutations for :app:mergeReleaseArtProfile (Thread[included builds,5,main]) started.
:app:mergeReleaseArtProfile (Thread[included builds,5,main]) started.
Resolve mutations for :app:stripReleaseDebugSymbols (Thread[Execution worker Thread 3,5,main]) started.
:app:stripReleaseDebugSymbols (Thread[Execution worker Thread 3,5,main]) started.

> Task :app:checkReleaseDuplicateClasses
Caching disabled for task ':app:checkReleaseDuplicateClasses' because:
  Build cache is disabled
  Caching has been disabled for the task
Task ':app:checkReleaseDuplicateClasses' is not up-to-date because:
  Executed with '--rerun-tasks'.
Resolve mutations for :app:buildKotlinToolingMetadata (Thread[Execution worker Thread 2,5,main]) started.
:app:buildKotlinToolingMetadata (Thread[Execution worker Thread 2,5,main]) started.

> Task :app:mergeReleaseArtProfile
Caching disabled for task ':app:mergeReleaseArtProfile' because:
  Build cache is disabled
  Tasks that merge files into a directory/jar without further processing usually do not benefit from caching. Also, their outputs are usually large, which would consume a lot of space when cached.
Task ':app:mergeReleaseArtProfile' is not up-to-date because:
  Executed with '--rerun-tasks'.
file or directory '/Users/enayat/Documents/DeepEyeUnlocker/app/src/main/baselineProfiles', not found
file or directory '/Users/enayat/Documents/DeepEyeUnlocker/app/src/release/baselineProfiles', not found

> Task :app:buildKotlinToolingMetadata
Caching disabled for task ':app:buildKotlinToolingMetadata' because:
  Build cache is disabled
  Caching has been disabled for the task
Task ':app:buildKotlinToolingMetadata' is not up-to-date because:
  Executed with '--rerun-tasks'.
Resolve mutations for :app:checkKotlinGradlePluginConfigurationErrors (Thread[Execution worker Thread 2,5,main]) started.
:app:checkKotlinGradlePluginConfigurationErrors (Thread[Execution worker Thread 2,5,main]) started.

> Task :app:checkKotlinGradlePluginConfigurationErrors SKIPPED
Skipping task ':app:checkKotlinGradlePluginConfigurationErrors' as task onlyIf 'errorDiagnostics are present' is false.
Resolve mutations for :app:generateReleaseBuildConfig (Thread[Execution worker Thread 2,5,main]) started.
:app:generateReleaseBuildConfig (Thread[Execution worker Thread 2,5,main]) started.

> Task :app:generateReleaseBuildConfig
Caching disabled for task ':app:generateReleaseBuildConfig' because:
  Build cache is disabled
Task ':app:generateReleaseBuildConfig' is not up-to-date because:
  Executed with '--rerun-tasks'.
Resolve mutations for :app:checkReleaseAarMetadata (Thread[Execution worker Thread 2,5,main]) started.
:app:checkReleaseAarMetadata (Thread[Execution worker Thread 2,5,main]) started.

> Task :app:stripReleaseDebugSymbols
Caching disabled for task ':app:stripReleaseDebugSymbols' because:
  Build cache is disabled
  Caching has been disabled for the task
Task ':app:stripReleaseDebugSymbols' is not up-to-date because:
  Executed with '--rerun-tasks'.
The input changes require a full rebuild for incremental task ':app:stripReleaseDebugSymbols'.
C/C++: android.ndkVersion from module build.gradle is [25.1.8937393]
C/C++: android.ndkPath from module build.gradle is not set
C/C++: ndk.dir in local.properties is not set
C/C++: Not considering ANDROID_NDK_HOME because support was removed after deprecation period.
C/C++: sdkFolder is /usr/local/share/android-commandlinetools
C/C++: android.ndkVersion from module build.gradle is [25.1.8937393]
C/C++: android.ndkPath from module build.gradle is not set
C/C++: ndk.dir in local.properties is not set
C/C++: Not considering ANDROID_NDK_HOME because support was removed after deprecation period.
C/C++: sdkFolder is /usr/local/share/android-commandlinetools
C/C++: android.ndkVersion from module build.gradle is [25.1.8937393]
C/C++: android.ndkPath from module build.gradle is not set
C/C++: ndk.dir in local.properties is not set
C/C++: Not considering ANDROID_NDK_HOME because support was removed after deprecation period.
C/C++: sdkFolder is /usr/local/share/android-commandlinetools
Starting process 'command '/usr/local/share/android-commandlinetools/ndk/25.1.8937393/toolchains/llvm/prebuilt/darwin-x86_64/bin/llvm-strip''. Working directory: /Users/enayat/Documents/DeepEyeUnlocker Command: /usr/local/share/android-commandlinetools/ndk/25.1.8937393/toolchains/llvm/prebuilt/darwin-x86_64/bin/llvm-strip --strip-unneeded -o /Users/enayat/Documents/DeepEyeUnlocker/app/build/intermediates/stripped_native_libs/release/out/lib/arm64-v8a/libdeepeye_core.so /Users/enayat/Documents/DeepEyeUnlocker/app/build/intermediates/merged_native_libs/release/out/lib/arm64-v8a/libdeepeye_core.so
Starting process 'command '/usr/local/share/android-commandlinetools/ndk/25.1.8937393/toolchains/llvm/prebuilt/darwin-x86_64/bin/llvm-strip''. Working directory: /Users/enayat/Documents/DeepEyeUnlocker Command: /usr/local/share/android-commandlinetools/ndk/25.1.8937393/toolchains/llvm/prebuilt/darwin-x86_64/bin/llvm-strip --strip-unneeded -o /Users/enayat/Documents/DeepEyeUnlocker/app/build/intermediates/stripped_native_libs/release/out/lib/armeabi-v7a/libandroidx.graphics.path.so /Users/enayat/Documents/DeepEyeUnlocker/app/build/intermediates/merged_native_libs/release/out/lib/armeabi-v7a/libandroidx.graphics.path.so
Starting process 'command '/usr/local/share/android-commandlinetools/ndk/25.1.8937393/toolchains/llvm/prebuilt/darwin-x86_64/bin/llvm-strip''. Working directory: /Users/enayat/Documents/DeepEyeUnlocker Command: /usr/local/share/android-commandlinetools/ndk/25.1.8937393/toolchains/llvm/prebuilt/darwin-x86_64/bin/llvm-strip --strip-unneeded -o /Users/enayat/Documents/DeepEyeUnlocker/app/build/intermediates/stripped_native_libs/release/out/lib/arm64-v8a/libandroidx.graphics.path.so /Users/enayat/Documents/DeepEyeUnlocker/app/build/intermediates/merged_native_libs/release/out/lib/arm64-v8a/libandroidx.graphics.path.so
Successfully started process 'command '/usr/local/share/android-commandlinetools/ndk/25.1.8937393/toolchains/llvm/prebuilt/darwin-x86_64/bin/llvm-strip''
Successfully started process 'command '/usr/local/share/android-commandlinetools/ndk/25.1.8937393/toolchains/llvm/prebuilt/darwin-x86_64/bin/llvm-strip''
C/C++: android.ndkVersion from module build.gradle is [25.1.8937393]
C/C++: android.ndkPath from module build.gradle is not set
C/C++: ndk.dir in local.properties is not set
C/C++: Not considering ANDROID_NDK_HOME because support was removed after deprecation period.
C/C++: sdkFolder is /usr/local/share/android-commandlinetools
Starting process 'command '/usr/local/share/android-commandlinetools/ndk/25.1.8937393/toolchains/llvm/prebuilt/darwin-x86_64/bin/llvm-strip''. Working directory: /Users/enayat/Documents/DeepEyeUnlocker Command: /usr/local/share/android-commandlinetools/ndk/25.1.8937393/toolchains/llvm/prebuilt/darwin-x86_64/bin/llvm-strip --strip-unneeded -o /Users/enayat/Documents/DeepEyeUnlocker/app/build/intermediates/stripped_native_libs/release/out/lib/arm64-v8a/libc++_shared.so /Users/enayat/Documents/DeepEyeUnlocker/app/build/intermediates/merged_native_libs/release/out/lib/arm64-v8a/libc++_shared.so
C/C++: android.ndkVersion from module build.gradle is [25.1.8937393]
C/C++: android.ndkPath from module build.gradle is not set
C/C++: ndk.dir in local.properties is not set
C/C++: Not considering ANDROID_NDK_HOME because support was removed after deprecation period.
C/C++: sdkFolder is /usr/local/share/android-commandlinetools
Starting process 'command '/usr/local/share/android-commandlinetools/ndk/25.1.8937393/toolchains/llvm/prebuilt/darwin-x86_64/bin/llvm-strip''. Working directory: /Users/enayat/Documents/DeepEyeUnlocker Command: /usr/local/share/android-commandlinetools/ndk/25.1.8937393/toolchains/llvm/prebuilt/darwin-x86_64/bin/llvm-strip --strip-unneeded -o /Users/enayat/Documents/DeepEyeUnlocker/app/build/intermediates/stripped_native_libs/release/out/lib/armeabi-v7a/libc++_shared.so /Users/enayat/Documents/DeepEyeUnlocker/app/build/intermediates/merged_native_libs/release/out/lib/armeabi-v7a/libc++_shared.so
Successfully started process 'command '/usr/local/share/android-commandlinetools/ndk/25.1.8937393/toolchains/llvm/prebuilt/darwin-x86_64/bin/llvm-strip''
C/C++: android.ndkVersion from module build.gradle is [25.1.8937393]
C/C++: android.ndkPath from module build.gradle is not set
C/C++: ndk.dir in local.properties is not set
C/C++: Not considering ANDROID_NDK_HOME because support was removed after deprecation period.
C/C++: sdkFolder is /usr/local/share/android-commandlinetools
Starting process 'command '/usr/local/share/android-commandlinetools/ndk/25.1.8937393/toolchains/llvm/prebuilt/darwin-x86_64/bin/llvm-strip''. Working directory: /Users/enayat/Documents/DeepEyeUnlocker Command: /usr/local/share/android-commandlinetools/ndk/25.1.8937393/toolchains/llvm/prebuilt/darwin-x86_64/bin/llvm-strip --strip-unneeded -o /Users/enayat/Documents/DeepEyeUnlocker/app/build/intermediates/stripped_native_libs/release/out/lib/armeabi-v7a/libdeepeye_core.so /Users/enayat/Documents/DeepEyeUnlocker/app/build/intermediates/merged_native_libs/release/out/lib/armeabi-v7a/libdeepeye_core.so
Successfully started process 'command '/usr/local/share/android-commandlinetools/ndk/25.1.8937393/toolchains/llvm/prebuilt/darwin-x86_64/bin/llvm-strip''
C/C++: android.ndkVersion from module build.gradle is [25.1.8937393]
C/C++: android.ndkPath from module build.gradle is not set
C/C++: ndk.dir in local.properties is not set
C/C++: Not considering ANDROID_NDK_HOME because support was removed after deprecation period.
C/C++: sdkFolder is /usr/local/share/android-commandlinetools
Starting process 'command '/usr/local/share/android-commandlinetools/ndk/25.1.8937393/toolchains/llvm/prebuilt/darwin-x86_64/bin/llvm-strip''. Working directory: /Users/enayat/Documents/DeepEyeUnlocker Command: /usr/local/share/android-commandlinetools/ndk/25.1.8937393/toolchains/llvm/prebuilt/darwin-x86_64/bin/llvm-strip --strip-unneeded -o /Users/enayat/Documents/DeepEyeUnlocker/app/build/intermediates/stripped_native_libs/release/out/lib/x86/libandroidx.graphics.path.so /Users/enayat/Documents/DeepEyeUnlocker/app/build/intermediates/merged_native_libs/release/out/lib/x86/libandroidx.graphics.path.so
Successfully started process 'command '/usr/local/share/android-commandlinetools/ndk/25.1.8937393/toolchains/llvm/prebuilt/darwin-x86_64/bin/llvm-strip''
C/C++: android.ndkVersion from module build.gradle is [25.1.8937393]
C/C++: android.ndkPath from module build.gradle is not set
C/C++: ndk.dir in local.properties is not set
C/C++: Not considering ANDROID_NDK_HOME because support was removed after deprecation period.
C/C++: sdkFolder is /usr/local/share/android-commandlinetools
Starting process 'command '/usr/local/share/android-commandlinetools/ndk/25.1.8937393/toolchains/llvm/prebuilt/darwin-x86_64/bin/llvm-strip''. Working directory: /Users/enayat/Documents/DeepEyeUnlocker Command: /usr/local/share/android-commandlinetools/ndk/25.1.8937393/toolchains/llvm/prebuilt/darwin-x86_64/bin/llvm-strip --strip-unneeded -o /Users/enayat/Documents/DeepEyeUnlocker/app/build/intermediates/stripped_native_libs/release/out/lib/x86_64/libandroidx.graphics.path.so /Users/enayat/Documents/DeepEyeUnlocker/app/build/intermediates/merged_native_libs/release/out/lib/x86_64/libandroidx.graphics.path.so
Successfully started process 'command '/usr/local/share/android-commandlinetools/ndk/25.1.8937393/toolchains/llvm/prebuilt/darwin-x86_64/bin/llvm-strip''
C/C++: android.ndkVersion from module build.gradle is [25.1.8937393]
C/C++: android.ndkPath from module build.gradle is not set
C/C++: ndk.dir in local.properties is not set
C/C++: Not considering ANDROID_NDK_HOME because support was removed after deprecation period.
C/C++: sdkFolder is /usr/local/share/android-commandlinetools
Starting process 'command '/usr/local/share/android-commandlinetools/ndk/25.1.8937393/toolchains/llvm/prebuilt/darwin-x86_64/bin/llvm-strip''. Working directory: /Users/enayat/Documents/DeepEyeUnlocker Command: /usr/local/share/android-commandlinetools/ndk/25.1.8937393/toolchains/llvm/prebuilt/darwin-x86_64/bin/llvm-strip --strip-unneeded -o /Users/enayat/Documents/DeepEyeUnlocker/app/build/intermediates/stripped_native_libs/release/out/lib/x86_64/libc++_shared.so /Users/enayat/Documents/DeepEyeUnlocker/app/build/intermediates/merged_native_libs/release/out/lib/x86_64/libc++_shared.so
Successfully started process 'command '/usr/local/share/android-commandlinetools/ndk/25.1.8937393/toolchains/llvm/prebuilt/darwin-x86_64/bin/llvm-strip''
C/C++: android.ndkVersion from module build.gradle is [25.1.8937393]
C/C++: android.ndkPath from module build.gradle is not set
C/C++: ndk.dir in local.properties is not set
C/C++: Not considering ANDROID_NDK_HOME because support was removed after deprecation period.
C/C++: sdkFolder is /usr/local/share/android-commandlinetools
Starting process 'command '/usr/local/share/android-commandlinetools/ndk/25.1.8937393/toolchains/llvm/prebuilt/darwin-x86_64/bin/llvm-strip''. Working directory: /Users/enayat/Documents/DeepEyeUnlocker Command: /usr/local/share/android-commandlinetools/ndk/25.1.8937393/toolchains/llvm/prebuilt/darwin-x86_64/bin/llvm-strip --strip-unneeded -o /Users/enayat/Documents/DeepEyeUnlocker/app/build/intermediates/stripped_native_libs/release/out/lib/x86_64/libdeepeye_core.so /Users/enayat/Documents/DeepEyeUnlocker/app/build/intermediates/merged_native_libs/release/out/lib/x86_64/libdeepeye_core.so
Successfully started process 'command '/usr/local/share/android-commandlinetools/ndk/25.1.8937393/toolchains/llvm/prebuilt/darwin-x86_64/bin/llvm-strip''

Resolve mutations for :app:generateReleaseResValues (Thread[included builds,5,main]) started.
:app:generateReleaseResValues (Thread[included builds,5,main]) started.

> Task :app:generateReleaseResValues
Caching disabled for task ':app:generateReleaseResValues' because:
  Build cache is disabled
Task ':app:generateReleaseResValues' is not up-to-date because:
  Executed with '--rerun-tasks'.
Resolve mutations for :app:mapReleaseSourceSetPaths (Thread[included builds,5,main]) started.
:app:mapReleaseSourceSetPaths (Thread[included builds,5,main]) started.

> Task :app:checkReleaseAarMetadata
Caching disabled for task ':app:checkReleaseAarMetadata' because:
  Build cache is disabled
  Caching has been disabled for the task
Task ':app:checkReleaseAarMetadata' is not up-to-date because:
  Executed with '--rerun-tasks'.

> Task :app:mapReleaseSourceSetPaths
Caching disabled for task ':app:mapReleaseSourceSetPaths' because:
  Build cache is disabled
  Caching has been disabled for the task
Task ':app:mapReleaseSourceSetPaths' is not up-to-date because:
  Executed with '--rerun-tasks'.
Resolve mutations for :app:generateReleaseResources (Thread[included builds,5,main]) started.
:app:generateReleaseResources (Thread[Execution worker Thread 2,5,main]) started.

> Task :app:generateReleaseResources
Skipping task ':app:generateReleaseResources' as it has no actions.
Resolve mutations for :app:mergeReleaseResources (Thread[Execution worker Thread 2,5,main]) started.
:app:mergeReleaseResources (Thread[Execution worker Thread 2,5,main]) started.

> Task :app:stripReleaseDebugSymbols
Successfully started process 'command '/usr/local/share/android-commandlinetools/ndk/25.1.8937393/toolchains/llvm/prebuilt/darwin-x86_64/bin/llvm-strip''
Successfully started process 'command '/usr/local/share/android-commandlinetools/ndk/25.1.8937393/toolchains/llvm/prebuilt/darwin-x86_64/bin/llvm-strip''

> Task :app:mergeReleaseResources
Caching disabled for task ':app:mergeReleaseResources' because:
  Build cache is disabled
Task ':app:mergeReleaseResources' is not up-to-date because:
  Executed with '--rerun-tasks'.
The input changes require a full rebuild for incremental task ':app:mergeReleaseResources'.
[MergeResources] Inputs are non-incremental full task action.
Compiling XML table /Users/enayat/Documents/DeepEyeUnlocker/app/build/intermediates/incremental/release/mergeReleaseResources/merged.dir/values/values.xml to /Users/enayat/Documents/DeepEyeUnlocker/app/build/intermediates/merged_res/release/values_values.arsc.flat
Compiling XML table /Users/enayat/Documents/DeepEyeUnlocker/app/build/intermediates/incremental/release/mergeReleaseResources/merged.dir/values-hi/values-hi.xml to /Users/enayat/Documents/DeepEyeUnlocker/app/build/intermediates/merged_res/release/values-hi_values-hi.arsc.flat
Compiling XML table /Users/enayat/Documents/DeepEyeUnlocker/app/build/intermediates/incremental/release/mergeReleaseResources/merged.dir/values-pt/values-pt.xml to /Users/enayat/Documents/DeepEyeUnlocker/app/build/intermediates/merged_res/release/values-pt_values-pt.arsc.flat
Compiling XML table /Users/enayat/Documents/DeepEyeUnlocker/app/build/intermediates/incremental/release/mergeReleaseResources/merged.dir/values-watch-v21/values-watch-v21.xml to /Users/enayat/Documents/DeepEyeUnlocker/app/build/intermediates/merged_res/release/values-watch-v21_values-watch-v21.arsc.flat
Compiling XML table /Users/enayat/Documents/DeepEyeUnlocker/app/build/intermediates/incremental/release/mergeReleaseResources/merged.dir/values-hy/values-hy.xml to /Users/enayat/Documents/DeepEyeUnlocker/app/build/intermediates/merged_res/release/values-hy_values-hy.arsc.flat
Compiling XML table /Users/enayat/Documents/DeepEyeUnlocker/app/build/intermediates/incremental/release/mergeReleaseResources/merged.dir/values-hr/values-hr.xml to /Users/enayat/Documents/DeepEyeUnlocker/app/build/intermediates/merged_res/release/values-hr_values-hr.arsc.flat
Compiling XML table /Users/enayat/Documents/DeepEyeUnlocker/app/build/intermediates/incremental/release/mergeReleaseResources/merged.dir/values-hu/values-hu.xml to /Users/enayat/Documents/DeepEyeUnlocker/app/build/intermediates/merged_res/release/values-hu_values-hu.arsc.flat
Compiling XML table /Users/enayat/Documents/DeepEyeUnlocker/app/build/intermediates/incremental/release/mergeReleaseResources/merged.dir/values-v16/values-v16.xml to /Users/enayat/Documents/DeepEyeUnlocker/app/build/intermediates/merged_res/release/values-v16_values-v16.arsc.flat
Compiling XML table /Users/enayat/Documents/DeepEyeUnlocker/app/build/intermediates/incremental/release/mergeReleaseResources/merged.dir/values-w360dp-port-v13/values-w360dp-port-v13.xml to /Users/enayat/Documents/DeepEyeUnlocker/app/build/intermediates/merged_res/release/values-w360dp-port-v13_values-w360dp-port-v13.arsc.flat
Compiling XML table /Users/enayat/Documents/DeepEyeUnlocker/app/build/intermediates/incremental/release/mergeReleaseResources/merged.dir/values-v17/values-v17.xml to /Users/enayat/Documents/DeepEyeUnlocker/app/build/intermediates/merged_res/release/values-v17_values-v17.arsc.flat
Compiling XML table /Users/enayat/Documents/DeepEyeUnlocker/app/build/intermediates/incremental/release/mergeReleaseResources/merged.dir/values-v18/values-v18.xml to /Users/enayat/Documents/DeepEyeUnlocker/app/build/intermediates/merged_res/release/values-v18_values-v18.arsc.flat
Compiling XML table /Users/enayat/Documents/DeepEyeUnlocker/app/build/intermediates/incremental/release/mergeReleaseResources/merged.dir/values-in/values-in.xml to /Users/enayat/Documents/DeepEyeUnlocker/app/build/intermediates/merged_res/release/values-in_values-in.arsc.flat
Compiling XML table /Users/enayat/Documents/DeepEyeUnlocker/app/build/intermediates/incremental/release/mergeReleaseResources/merged.dir/values-zh-rHK/values-zh-rHK.xml to /Users/enayat/Documents/DeepEyeUnlocker/app/build/intermediates/merged_res/release/values-zh-rHK_values-zh-rHK.arsc.flat
Compiling XML table /Users/enayat/Documents/DeepEyeUnlocker/app/build/intermediates/incremental/release/mergeReleaseResources/merged.dir/values-af/values-af.xml to /Users/enayat/Documents/DeepEyeUnlocker/app/build/intermediates/merged_res/release/values-af_values-af.arsc.flat
Compiling XML table /Users/enayat/Documents/DeepEyeUnlocker/app/build/intermediates/incremental/release/mergeReleaseResources/merged.dir/values-iw/values-iw.xml to /Users/enayat/Documents/DeepEyeUnlocker/app/build/intermediates/merged_res/release/values-iw_values-iw.arsc.flat
Compiling XML table /Users/enayat/Documents/DeepEyeUnlocker/app/build/intermediates/incremental/release/mergeReleaseResources/merged.dir/values-is/values-is.xml to /Users/enayat/Documents/DeepEyeUnlocker/app/build/intermediates/merged_res/release/values-is_values-is.arsc.flat
Compiling XML table /Users/enayat/Documents/DeepEyeUnlocker/app/build/intermediates/incremental/release/mergeReleaseResources/merged.dir/values-it/values-it.xml to /Users/enayat/Documents/DeepEyeUnlocker/app/build/intermediates/merged_res/release/values-it_values-it.arsc.flat
Compiling XML table /Users/enayat/Documents/DeepEyeUnlocker/app/build/intermediates/incremental/release/mergeReleaseResources/merged.dir/values-b+sr+Latn/values-b+sr+Latn.xml to /Users/enayat/Documents/DeepEyeUnlocker/app/build/intermediates/merged_res/release/values-b+sr+Latn_values-b+sr+Latn.arsc.flat
Compiling XML table /Users/enayat/Documents/DeepEyeUnlocker/app/build/intermediates/incremental/release/mergeReleaseResources/merged.dir/values-ar/values-ar.xml to /Users/enayat/Documents/DeepEyeUnlocker/app/build/intermediates/merged_res/release/values-ar_values-ar.arsc.flat
Compiling XML table /Users/enayat/Documents/DeepEyeUnlocker/app/build/intermediates/incremental/release/mergeReleaseResources/merged.dir/values-v21/values-v21.xml to /Users/enayat/Documents/DeepEyeUnlocker/app/build/intermediates/merged_res/release/values-v21_values-v21.arsc.flat
Compiling XML table /Users/enayat/Documents/DeepEyeUnlocker/app/build/intermediates/incremental/release/mergeReleaseResources/merged.dir/values-es-rUS/values-es-rUS.xml to /Users/enayat/Documents/DeepEyeUnlocker/app/build/intermediates/merged_res/release/values-es-rUS_values-es-rUS.arsc.flat
Compiling XML table /Users/enayat/Documents/DeepEyeUnlocker/app/build/intermediates/incremental/release/mergeReleaseResources/merged.dir/values-v23/values-v23.xml to /Users/enayat/Documents/DeepEyeUnlocker/app/build/intermediates/merged_res/release/values-v23_values-v23.arsc.flat
Compiling XML table /Users/enayat/Documents/DeepEyeUnlocker/app/build/intermediates/incremental/release/mergeReleaseResources/merged.dir/values-az/values-az.xml to /Users/enayat/Documents/DeepEyeUnlocker/app/build/intermediates/merged_res/release/values-az_values-az.arsc.flat
Compiling XML table /Users/enayat/Documents/DeepEyeUnlocker/app/build/intermediates/incremental/release/mergeReleaseResources/merged.dir/values-v25/values-v25.xml to /Users/enayat/Documents/DeepEyeUnlocker/app/build/intermediates/merged_res/release/values-v25_values-v25.arsc.flat
Compiling XML table /Users/enayat/Documents/DeepEyeUnlocker/app/build/intermediates/incremental/release/mergeReleaseResources/merged.dir/values-pt-rPT/values-pt-rPT.xml to /Users/enayat/Documents/DeepEyeUnlocker/app/build/intermediates/merged_res/release/values-pt-rPT_values-pt-rPT.arsc.flat
Compiling XML table /Users/enayat/Documents/DeepEyeUnlocker/app/build/intermediates/incremental/release/mergeReleaseResources/merged.dir/values-v27/values-v27.xml to /Users/enayat/Documents/DeepEyeUnlocker/app/build/intermediates/merged_res/release/values-v27_values-v27.arsc.flat
Compiling XML table /Users/enayat/Documents/DeepEyeUnlocker/app/build/intermediates/incremental/release/mergeReleaseResources/merged.dir/values-v29/values-v29.xml to /Users/enayat/Documents/DeepEyeUnlocker/app/build/intermediates/merged_res/release/values-v29_values-v29.arsc.flat
Compiling XML table /Users/enayat/Documents/DeepEyeUnlocker/app/build/intermediates/incremental/release/mergeReleaseResources/merged.dir/values-be/values-be.xml to /Users/enayat/Documents/DeepEyeUnlocker/app/build/intermediates/merged_res/release/values-be_values-be.arsc.flat
Compiling XML table /Users/enayat/Documents/DeepEyeUnlocker/app/build/intermediates/incremental/release/mergeReleaseResources/merged.dir/values-v22/values-v22.xml to /Users/enayat/Documents/DeepEyeUnlocker/app/build/intermediates/merged_res/release/values-v22_values-v22.arsc.flat
Compiling XML table /Users/enayat/Documents/DeepEyeUnlocker/app/build/intermediates/incremental/release/mergeReleaseResources/merged.dir/values-h360dp-land-v13/values-h360dp-land-v13.xml to /Users/enayat/Documents/DeepEyeUnlocker/app/build/intermediates/merged_res/release/values-h360dp-land-v13_values-h360dp-land-v13.arsc.flat
Compiling XML table /Users/enayat/Documents/DeepEyeUnlocker/app/build/intermediates/incremental/release/mergeReleaseResources/merged.dir/values-h480dp-land-v13/values-h480dp-land-v13.xml to /Users/enayat/Documents/DeepEyeUnlocker/app/build/intermediates/merged_res/release/values-h480dp-land-v13_values-h480dp-land-v13.arsc.flat
Compiling XML table /Users/enayat/Documents/DeepEyeUnlocker/app/build/intermediates/incremental/release/mergeReleaseResources/merged.dir/values-v26/values-v26.xml to /Users/enayat/Documents/DeepEyeUnlocker/app/build/intermediates/merged_res/release/values-v26_values-v26.arsc.flat
Compiling XML table /Users/enayat/Documents/DeepEyeUnlocker/app/build/intermediates/incremental/release/mergeReleaseResources/merged.dir/values-sw600dp-v13/values-sw600dp-v13.xml to /Users/enayat/Documents/DeepEyeUnlocker/app/build/intermediates/merged_res/release/values-sw600dp-v13_values-sw600dp-v13.arsc.flat
Compiling XML table /Users/enayat/Documents/DeepEyeUnlocker/app/build/intermediates/incremental/release/mergeReleaseResources/merged.dir/values-bn/values-bn.xml to /Users/enayat/Documents/DeepEyeUnlocker/app/build/intermediates/merged_res/release/values-bn_values-bn.arsc.flat
Compiling XML table /Users/enayat/Documents/DeepEyeUnlocker/app/build/intermediates/incremental/release/mergeReleaseResources/merged.dir/values-v28/values-v28.xml to /Users/enayat/Documents/DeepEyeUnlocker/app/build/intermediates/merged_res/release/values-v28_values-v28.arsc.flat
Compiling XML table /Users/enayat/Documents/DeepEyeUnlocker/app/build/intermediates/incremental/release/mergeReleaseResources/merged.dir/values-bg/values-bg.xml to /Users/enayat/Documents/DeepEyeUnlocker/app/build/intermediates/merged_res/release/values-bg_values-bg.arsc.flat
Compiling XML table /Users/enayat/Documents/DeepEyeUnlocker/app/build/intermediates/incremental/release/mergeReleaseResources/merged.dir/values-en-rCA/values-en-rCA.xml to /Users/enayat/Documents/DeepEyeUnlocker/app/build/intermediates/merged_res/release/values-en-rCA_values-en-rCA.arsc.flat
Compiling XML table /Users/enayat/Documents/DeepEyeUnlocker/app/build/intermediates/incremental/release/mergeReleaseResources/merged.dir/values-v30/values-v30.xml to /Users/enayat/Documents/DeepEyeUnlocker/app/build/intermediates/merged_res/release/values-v30_values-v30.arsc.flat
Compiling XML table /Users/enayat/Documents/DeepEyeUnlocker/app/build/intermediates/incremental/release/mergeReleaseResources/merged.dir/values-v34/values-v34.xml to /Users/enayat/Documents/DeepEyeUnlocker/app/build/intermediates/merged_res/release/values-v34_values-v34.arsc.flat
Compiling XML table /Users/enayat/Documents/DeepEyeUnlocker/app/build/intermediates/incremental/release/mergeReleaseResources/merged.dir/values-v31/values-v31.xml to /Users/enayat/Documents/DeepEyeUnlocker/app/build/intermediates/merged_res/release/values-v31_values-v31.arsc.flat
Compiling XML table /Users/enayat/Documents/DeepEyeUnlocker/app/build/intermediates/incremental/release/mergeReleaseResources/merged.dir/values-ka/values-ka.xml to /Users/enayat/Documents/DeepEyeUnlocker/app/build/intermediates/merged_res/release/values-ka_values-ka.arsc.flat
Compiling XML table /Users/enayat/Documents/DeepEyeUnlocker/app/build/intermediates/incremental/release/mergeReleaseResources/merged.dir/values-ca/values-ca.xml to /Users/enayat/Documents/DeepEyeUnlocker/app/build/intermediates/merged_res/release/values-ca_values-ca.arsc.flat
Compiling XML table /Users/enayat/Documents/DeepEyeUnlocker/app/build/intermediates/incremental/release/mergeReleaseResources/merged.dir/values-sl/values-sl.xml to /Users/enayat/Documents/DeepEyeUnlocker/app/build/intermediates/merged_res/release/values-sl_values-sl.arsc.flat
Compiling XML table /Users/enayat/Documents/DeepEyeUnlocker/app/build/intermediates/incremental/release/mergeReleaseResources/merged.dir/values-kn/values-kn.xml to /Users/enayat/Documents/DeepEyeUnlocker/app/build/intermediates/merged_res/release/values-kn_values-kn.arsc.flat
Compiling XML table /Users/enayat/Documents/DeepEyeUnlocker/app/build/intermediates/incremental/release/mergeReleaseResources/merged.dir/values-kk/values-kk.xml to /Users/enayat/Documents/DeepEyeUnlocker/app/build/intermediates/merged_res/release/values-kk_values-kk.arsc.flat
Compiling XML table /Users/enayat/Documents/DeepEyeUnlocker/app/build/intermediates/incremental/release/mergeReleaseResources/merged.dir/values-sk/values-sk.xml to /Users/enayat/Documents/DeepEyeUnlocker/app/build/intermediates/merged_res/release/values-sk_values-sk.arsc.flat
Compiling XML table /Users/enayat/Documents/DeepEyeUnlocker/app/build/intermediates/incremental/release/mergeReleaseResources/merged.dir/values-ta/values-ta.xml to /Users/enayat/Documents/DeepEyeUnlocker/app/build/intermediates/merged_res/release/values-ta_values-ta.arsc.flat
Compiling XML table /Users/enayat/Documents/DeepEyeUnlocker/app/build/intermediates/incremental/release/mergeReleaseResources/merged.dir/values-ko/values-ko.xml to /Users/enayat/Documents/DeepEyeUnlocker/app/build/intermediates/merged_res/release/values-ko_values-ko.arsc.flat
Compiling XML table /Users/enayat/Documents/DeepEyeUnlocker/app/build/intermediates/incremental/release/mergeReleaseResources/merged.dir/values-sr/values-sr.xml to /Users/enayat/Documents/DeepEyeUnlocker/app/build/intermediates/merged_res/release/values-sr_values-sr.arsc.flat
Compiling XML table /Users/enayat/Documents/DeepEyeUnlocker/app/build/intermediates/incremental/release/mergeReleaseResources/merged.dir/values-h720dp-v13/values-h720dp-v13.xml to /Users/enayat/Documents/DeepEyeUnlocker/app/build/intermediates/merged_res/release/values-h720dp-v13_values-h720dp-v13.arsc.flat
Compiling XML table /Users/enayat/Documents/DeepEyeUnlocker/app/build/intermediates/incremental/release/mergeReleaseResources/merged.dir/values-xlarge-v4/values-xlarge-v4.xml to /Users/enayat/Documents/DeepEyeUnlocker/app/build/intermediates/merged_res/release/values-xlarge-v4_values-xlarge-v4.arsc.flat
Compiling XML table /Users/enayat/Documents/DeepEyeUnlocker/app/build/intermediates/incremental/release/mergeReleaseResources/merged.dir/values-de/values-de.xml to /Users/enayat/Documents/DeepEyeUnlocker/app/build/intermediates/merged_res/release/values-de_values-de.arsc.flat
Compiling XML table /Users/enayat/Documents/DeepEyeUnlocker/app/build/intermediates/incremental/release/mergeReleaseResources/merged.dir/values-sv/values-sv.xml to /Users/enayat/Documents/DeepEyeUnlocker/app/build/intermediates/merged_res/release/values-sv_values-sv.arsc.flat
Compiling XML table /Users/enayat/Documents/DeepEyeUnlocker/app/build/intermediates/incremental/release/mergeReleaseResources/merged.dir/values-pt-rBR/values-pt-rBR.xml to /Users/enayat/Documents/DeepEyeUnlocker/app/build/intermediates/merged_res/release/values-pt-rBR_values-pt-rBR.arsc.flat
Compiling XML table /Users/enayat/Documents/DeepEyeUnlocker/app/build/intermediates/incremental/release/mergeReleaseResources/merged.dir/values-en-rIN/values-en-rIN.xml to /Users/enayat/Documents/DeepEyeUnlocker/app/build/intermediates/merged_res/release/values-en-rIN_values-en-rIN.arsc.flat
Compiling XML table /Users/enayat/Documents/DeepEyeUnlocker/app/build/intermediates/incremental/release/mergeReleaseResources/merged.dir/values-ky/values-ky.xml to /Users/enayat/Documents/DeepEyeUnlocker/app/build/intermediates/merged_res/release/values-ky_values-ky.arsc.flat
Compiling XML table /Users/enayat/Documents/DeepEyeUnlocker/app/build/intermediates/incremental/release/mergeReleaseResources/merged.dir/values-th/values-th.xml to /Users/enayat/Documents/DeepEyeUnlocker/app/build/intermediates/merged_res/release/values-th_values-th.arsc.flat
Compiling XML table /Users/enayat/Documents/DeepEyeUnlocker/app/build/intermediates/incremental/release/mergeReleaseResources/merged.dir/values-ur/values-ur.xml to /Users/enayat/Documents/DeepEyeUnlocker/app/build/intermediates/merged_res/release/values-ur_values-ur.arsc.flat
Compiling XML table /Users/enayat/Documents/DeepEyeUnlocker/app/build/intermediates/incremental/release/mergeReleaseResources/merged.dir/values-tr/values-tr.xml to /Users/enayat/Documents/DeepEyeUnlocker/app/build/intermediates/merged_res/release/values-tr_values-tr.arsc.flat
Compiling XML table /Users/enayat/Documents/DeepEyeUnlocker/app/build/intermediates/incremental/release/mergeReleaseResources/merged.dir/values-te/values-te.xml to /Users/enayat/Documents/DeepEyeUnlocker/app/build/intermediates/merged_res/release/values-te_values-te.arsc.flat
Compiling XML table /Users/enayat/Documents/DeepEyeUnlocker/app/build/intermediates/incremental/release/mergeReleaseResources/merged.dir/values-uz/values-uz.xml to /Users/enayat/Documents/DeepEyeUnlocker/app/build/intermediates/merged_res/release/values-uz_values-uz.arsc.flat
Compiling XML table /Users/enayat/Documents/DeepEyeUnlocker/app/build/intermediates/incremental/release/mergeReleaseResources/merged.dir/values-lt/values-lt.xml to /Users/enayat/Documents/DeepEyeUnlocker/app/build/intermediates/merged_res/release/values-lt_values-lt.arsc.flat
Compiling XML table /Users/enayat/Documents/DeepEyeUnlocker/app/build/intermediates/incremental/release/mergeReleaseResources/merged.dir/values-da/values-da.xml to /Users/enayat/Documents/DeepEyeUnlocker/app/build/intermediates/merged_res/release/values-da_values-da.arsc.flat
Compiling XML table /Users/enayat/Documents/DeepEyeUnlocker/app/build/intermediates/incremental/release/mergeReleaseResources/merged.dir/values-el/values-el.xml to /Users/enayat/Documents/DeepEyeUnlocker/app/build/intermediates/merged_res/release/values-el_values-el.arsc.flat
Compiling XML table /Users/enayat/Documents/DeepEyeUnlocker/app/build/intermediates/incremental/release/mergeReleaseResources/merged.dir/values-ldrtl-v17/values-ldrtl-v17.xml to /Users/enayat/Documents/DeepEyeUnlocker/app/build/intermediates/merged_res/release/values-ldrtl-v17_values-ldrtl-v17.arsc.flat
Compiling XML table /Users/enayat/Documents/DeepEyeUnlocker/app/build/intermediates/incremental/release/mergeReleaseResources/merged.dir/values-ml/values-ml.xml to /Users/enayat/Documents/DeepEyeUnlocker/app/build/intermediates/merged_res/release/values-ml_values-ml.arsc.flat
Compiling XML table /Users/enayat/Documents/DeepEyeUnlocker/app/build/intermediates/incremental/release/mergeReleaseResources/merged.dir/values-lo/values-lo.xml to /Users/enayat/Documents/DeepEyeUnlocker/app/build/intermediates/merged_res/release/values-lo_values-lo.arsc.flat
Compiling XML table /Users/enayat/Documents/DeepEyeUnlocker/app/build/intermediates/incremental/release/mergeReleaseResources/merged.dir/values-et/values-et.xml to /Users/enayat/Documents/DeepEyeUnlocker/app/build/intermediates/merged_res/release/values-et_values-et.arsc.flat
Compiling XML table /Users/enayat/Documents/DeepEyeUnlocker/app/build/intermediates/incremental/release/mergeReleaseResources/merged.dir/values-h550dp-port-v13/values-h550dp-port-v13.xml to /Users/enayat/Documents/DeepEyeUnlocker/app/build/intermediates/merged_res/release/values-h550dp-port-v13_values-h550dp-port-v13.arsc.flat
Compiling XML table /Users/enayat/Documents/DeepEyeUnlocker/app/build/intermediates/incremental/release/mergeReleaseResources/merged.dir/values-mk/values-mk.xml to /Users/enayat/Documents/DeepEyeUnlocker/app/build/intermediates/merged_res/release/values-mk_values-mk.arsc.flat
Compiling XML table /Users/enayat/Documents/DeepEyeUnlocker/app/build/intermediates/incremental/release/mergeReleaseResources/merged.dir/values-mr/values-mr.xml to /Users/enayat/Documents/DeepEyeUnlocker/app/build/intermediates/merged_res/release/values-mr_values-mr.arsc.flat
Compiling XML table /Users/enayat/Documents/DeepEyeUnlocker/app/build/intermediates/incremental/release/mergeReleaseResources/merged.dir/values-nb/values-nb.xml to /Users/enayat/Documents/DeepEyeUnlocker/app/build/intermediates/merged_res/release/values-nb_values-nb.arsc.flat
Compiling XML table /Users/enayat/Documents/DeepEyeUnlocker/app/build/intermediates/incremental/release/mergeReleaseResources/merged.dir/values-my/values-my.xml to /Users/enayat/Documents/DeepEyeUnlocker/app/build/intermediates/merged_res/release/values-my_values-my.arsc.flat
Compiling XML table /Users/enayat/Documents/DeepEyeUnlocker/app/build/intermediates/incremental/release/mergeReleaseResources/merged.dir/values-fr-rCA/values-fr-rCA.xml to /Users/enayat/Documents/DeepEyeUnlocker/app/build/intermediates/merged_res/release/values-fr-rCA_values-fr-rCA.arsc.flat
Compiling XML table /Users/enayat/Documents/DeepEyeUnlocker/app/build/intermediates/incremental/release/mergeReleaseResources/merged.dir/values-ne/values-ne.xml to /Users/enayat/Documents/DeepEyeUnlocker/app/build/intermediates/merged_res/release/values-ne_values-ne.arsc.flat
Compiling XML table /Users/enayat/Documents/DeepEyeUnlocker/app/build/intermediates/incremental/release/mergeReleaseResources/merged.dir/values-zh-rTW/values-zh-rTW.xml to /Users/enayat/Documents/DeepEyeUnlocker/app/build/intermediates/merged_res/release/values-zh-rTW_values-zh-rTW.arsc.flat
Compiling XML table /Users/enayat/Documents/DeepEyeUnlocker/app/build/intermediates/incremental/release/mergeReleaseResources/merged.dir/values-vi/values-vi.xml to /Users/enayat/Documents/DeepEyeUnlocker/app/build/intermediates/merged_res/release/values-vi_values-vi.arsc.flat
Compiling XML table /Users/enayat/Documents/DeepEyeUnlocker/app/build/intermediates/incremental/release/mergeReleaseResources/merged.dir/values-eu/values-eu.xml to /Users/enayat/Documents/DeepEyeUnlocker/app/build/intermediates/merged_res/release/values-eu_values-eu.arsc.flat
Compiling XML table /Users/enayat/Documents/DeepEyeUnlocker/app/build/intermediates/incremental/release/mergeReleaseResources/merged.dir/values-fi/values-fi.xml to /Users/enayat/Documents/DeepEyeUnlocker/app/build/intermediates/merged_res/release/values-fi_values-fi.arsc.flat
Compiling XML table /Users/enayat/Documents/DeepEyeUnlocker/app/build/intermediates/incremental/release/mergeReleaseResources/merged.dir/values-w600dp-land-v13/values-w600dp-land-v13.xml to /Users/enayat/Documents/DeepEyeUnlocker/app/build/intermediates/merged_res/release/values-w600dp-land-v13_values-w600dp-land-v13.arsc.flat
Compiling XML table /Users/enayat/Documents/DeepEyeUnlocker/app/build/intermediates/incremental/release/mergeReleaseResources/merged.dir/values-nl/values-nl.xml to /Users/enayat/Documents/DeepEyeUnlocker/app/build/intermediates/merged_res/release/values-nl_values-nl.arsc.flat
Compiling XML table /Users/enayat/Documents/DeepEyeUnlocker/app/build/intermediates/incremental/release/mergeReleaseResources/merged.dir/values-hdpi-v4/values-hdpi-v4.xml to /Users/enayat/Documents/DeepEyeUnlocker/app/build/intermediates/merged_res/release/values-hdpi-v4_values-hdpi-v4.arsc.flat
Compiling XML table /Users/enayat/Documents/DeepEyeUnlocker/app/build/intermediates/incremental/release/mergeReleaseResources/merged.dir/values-or/values-or.xml to /Users/enayat/Documents/DeepEyeUnlocker/app/build/intermediates/merged_res/release/values-or_values-or.arsc.flat
Compiling XML table /Users/enayat/Documents/DeepEyeUnlocker/app/build/intermediates/incremental/release/mergeReleaseResources/merged.dir/values-fr/values-fr.xml to /Users/enayat/Documents/DeepEyeUnlocker/app/build/intermediates/merged_res/release/values-fr_values-fr.arsc.flat
Compiling XML table /Users/enayat/Documents/DeepEyeUnlocker/app/build/intermediates/incremental/release/mergeReleaseResources/merged.dir/values-port/values-port.xml to /Users/enayat/Documents/DeepEyeUnlocker/app/build/intermediates/merged_res/release/values-port_values-port.arsc.flat
Compiling XML table /Users/enayat/Documents/DeepEyeUnlocker/app/build/intermediates/incremental/release/mergeReleaseResources/merged.dir/values-fa/values-fa.xml to /Users/enayat/Documents/DeepEyeUnlocker/app/build/intermediates/merged_res/release/values-fa_values-fa.arsc.flat
Compiling XML table /Users/enayat/Documents/DeepEyeUnlocker/app/build/intermediates/incremental/release/mergeReleaseResources/merged.dir/values-pa/values-pa.xml to /Users/enayat/Documents/DeepEyeUnlocker/app/build/intermediates/merged_res/release/values-pa_values-pa.arsc.flat
Compiling XML table /Users/enayat/Documents/DeepEyeUnlocker/app/build/intermediates/incremental/release/mergeReleaseResources/merged.dir/values-land/values-land.xml to /Users/enayat/Documents/DeepEyeUnlocker/app/build/intermediates/merged_res/release/values-land_values-land.arsc.flat
Compiling XML table /Users/enayat/Documents/DeepEyeUnlocker/app/build/intermediates/incremental/release/mergeReleaseResources/merged.dir/values-en-rXC/values-en-rXC.xml to /Users/enayat/Documents/DeepEyeUnlocker/app/build/intermediates/merged_res/release/values-en-rXC_values-en-rXC.arsc.flat
Compiling xml file /Users/enayat/.gradle/caches/8.12/transforms/2b2afb488a24cede502c0cd559a3315a/transformed/material-1.11.0/res/layout/design_navigation_item.xml to /Users/enayat/Documents/DeepEyeUnlocker/app/build/intermediates/merged_res/release/layout_design_navigation_item.xml.flat
Compiling XML table /Users/enayat/Documents/DeepEyeUnlocker/app/build/intermediates/incremental/release/mergeReleaseResources/merged.dir/values-b+es+419/values-b+es+419.xml to /Users/enayat/Documents/DeepEyeUnlocker/app/build/intermediates/merged_res/release/values-b+es+419_values-b+es+419.arsc.flat
Compiling xml file /Users/enayat/.gradle/caches/8.12/transforms/11129819c0b63eff25eeed666f4b1d00/transformed/appcompat-1.6.1/res/drawable/abc_ic_menu_share_mtrl_alpha.xml to /Users/enayat/Documents/DeepEyeUnlocker/app/build/intermediates/merged_res/release/drawable_abc_ic_menu_share_mtrl_alpha.xml.flat
Compiling XML table /Users/enayat/Documents/DeepEyeUnlocker/app/build/intermediates/incremental/release/mergeReleaseResources/merged.dir/values-en-rGB/values-en-rGB.xml to /Users/enayat/Documents/DeepEyeUnlocker/app/build/intermediates/merged_res/release/values-en-rGB_values-en-rGB.arsc.flat
Compiling xml file /Users/enayat/.gradle/caches/8.12/transforms/2b2afb488a24cede502c0cd559a3315a/transformed/material-1.11.0/res/color/m3_button_ripple_color_selector.xml to /Users/enayat/Documents/DeepEyeUnlocker/app/build/intermediates/merged_res/release/color_m3_button_ripple_color_selector.xml.flat
Compiling xml file /Users/enayat/.gradle/caches/8.12/transforms/2b2afb488a24cede502c0cd559a3315a/transformed/material-1.11.0/res/drawable-v23/m3_tabs_background.xml to /Users/enayat/Documents/DeepEyeUnlocker/app/build/intermediates/merged_res/release/drawable-v23_m3_tabs_background.xml.flat
Compiling xml file /Users/enayat/.gradle/caches/8.12/transforms/2b2afb488a24cede502c0cd559a3315a/transformed/material-1.11.0/res/color/m3_text_button_background_color_selector.xml to /Users/enayat/Documents/DeepEyeUnlocker/app/build/intermediates/merged_res/release/color_m3_text_button_background_color_selector.xml.flat
Compiling xml file /Users/enayat/.gradle/caches/8.12/transforms/11129819c0b63eff25eeed666f4b1d00/transformed/appcompat-1.6.1/res/color/abc_primary_text_material_light.xml to /Users/enayat/Documents/DeepEyeUnlocker/app/build/intermediates/merged_res/release/color_abc_primary_text_material_light.xml.flat
Compiling xml file /Users/enayat/.gradle/caches/8.12/transforms/11129819c0b63eff25eeed666f4b1d00/transformed/appcompat-1.6.1/res/drawable/abc_btn_check_material_anim.xml to /Users/enayat/Documents/DeepEyeUnlocker/app/build/intermediates/merged_res/release/drawable_abc_btn_check_material_anim.xml.flat
Compiling xml file /Users/enayat/.gradle/caches/8.12/transforms/2b2afb488a24cede502c0cd559a3315a/transformed/material-1.11.0/res/layout-v26/mtrl_calendar_month.xml to /Users/enayat/Documents/DeepEyeUnlocker/app/build/intermediates/merged_res/release/layout-v26_mtrl_calendar_month.xml.flat
Compiling xml file /Users/enayat/.gradle/caches/8.12/transforms/2b2afb488a24cede502c0cd559a3315a/transformed/material-1.11.0/res/animator/m3_card_elevated_state_list_anim.xml to /Users/enayat/Documents/DeepEyeUnlocker/app/build/intermediates/merged_res/release/animator_m3_card_elevated_state_list_anim.xml.flat
Compiling xml file /Users/enayat/.gradle/caches/8.12/transforms/11129819c0b63eff25eeed666f4b1d00/transformed/appcompat-1.6.1/res/layout/abc_dialog_title_material.xml to /Users/enayat/Documents/DeepEyeUnlocker/app/build/intermediates/merged_res/release/layout_abc_dialog_title_material.xml.flat
Compiling xml file /Users/enayat/.gradle/caches/8.12/transforms/2b2afb488a24cede502c0cd559a3315a/transformed/material-1.11.0/res/color/m3_calendar_item_stroke_color.xml to /Users/enayat/Documents/DeepEyeUnlocker/app/build/intermediates/merged_res/release/color_m3_calendar_item_stroke_color.xml.flat
Compiling xml file /Users/enayat/.gradle/caches/8.12/transforms/2b2afb488a24cede502c0cd559a3315a/transformed/material-1.11.0/res/color-v31/m3_dynamic_dark_default_color_primary_text.xml to /Users/enayat/Documents/DeepEyeUnlocker/app/build/intermediates/merged_res/release/color-v31_m3_dynamic_dark_default_color_primary_text.xml.flat
Compiling xml file /Users/enayat/.gradle/caches/8.12/transforms/2b2afb488a24cede502c0cd559a3315a/transformed/material-1.11.0/res/drawable/mtrl_popupmenu_background.xml to /Users/enayat/Documents/DeepEyeUnlocker/app/build/intermediates/merged_res/release/drawable_mtrl_popupmenu_background.xml.flat
Compiling xml file /Users/enayat/.gradle/caches/8.12/transforms/2b2afb488a24cede502c0cd559a3315a/transformed/material-1.11.0/res/color/m3_assist_chip_icon_tint_color.xml to /Users/enayat/Documents/DeepEyeUnlocker/app/build/intermediates/merged_res/release/color_m3_assist_chip_icon_tint_color.xml.flat
Compiling xml file /Users/enayat/.gradle/caches/8.12/transforms/11129819c0b63eff25eeed666f4b1d00/transformed/appcompat-1.6.1/res/drawable-v21/abc_list_divider_material.xml to /Users/enayat/Documents/DeepEyeUnlocker/app/build/intermediates/merged_res/release/drawable-v21_abc_list_divider_material.xml.flat
Compiling xml file /Users/enayat/.gradle/caches/8.12/transforms/11129819c0b63eff25eeed666f4b1d00/transformed/appcompat-1.6.1/res/layout/abc_activity_chooser_view.xml to /Users/enayat/Documents/DeepEyeUnlocker/app/build/intermediates/merged_res/release/layout_abc_activity_chooser_view.xml.flat
Compiling xml file /Users/enayat/.gradle/caches/8.12/transforms/11129819c0b63eff25eeed666f4b1d00/transformed/appcompat-1.6.1/res/layout/abc_action_menu_item_layout.xml to /Users/enayat/Documents/DeepEyeUnlocker/app/build/intermediates/merged_res/release/layout_abc_action_menu_item_layout.xml.flat
Compiling xml file /Users/enayat/.gradle/caches/8.12/transforms/2b2afb488a24cede502c0cd559a3315a/transformed/material-1.11.0/res/color/m3_tabs_ripple_color_secondary.xml to /Users/enayat/Documents/DeepEyeUnlocker/app/build/intermediates/merged_res/release/color_m3_tabs_ripple_color_secondary.xml.flat
Compiling XML table /Users/enayat/Documents/DeepEyeUnlocker/app/build/intermediates/incremental/release/mergeReleaseResources/merged.dir/values-gl/values-gl.xml to /Users/enayat/Documents/DeepEyeUnlocker/app/build/intermediates/merged_res/release/values-gl_values-gl.arsc.flat
Compiling xml file /Users/enayat/.gradle/caches/8.12/transforms/2b2afb488a24cede502c0cd559a3315a/transformed/material-1.11.0/res/color/material_slider_active_tick_marks_color.xml to /Users/enayat/Documents/DeepEyeUnlocker/app/build/intermediates/merged_res/release/color_material_slider_active_tick_marks_color.xml.flat
Compiling xml file /Users/enayat/.gradle/caches/8.12/transforms/2b2afb488a24cede502c0cd559a3315a/transformed/material-1.11.0/res/color/m3_timepicker_clock_text_color.xml to /Users/enayat/Documents/DeepEyeUnlocker/app/build/intermediates/merged_res/release/color_m3_timepicker_clock_text_color.xml.flat
Compiling xml file /Users/enayat/.gradle/caches/8.12/transforms/2b2afb488a24cede502c0cd559a3315a/transformed/material-1.11.0/res/color/m3_checkbox_button_icon_tint.xml to /Users/enayat/Documents/DeepEyeUnlocker/app/build/intermediates/merged_res/release/color_m3_checkbox_button_icon_tint.xml.flat
Compiling xml file /Users/enayat/.gradle/caches/8.12/transforms/2b2afb488a24cede502c0cd559a3315a/transformed/material-1.11.0/res/layout/mtrl_alert_select_dialog_singlechoice.xml to /Users/enayat/Documents/DeepEyeUnlocker/app/build/intermediates/merged_res/release/layout_mtrl_alert_select_dialog_singlechoice.xml.flat
Compiling xml file /Users/enayat/.gradle/caches/8.12/transforms/2b2afb488a24cede502c0cd559a3315a/transformed/material-1.11.0/res/color/mtrl_navigation_bar_colored_ripple_color.xml to /Users/enayat/Documents/DeepEyeUnlocker/app/build/intermediates/merged_res/release/color_mtrl_navigation_bar_colored_ripple_color.xml.flat
Compiling xml file /Users/enayat/.gradle/caches/8.12/transforms/2b2afb488a24cede502c0cd559a3315a/transformed/material-1.11.0/res/drawable/mtrl_ic_indeterminate.xml to /Users/enayat/Documents/DeepEyeUnlocker/app/build/intermediates/merged_res/release/drawable_mtrl_ic_indeterminate.xml.flat
Compiling xml file /Users/enayat/.gradle/caches/8.12/transforms/2b2afb488a24cede502c0cd559a3315a/transformed/material-1.11.0/res/color/material_cursor_color.xml to /Users/enayat/Documents/DeepEyeUnlocker/app/build/intermediates/merged_res/release/color_material_cursor_color.xml.flat
Compiling xml file /Users/enayat/.gradle/caches/8.12/transforms/2b2afb488a24cede502c0cd559a3315a/transformed/material-1.11.0/res/color/mtrl_btn_text_color_selector.xml to /Users/enayat/Documents/DeepEyeUnlocker/app/build/intermediates/merged_res/release/color_mtrl_btn_text_color_selector.xml.flat
Compiling xml file /Users/enayat/.gradle/caches/8.12/transforms/2b2afb488a24cede502c0cd559a3315a/transformed/material-1.11.0/res/color-v31/m3_ref_palette_dynamic_neutral_variant17.xml to /Users/enayat/Documents/DeepEyeUnlocker/app/build/intermediates/merged_res/release/color-v31_m3_ref_palette_dynamic_neutral_variant17.xml.flat
Compiling xml file /Users/enayat/.gradle/caches/8.12/transforms/2b2afb488a24cede502c0cd559a3315a/transformed/material-1.11.0/res/color/material_slider_halo_color.xml to /Users/enayat/Documents/DeepEyeUnlocker/app/build/intermediates/merged_res/release/color_material_slider_halo_color.xml.flat
Compiling xml file /Users/enayat/.gradle/caches/8.12/transforms/f14a013919d4e98d26dad4159611a52d/transformed/core-1.13.1/res/drawable-anydpi-v21/ic_call_answer_video.xml to /Users/enayat/Documents/DeepEyeUnlocker/app/build/intermediates/merged_res/release/drawable-anydpi-v21_ic_call_answer_video.xml.flat
Compiling xml file /Users/enayat/.gradle/caches/8.12/transforms/2b2afb488a24cede502c0cd559a3315a/transformed/material-1.11.0/res/interpolator-v21/m3_sys_motion_easing_standard_accelerate.xml to /Users/enayat/Documents/DeepEyeUnlocker/app/build/intermediates/merged_res/release/interpolator-v21_m3_sys_motion_easing_standard_accelerate.xml.flat
Compiling xml file /Users/enayat/.gradle/caches/8.12/transforms/2b2afb488a24cede502c0cd559a3315a/transformed/material-1.11.0/res/anim-v21/m3_side_sheet_exit_to_right.xml to /Users/enayat/Documents/DeepEyeUnlocker/app/build/intermediates/merged_res/release/anim-v21_m3_side_sheet_exit_to_right.xml.flat
Compiling xml file /Users/enayat/.gradle/caches/8.12/transforms/2b2afb488a24cede502c0cd559a3315a/transformed/material-1.11.0/res/drawable-v23/m3_radiobutton_ripple.xml to /Users/enayat/Documents/DeepEyeUnlocker/app/build/intermediates/merged_res/release/drawable-v23_m3_radiobutton_ripple.xml.flat
Compiling xml file /Users/enayat/.gradle/caches/8.12/transforms/2b2afb488a24cede502c0cd559a3315a/transformed/material-1.11.0/res/drawable/m3_bottom_sheet_drag_handle.xml to /Users/enayat/Documents/DeepEyeUnlocker/app/build/intermediates/merged_res/release/drawable_m3_bottom_sheet_drag_handle.xml.flat
Compiling xml file /Users/enayat/Documents/DeepEyeUnlocker/app/src/main/res/drawable/action_card.xml to /Users/enayat/Documents/DeepEyeUnlocker/app/build/intermediates/merged_res/release/drawable_action_card.xml.flat
Compiling xml file /Users/enayat/.gradle/caches/8.12/transforms/2b2afb488a24cede502c0cd559a3315a/transformed/material-1.11.0/res/color/m3_fab_efab_background_color_selector.xml to /Users/enayat/Documents/DeepEyeUnlocker/app/build/intermediates/merged_res/release/color_m3_fab_efab_background_color_selector.xml.flat
Compiling xml file /Users/enayat/.gradle/caches/8.12/transforms/2b2afb488a24cede502c0cd559a3315a/transformed/material-1.11.0/res/anim/linear_indeterminate_line1_tail_interpolator.xml to /Users/enayat/Documents/DeepEyeUnlocker/app/build/intermediates/merged_res/release/anim_linear_indeterminate_line1_tail_interpolator.xml.flat
Compiling xml file /Users/enayat/.gradle/caches/8.12/transforms/11129819c0b63eff25eeed666f4b1d00/transformed/appcompat-1.6.1/res/drawable/abc_btn_radio_material_anim.xml to /Users/enayat/Documents/DeepEyeUnlocker/app/build/intermediates/merged_res/release/drawable_abc_btn_radio_material_anim.xml.flat
Compiling xml file /Users/enayat/.gradle/caches/8.12/transforms/11129819c0b63eff25eeed666f4b1d00/transformed/appcompat-1.6.1/res/interpolator/btn_radio_to_on_mtrl_animation_interpolator_0.xml to /Users/enayat/Documents/DeepEyeUnlocker/app/build/intermediates/merged_res/release/interpolator_btn_radio_to_on_mtrl_animation_interpolator_0.xml.flat
Compiling xml file /Users/enayat/.gradle/caches/8.12/transforms/2b2afb488a24cede502c0cd559a3315a/transformed/material-1.11.0/res/color/m3_timepicker_button_ripple_color.xml to /Users/enayat/Documents/DeepEyeUnlocker/app/build/intermediates/merged_res/release/color_m3_timepicker_button_ripple_color.xml.flat
Compiling xml file /Users/enayat/.gradle/caches/8.12/transforms/2b2afb488a24cede502c0cd559a3315a/transformed/material-1.11.0/res/anim-v21/design_bottom_sheet_slide_in.xml to /Users/enayat/Documents/DeepEyeUnlocker/app/build/intermediates/merged_res/release/anim-v21_design_bottom_sheet_slide_in.xml.flat
Compiling xml file /Users/enayat/.gradle/caches/8.12/transforms/2b2afb488a24cede502c0cd559a3315a/transformed/material-1.11.0/res/color/material_divider_color.xml to /Users/enayat/Documents/DeepEyeUnlocker/app/build/intermediates/merged_res/release/color_material_divider_color.xml.flat
Compiling XML table /Users/enayat/Documents/DeepEyeUnlocker/app/build/intermediates/incremental/release/mergeReleaseResources/merged.dir/values-pl/values-pl.xml to /Users/enayat/Documents/DeepEyeUnlocker/app/build/intermediates/merged_res/release/values-pl_values-pl.arsc.flat
Compiling xml file /Users/enayat/.gradle/caches/8.12/transforms/2b2afb488a24cede502c0cd559a3315a/transformed/material-1.11.0/res/interpolator-v21/m3_sys_motion_easing_linear.xml to /Users/enayat/Documents/DeepEyeUnlocker/app/build/intermediates/merged_res/release/interpolator-v21_m3_sys_motion_easing_linear.xml.flat
Compiling xml file /Users/enayat/.gradle/caches/8.12/transforms/2b2afb488a24cede502c0cd559a3315a/transformed/material-1.11.0/res/color/mtrl_popupmenu_overlay_color.xml to /Users/enayat/Documents/DeepEyeUnlocker/app/build/intermediates/merged_res/release/color_mtrl_popupmenu_overlay_color.xml.flat
Compiling xml file /Users/enayat/.gradle/caches/8.12/transforms/2b2afb488a24cede502c0cd559a3315a/transformed/material-1.11.0/res/color/m3_navigation_rail_ripple_color_selector.xml to /Users/enayat/Documents/DeepEyeUnlocker/app/build/intermediates/merged_res/release/color_m3_navigation_rail_ripple_color_selector.xml.flat
Compiling xml file /Users/enayat/.gradle/caches/8.12/transforms/2b2afb488a24cede502c0cd559a3315a/transformed/material-1.11.0/res/color-v31/m3_ref_palette_dynamic_neutral_variant94.xml to /Users/enayat/Documents/DeepEyeUnlocker/app/build/intermediates/merged_res/release/color-v31_m3_ref_palette_dynamic_neutral_variant94.xml.flat
Compiling xml file /Users/enayat/Documents/DeepEyeUnlocker/app/src/main/res/drawable/brand_tab_selected.xml to /Users/enayat/Documents/DeepEyeUnlocker/app/build/intermediates/merged_res/release/drawable_brand_tab_selected.xml.flat
Compiling xml file /Users/enayat/.gradle/caches/8.12/transforms/11129819c0b63eff25eeed666f4b1d00/transformed/appcompat-1.6.1/res/interpolator/btn_checkbox_unchecked_mtrl_animation_interpolator_1.xml to /Users/enayat/Documents/DeepEyeUnlocker/app/build/intermediates/merged_res/release/interpolator_btn_checkbox_unchecked_mtrl_animation_interpolator_1.xml.flat
Compiling xml file /Users/enayat/.gradle/caches/8.12/transforms/11129819c0b63eff25eeed666f4b1d00/transformed/appcompat-1.6.1/res/anim/btn_checkbox_to_checked_box_inner_merged_animation.xml to /Users/enayat/Documents/DeepEyeUnlocker/app/build/intermediates/merged_res/release/anim_btn_checkbox_to_checked_box_inner_merged_animation.xml.flat
Compiling xml file /Users/enayat/.gradle/caches/8.12/transforms/11129819c0b63eff25eeed666f4b1d00/transformed/appcompat-1.6.1/res/drawable/abc_ic_arrow_drop_right_black_24dp.xml to /Users/enayat/Documents/DeepEyeUnlocker/app/build/intermediates/merged_res/release/drawable_abc_ic_arrow_drop_right_black_24dp.xml.flat
Compiling xml file /Users/enayat/Documents/DeepEyeUnlocker/app/src/main/res/menu/drawer_menu.xml to /Users/enayat/Documents/DeepEyeUnlocker/app/build/intermediates/merged_res/release/menu_drawer_menu.xml.flat
Compiling xml file /Users/enayat/.gradle/caches/8.12/transforms/2b2afb488a24cede502c0cd559a3315a/transformed/material-1.11.0/res/color/m3_navigation_item_text_color.xml to /Users/enayat/Documents/DeepEyeUnlocker/app/build/intermediates/merged_res/release/color_m3_navigation_item_text_color.xml.flat
Compiling xml file /Users/enayat/.gradle/caches/8.12/transforms/15e98729dcd3abef3bbdc67a47915447/transformed/fragment-1.5.1/res/animator/fragment_close_exit.xml to /Users/enayat/Documents/DeepEyeUnlocker/app/build/intermediates/merged_res/release/animator_fragment_close_exit.xml.flat
Compiling xml file /Users/enayat/.gradle/caches/8.12/transforms/11129819c0b63eff25eeed666f4b1d00/transformed/appcompat-1.6.1/res/layout/support_simple_spinner_dropdown_item.xml to /Users/enayat/Documents/DeepEyeUnlocker/app/build/intermediates/merged_res/release/layout_support_simple_spinner_dropdown_item.xml.flat
Compiling xml file /Users/enayat/.gradle/caches/8.12/transforms/11129819c0b63eff25eeed666f4b1d00/transformed/appcompat-1.6.1/res/interpolator/fast_out_slow_in.xml to /Users/enayat/Documents/DeepEyeUnlocker/app/build/intermediates/merged_res/release/interpolator_fast_out_slow_in.xml.flat
Compiling xml file /Users/enayat/.gradle/caches/8.12/transforms/2b2afb488a24cede502c0cd559a3315a/transformed/material-1.11.0/res/drawable/ic_mtrl_checked_circle.xml to /Users/enayat/Documents/DeepEyeUnlocker/app/build/intermediates/merged_res/release/drawable_ic_mtrl_checked_circle.xml.flat
Compiling xml file /Users/enayat/.gradle/caches/8.12/transforms/2b2afb488a24cede502c0cd559a3315a/transformed/material-1.11.0/res/layout/design_navigation_item_header.xml to /Users/enayat/Documents/DeepEyeUnlocker/app/build/intermediates/merged_res/release/layout_design_navigation_item_header.xml.flat
Compiling xml file /Users/enayat/.gradle/caches/8.12/transforms/2b2afb488a24cede502c0cd559a3315a/transformed/material-1.11.0/res/layout/mtrl_calendar_months.xml to /Users/enayat/Documents/DeepEyeUnlocker/app/build/intermediates/merged_res/release/layout_mtrl_calendar_months.xml.flat
Compiling xml file /Users/enayat/.gradle/caches/8.12/transforms/2b2afb488a24cede502c0cd559a3315a/transformed/material-1.11.0/res/drawable/m3_password_eye.xml to /Users/enayat/Documents/DeepEyeUnlocker/app/build/intermediates/merged_res/release/drawable_m3_password_eye.xml.flat
Compiling xml file /Users/enayat/.gradle/caches/8.12/transforms/2b2afb488a24cede502c0cd559a3315a/transformed/material-1.11.0/res/layout/mtrl_calendar_horizontal.xml to /Users/enayat/Documents/DeepEyeUnlocker/app/build/intermediates/merged_res/release/layout_mtrl_calendar_horizontal.xml.flat
Compiling xml file /Users/enayat/.gradle/caches/8.12/transforms/2b2afb488a24cede502c0cd559a3315a/transformed/material-1.11.0/res/color/material_timepicker_button_background.xml to /Users/enayat/Documents/DeepEyeUnlocker/app/build/intermediates/merged_res/release/color_material_timepicker_button_background.xml.flat
Compiling xml file /Users/enayat/.gradle/caches/8.12/transforms/2b2afb488a24cede502c0cd559a3315a/transformed/material-1.11.0/res/drawable-v23/m3_tabs_transparent_background.xml to /Users/enayat/Documents/DeepEyeUnlocker/app/build/intermediates/merged_res/release/drawable-v23_m3_tabs_transparent_background.xml.flat
Compiling xml file /Users/enayat/.gradle/caches/8.12/transforms/2b2afb488a24cede502c0cd559a3315a/transformed/material-1.11.0/res/animator/mtrl_extended_fab_state_list_animator.xml to /Users/enayat/Documents/DeepEyeUnlocker/app/build/intermediates/merged_res/release/animator_mtrl_extended_fab_state_list_animator.xml.flat
Compiling xml file /Users/enayat/.gradle/caches/8.12/transforms/11129819c0b63eff25eeed666f4b1d00/transformed/appcompat-1.6.1/res/drawable/abc_ic_menu_cut_mtrl_alpha.xml to /Users/enayat/Documents/DeepEyeUnlocker/app/build/intermediates/merged_res/release/drawable_abc_ic_menu_cut_mtrl_alpha.xml.flat
Compiling xml file /Users/enayat/.gradle/caches/8.12/transforms/11129819c0b63eff25eeed666f4b1d00/transformed/appcompat-1.6.1/res/drawable/abc_spinner_textfield_background_material.xml to /Users/enayat/Documents/DeepEyeUnlocker/app/build/intermediates/merged_res/release/drawable_abc_spinner_textfield_background_material.xml.flat
Compiling xml file /Users/enayat/.gradle/caches/8.12/transforms/11129819c0b63eff25eeed666f4b1d00/transformed/appcompat-1.6.1/res/drawable/btn_checkbox_unchecked_to_checked_mtrl_animation.xml to /Users/enayat/Documents/DeepEyeUnlocker/app/build/intermediates/merged_res/release/drawable_btn_checkbox_unchecked_to_checked_mtrl_animation.xml.flat
Compiling xml file /Users/enayat/Documents/DeepEyeUnlocker/app/src/main/res/drawable/action_card_danger.xml to /Users/enayat/Documents/DeepEyeUnlocker/app/build/intermediates/merged_res/release/drawable_action_card_danger.xml.flat
Compiling xml file /Users/enayat/.gradle/caches/8.12/transforms/11129819c0b63eff25eeed666f4b1d00/transformed/appcompat-1.6.1/res/anim/abc_slide_out_top.xml to /Users/enayat/Documents/DeepEyeUnlocker/app/build/intermediates/merged_res/release/anim_abc_slide_out_top.xml.flat
Compiling xml file /Users/enayat/.gradle/caches/8.12/transforms/2b2afb488a24cede502c0cd559a3315a/transformed/material-1.11.0/res/color-v31/m3_ref_palette_dynamic_neutral_variant98.xml to /Users/enayat/Documents/DeepEyeUnlocker/app/build/intermediates/merged_res/release/color-v31_m3_ref_palette_dynamic_neutral_variant98.xml.flat
Compiling xml file /Users/enayat/.gradle/caches/8.12/transforms/2b2afb488a24cede502c0cd559a3315a/transformed/material-1.11.0/res/anim/linear_indeterminate_line2_tail_interpolator.xml to /Users/enayat/Documents/DeepEyeUnlocker/app/build/intermediates/merged_res/release/anim_linear_indeterminate_line2_tail_interpolator.xml.flat
Compiling xml file /Users/enayat/.gradle/caches/8.12/transforms/2b2afb488a24cede502c0cd559a3315a/transformed/material-1.11.0/res/color-v31/m3_ref_palette_dynamic_neutral_variant22.xml to /Users/enayat/Documents/DeepEyeUnlocker/app/build/intermediates/merged_res/release/color-v31_m3_ref_palette_dynamic_neutral_variant22.xml.flat
Compiling xml file /Users/enayat/.gradle/caches/8.12/transforms/2b2afb488a24cede502c0cd559a3315a/transformed/material-1.11.0/res/layout/material_time_input.xml to /Users/enayat/Documents/DeepEyeUnlocker/app/build/intermediates/merged_res/release/layout_material_time_input.xml.flat
Compiling xml file /Users/enayat/.gradle/caches/8.12/transforms/2b2afb488a24cede502c0cd559a3315a/transformed/material-1.11.0/res/color/m3_tabs_text_color_secondary.xml to /Users/enayat/Documents/DeepEyeUnlocker/app/build/intermediates/merged_res/release/color_m3_tabs_text_color_secondary.xml.flat
Compiling xml file /Users/enayat/.gradle/caches/8.12/transforms/11129819c0b63eff25eeed666f4b1d00/transformed/appcompat-1.6.1/res/color/abc_secondary_text_material_light.xml to /Users/enayat/Documents/DeepEyeUnlocker/app/build/intermediates/merged_res/release/color_abc_secondary_text_material_light.xml.flat
Compiling xml file /Users/enayat/.gradle/caches/8.12/transforms/2b2afb488a24cede502c0cd559a3315a/transformed/material-1.11.0/res/drawable/mtrl_ic_arrow_drop_up.xml to /Users/enayat/Documents/DeepEyeUnlocker/app/build/intermediates/merged_res/release/drawable_mtrl_ic_arrow_drop_up.xml.flat
Compiling xml file /Users/enayat/.gradle/caches/8.12/transforms/2b2afb488a24cede502c0cd559a3315a/transformed/material-1.11.0/res/color-v31/m3_dynamic_default_color_primary_text.xml to /Users/enayat/Documents/DeepEyeUnlocker/app/build/intermediates/merged_res/release/color-v31_m3_dynamic_default_color_primary_text.xml.flat
Compiling xml file /Users/enayat/.gradle/caches/8.12/transforms/2b2afb488a24cede502c0cd559a3315a/transformed/material-1.11.0/res/interpolator-v21/m3_sys_motion_easing_standard_decelerate.xml to /Users/enayat/Documents/DeepEyeUnlocker/app/build/intermediates/merged_res/release/interpolator-v21_m3_sys_motion_easing_standard_decelerate.xml.flat
Compiling xml file /Users/enayat/.gradle/caches/8.12/transforms/2b2afb488a24cede502c0cd559a3315a/transformed/material-1.11.0/res/layout/material_clock_display_divider.xml to /Users/enayat/Documents/DeepEyeUnlocker/app/build/intermediates/merged_res/release/layout_material_clock_display_divider.xml.flat
Compiling xml file /Users/enayat/.gradle/caches/8.12/transforms/2b2afb488a24cede502c0cd559a3315a/transformed/material-1.11.0/res/layout-sw600dp-v13/design_layout_snackbar.xml to /Users/enayat/Documents/DeepEyeUnlocker/app/build/intermediates/merged_res/release/layout-sw600dp-v13_design_layout_snackbar.xml.flat
Compiling xml file /Users/enayat/.gradle/caches/8.12/transforms/2b2afb488a24cede502c0cd559a3315a/transformed/material-1.11.0/res/drawable/design_password_eye.xml to /Users/enayat/Documents/DeepEyeUnlocker/app/build/intermediates/merged_res/release/drawable_design_password_eye.xml.flat
Compiling xml file /Users/enayat/.gradle/caches/8.12/transforms/2b2afb488a24cede502c0cd559a3315a/transformed/material-1.11.0/res/drawable/m3_popupmenu_background_overlay.xml to /Users/enayat/Documents/DeepEyeUnlocker/app/build/intermediates/merged_res/release/drawable_m3_popupmenu_background_overlay.xml.flat
Compiling xml file /Users/enayat/.gradle/caches/8.12/transforms/11129819c0b63eff25eeed666f4b1d00/transformed/appcompat-1.6.1/res/color-v23/abc_btn_colored_borderless_text_material.xml to /Users/enayat/Documents/DeepEyeUnlocker/app/build/intermediates/merged_res/release/color-v23_abc_btn_colored_borderless_text_material.xml.flat
Compiling xml file /Users/enayat/.gradle/caches/8.12/transforms/2b2afb488a24cede502c0cd559a3315a/transformed/material-1.11.0/res/layout/m3_side_sheet_dialog.xml to /Users/enayat/Documents/DeepEyeUnlocker/app/build/intermediates/merged_res/release/layout_m3_side_sheet_dialog.xml.flat
Compiling xml file /Users/enayat/.gradle/caches/8.12/transforms/11129819c0b63eff25eeed666f4b1d00/transformed/appcompat-1.6.1/res/drawable/abc_ic_menu_selectall_mtrl_alpha.xml to /Users/enayat/Documents/DeepEyeUnlocker/app/build/intermediates/merged_res/release/drawable_abc_ic_menu_selectall_mtrl_alpha.xml.flat
Compiling xml file /Users/enayat/.gradle/caches/8.12/transforms/2b2afb488a24cede502c0cd559a3315a/transformed/material-1.11.0/res/drawable/mtrl_ic_cancel.xml to /Users/enayat/Documents/DeepEyeUnlocker/app/build/intermediates/merged_res/release/drawable_mtrl_ic_cancel.xml.flat
Compiling xml file /Users/enayat/.gradle/caches/8.12/transforms/6dd44917cc9996309e332347b1a25883/transformed/jetified-ui-release/res/color/vector_tint_theme_color.xml to /Users/enayat/Documents/DeepEyeUnlocker/app/build/intermediates/merged_res/release/color_vector_tint_theme_color.xml.flat
Compiling xml file /Users/enayat/.gradle/caches/8.12/transforms/2b2afb488a24cede502c0cd559a3315a/transformed/material-1.11.0/res/color/m3_text_button_foreground_color_selector.xml to /Users/enayat/Documents/DeepEyeUnlocker/app/build/intermediates/merged_res/release/color_m3_text_button_foreground_color_selector.xml.flat
Compiling xml file /Users/enayat/.gradle/caches/8.12/transforms/2b2afb488a24cede502c0cd559a3315a/transformed/material-1.11.0/res/drawable/mtrl_checkbox_button_unchecked_checked.xml to /Users/enayat/Documents/DeepEyeUnlocker/app/build/intermediates/merged_res/release/drawable_mtrl_checkbox_button_unchecked_checked.xml.flat
Compiling xml file /Users/enayat/Documents/DeepEyeUnlocker/app/src/main/res/anim/fade_in.xml to /Users/enayat/Documents/DeepEyeUnlocker/app/build/intermediates/merged_res/release/anim_fade_in.xml.flat
Compiling xml file /Users/enayat/.gradle/caches/8.12/transforms/2b2afb488a24cede502c0cd559a3315a/transformed/material-1.11.0/res/drawable/design_fab_background.xml to /Users/enayat/Documents/DeepEyeUnlocker/app/build/intermediates/merged_res/release/drawable_design_fab_background.xml.flat
Compiling xml file /Users/enayat/.gradle/caches/8.12/transforms/11129819c0b63eff25eeed666f4b1d00/transformed/appcompat-1.6.1/res/drawable/btn_radio_on_to_off_mtrl_animation.xml to /Users/enayat/Documents/DeepEyeUnlocker/app/build/intermediates/merged_res/release/drawable_btn_radio_on_to_off_mtrl_animation.xml.flat
Compiling xml file /Users/enayat/.gradle/caches/8.12/transforms/11129819c0b63eff25eeed666f4b1d00/transformed/appcompat-1.6.1/res/layout-watch-v20/abc_alert_dialog_button_bar_material.xml to /Users/enayat/Documents/DeepEyeUnlocker/app/build/intermediates/merged_res/release/layout-watch-v20_abc_alert_dialog_button_bar_material.xml.flat
Compiling xml file /Users/enayat/.gradle/caches/8.12/transforms/2b2afb488a24cede502c0cd559a3315a/transformed/material-1.11.0/res/color/m3_fab_efab_foreground_color_selector.xml to /Users/enayat/Documents/DeepEyeUnlocker/app/build/intermediates/merged_res/release/color_m3_fab_efab_foreground_color_selector.xml.flat
Compiling xml file /Users/enayat/.gradle/caches/8.12/transforms/2b2afb488a24cede502c0cd559a3315a/transformed/material-1.11.0/res/color/mtrl_navigation_bar_item_tint.xml to /Users/enayat/Documents/DeepEyeUnlocker/app/build/intermediates/merged_res/release/color_mtrl_navigation_bar_item_tint.xml.flat
Compiling xml file /Users/enayat/.gradle/caches/8.12/transforms/11129819c0b63eff25eeed666f4b1d00/transformed/appcompat-1.6.1/res/layout/abc_search_dropdown_item_icons_2line.xml to /Users/enayat/Documents/DeepEyeUnlocker/app/build/intermediates/merged_res/release/layout_abc_search_dropdown_item_icons_2line.xml.flat
Compiling xml file /Users/enayat/.gradle/caches/8.12/transforms/2b2afb488a24cede502c0cd559a3315a/transformed/material-1.11.0/res/layout-sw600dp-v13/mtrl_layout_snackbar.xml to /Users/enayat/Documents/DeepEyeUnlocker/app/build/intermediates/merged_res/release/layout-sw600dp-v13_mtrl_layout_snackbar.xml.flat
Compiling xml file /Users/enayat/.gradle/caches/8.12/transforms/2b2afb488a24cede502c0cd559a3315a/transformed/material-1.11.0/res/color/m3_timepicker_display_background_color.xml to /Users/enayat/Documents/DeepEyeUnlocker/app/build/intermediates/merged_res/release/color_m3_timepicker_display_background_color.xml.flat
Compiling xml file /Users/enayat/.gradle/caches/8.12/transforms/2b2afb488a24cede502c0cd559a3315a/transformed/material-1.11.0/res/drawable/mtrl_checkbox_button_checked_unchecked.xml to /Users/enayat/Documents/DeepEyeUnlocker/app/build/intermediates/merged_res/release/drawable_mtrl_checkbox_button_checked_unchecked.xml.flat
Compiling xml file /Users/enayat/.gradle/caches/8.12/transforms/2b2afb488a24cede502c0cd559a3315a/transformed/material-1.11.0/res/color/m3_efab_ripple_color_selector.xml to /Users/enayat/Documents/DeepEyeUnlocker/app/build/intermediates/merged_res/release/color_m3_efab_ripple_color_selector.xml.flat
Compiling xml file /Users/enayat/.gradle/caches/8.12/transforms/2b2afb488a24cede502c0cd559a3315a/transformed/material-1.11.0/res/color/m3_card_foreground_color.xml to /Users/enayat/Documents/DeepEyeUnlocker/app/build/intermediates/merged_res/release/color_m3_card_foreground_color.xml.flat
Compiling xml file /Users/enayat/.gradle/caches/8.12/transforms/11129819c0b63eff25eeed666f4b1d00/transformed/appcompat-1.6.1/res/anim/abc_slide_in_bottom.xml to /Users/enayat/Documents/DeepEyeUnlocker/app/build/intermediates/merged_res/release/anim_abc_slide_in_bottom.xml.flat
Compiling xml file /Users/enayat/.gradle/caches/8.12/transforms/2b2afb488a24cede502c0cd559a3315a/transformed/material-1.11.0/res/anim-v21/m3_bottom_sheet_slide_out.xml to /Users/enayat/Documents/DeepEyeUnlocker/app/build/intermediates/merged_res/release/anim-v21_m3_bottom_sheet_slide_out.xml.flat
Compiling xml file /Users/enayat/.gradle/caches/8.12/transforms/11129819c0b63eff25eeed666f4b1d00/transformed/appcompat-1.6.1/res/color/switch_thumb_material_dark.xml to /Users/enayat/Documents/DeepEyeUnlocker/app/build/intermediates/merged_res/release/color_switch_thumb_material_dark.xml.flat
Compiling xml file /Users/enayat/.gradle/caches/8.12/transforms/2b2afb488a24cede502c0cd559a3315a/transformed/material-1.11.0/res/color/m3_highlighted_text.xml to /Users/enayat/Documents/DeepEyeUnlocker/app/build/intermediates/merged_res/release/color_m3_highlighted_text.xml.flat
Compiling xml file /Users/enayat/.gradle/caches/8.12/transforms/2b2afb488a24cede502c0cd559a3315a/transformed/material-1.11.0/res/drawable/ic_mtrl_chip_close_circle.xml to /Users/enayat/Documents/DeepEyeUnlocker/app/build/intermediates/merged_res/release/drawable_ic_mtrl_chip_close_circle.xml.flat
Compiling xml file /Users/enayat/Documents/DeepEyeUnlocker/app/src/main/res/drawable/operation_btn_danger.xml to /Users/enayat/Documents/DeepEyeUnlocker/app/build/intermediates/merged_res/release/drawable_operation_btn_danger.xml.flat
Compiling xml file /Users/enayat/.gradle/caches/8.12/transforms/2b2afb488a24cede502c0cd559a3315a/transformed/material-1.11.0/res/color/mtrl_filled_background_color.xml to /Users/enayat/Documents/DeepEyeUnlocker/app/build/intermediates/merged_res/release/color_mtrl_filled_background_color.xml.flat
Compiling xml file /Users/enayat/.gradle/caches/8.12/transforms/38429c6ab3c82fcd7ceba87d70d025eb/transformed/jetified-core-splashscreen-1.0.1/res/drawable/icon_background.xml to /Users/enayat/Documents/DeepEyeUnlocker/app/build/intermediates/merged_res/release/drawable_icon_background.xml.flat
Compiling xml file /Users/enayat/Documents/DeepEyeUnlocker/app/src/main/res/xml/network_security_config.xml to /Users/enayat/Documents/DeepEyeUnlocker/app/build/intermediates/merged_res/release/xml_network_security_config.xml.flat
Compiling xml file /Users/enayat/.gradle/caches/8.12/transforms/11129819c0b63eff25eeed666f4b1d00/transformed/appcompat-1.6.1/res/drawable/tooltip_frame_dark.xml to /Users/enayat/Documents/DeepEyeUnlocker/app/build/intermediates/merged_res/release/drawable_tooltip_frame_dark.xml.flat
Compiling xml file /Users/enayat/.gradle/caches/8.12/transforms/2b2afb488a24cede502c0cd559a3315a/transformed/material-1.11.0/res/layout/mtrl_alert_dialog.xml to /Users/enayat/Documents/DeepEyeUnlocker/app/build/intermediates/merged_res/release/layout_mtrl_alert_dialog.xml.flat
Compiling xml file /Users/enayat/.gradle/caches/8.12/transforms/11129819c0b63eff25eeed666f4b1d00/transformed/appcompat-1.6.1/res/interpolator/btn_checkbox_unchecked_mtrl_animation_interpolator_0.xml to /Users/enayat/Documents/DeepEyeUnlocker/app/build/intermediates/merged_res/release/interpolator_btn_checkbox_unchecked_mtrl_animation_interpolator_0.xml.flat
Compiling xml file /Users/enayat/.gradle/caches/8.12/transforms/11129819c0b63eff25eeed666f4b1d00/transformed/appcompat-1.6.1/res/layout/select_dialog_multichoice_material.xml to /Users/enayat/Documents/DeepEyeUnlocker/app/build/intermediates/merged_res/release/layout_select_dialog_multichoice_material.xml.flat
Compiling xml file /Users/enayat/.gradle/caches/8.12/transforms/11129819c0b63eff25eeed666f4b1d00/transformed/appcompat-1.6.1/res/color/abc_search_url_text.xml to /Users/enayat/Documents/DeepEyeUnlocker/app/build/intermediates/merged_res/release/color_abc_search_url_text.xml.flat
Compiling xml file /Users/enayat/.gradle/caches/8.12/transforms/2b2afb488a24cede502c0cd559a3315a/transformed/material-1.11.0/res/layout/material_clock_display.xml to /Users/enayat/Documents/DeepEyeUnlocker/app/build/intermediates/merged_res/release/layout_material_clock_display.xml.flat
Compiling xml file /Users/enayat/.gradle/caches/8.12/transforms/2b2afb488a24cede502c0cd559a3315a/transformed/material-1.11.0/res/color/m3_slider_inactive_track_color.xml to /Users/enayat/Documents/DeepEyeUnlocker/app/build/intermediates/merged_res/release/color_m3_slider_inactive_track_color.xml.flat
Compiling xml file /Users/enayat/.gradle/caches/8.12/transforms/2b2afb488a24cede502c0cd559a3315a/transformed/material-1.11.0/res/drawable/material_ic_menu_arrow_up_black_24dp.xml to /Users/enayat/Documents/DeepEyeUnlocker/app/build/intermediates/merged_res/release/drawable_material_ic_menu_arrow_up_black_24dp.xml.flat
Compiling xml file /Users/enayat/.gradle/caches/8.12/transforms/2b2afb488a24cede502c0cd559a3315a/transformed/material-1.11.0/res/animator/m3_chip_state_list_anim.xml to /Users/enayat/Documents/DeepEyeUnlocker/app/build/intermediates/merged_res/release/animator_m3_chip_state_list_anim.xml.flat
Compiling xml file /Users/enayat/.gradle/caches/8.12/transforms/2b2afb488a24cede502c0cd559a3315a/transformed/material-1.11.0/res/color-v31/m3_dynamic_dark_highlighted_text.xml to /Users/enayat/Documents/DeepEyeUnlocker/app/build/intermediates/merged_res/release/color-v31_m3_dynamic_dark_highlighted_text.xml.flat
Compiling xml file /Users/enayat/.gradle/caches/8.12/transforms/2b2afb488a24cede502c0cd559a3315a/transformed/material-1.11.0/res/layout/mtrl_layout_snackbar.xml to /Users/enayat/Documents/DeepEyeUnlocker/app/build/intermediates/merged_res/release/layout_mtrl_layout_snackbar.xml.flat
Compiling xml file /Users/enayat/.gradle/caches/8.12/transforms/2b2afb488a24cede502c0cd559a3315a/transformed/material-1.11.0/res/layout/mtrl_picker_dialog.xml to /Users/enayat/Documents/DeepEyeUnlocker/app/build/intermediates/merged_res/release/layout_mtrl_picker_dialog.xml.flat
Compiling xml file /Users/enayat/.gradle/caches/8.12/transforms/f14a013919d4e98d26dad4159611a52d/transformed/core-1.13.1/res/layout/notification_template_part_chronometer.xml to /Users/enayat/Documents/DeepEyeUnlocker/app/build/intermediates/merged_res/release/layout_notification_template_part_chronometer.xml.flat
Compiling xml file /Users/enayat/.gradle/caches/8.12/transforms/2b2afb488a24cede502c0cd559a3315a/transformed/material-1.11.0/res/animator/m3_btn_state_list_anim.xml to /Users/enayat/Documents/DeepEyeUnlocker/app/build/intermediates/merged_res/release/animator_m3_btn_state_list_anim.xml.flat
Compiling xml file /Users/enayat/.gradle/caches/8.12/transforms/2b2afb488a24cede502c0cd559a3315a/transformed/material-1.11.0/res/drawable/ic_m3_chip_close.xml to /Users/enayat/Documents/DeepEyeUnlocker/app/build/intermediates/merged_res/release/drawable_ic_m3_chip_close.xml.flat
Compiling xml file /Users/enayat/.gradle/caches/8.12/transforms/11129819c0b63eff25eeed666f4b1d00/transformed/appcompat-1.6.1/res/drawable/abc_tab_indicator_material.xml to /Users/enayat/Documents/DeepEyeUnlocker/app/build/intermediates/merged_res/release/drawable_abc_tab_indicator_material.xml.flat
Compiling xml file /Users/enayat/.gradle/caches/8.12/transforms/11129819c0b63eff25eeed666f4b1d00/transformed/appcompat-1.6.1/res/drawable/btn_checkbox_checked_mtrl.xml to /Users/enayat/Documents/DeepEyeUnlocker/app/build/intermediates/merged_res/release/drawable_btn_checkbox_checked_mtrl.xml.flat
Compiling xml file /Users/enayat/.gradle/caches/8.12/transforms/2b2afb488a24cede502c0cd559a3315a/transformed/material-1.11.0/res/color/mtrl_switch_thumb_icon_tint.xml to /Users/enayat/Documents/DeepEyeUnlocker/app/build/intermediates/merged_res/release/color_mtrl_switch_thumb_icon_tint.xml.flat
Compiling xml file /Users/enayat/.gradle/caches/8.12/transforms/2b2afb488a24cede502c0cd559a3315a/transformed/material-1.11.0/res/color/material_on_primary_disabled.xml to /Users/enayat/Documents/DeepEyeUnlocker/app/build/intermediates/merged_res/release/color_material_on_primary_disabled.xml.flat
Compiling xml file /Users/enayat/.gradle/caches/8.12/transforms/11129819c0b63eff25eeed666f4b1d00/transformed/appcompat-1.6.1/res/layout/abc_expanded_menu_layout.xml to /Users/enayat/Documents/DeepEyeUnlocker/app/build/intermediates/merged_res/release/layout_abc_expanded_menu_layout.xml.flat
Compiling xml file /Users/enayat/.gradle/caches/8.12/transforms/2b2afb488a24cede502c0cd559a3315a/transformed/material-1.11.0/res/drawable/mtrl_checkbox_button_icon.xml to /Users/enayat/Documents/DeepEyeUnlocker/app/build/intermediates/merged_res/release/drawable_mtrl_checkbox_button_icon.xml.flat
Compiling xml file /Users/enayat/.gradle/caches/8.12/transforms/2b2afb488a24cede502c0cd559a3315a/transformed/material-1.11.0/res/drawable/mtrl_checkbox_button_icon_unchecked_checked.xml to /Users/enayat/Documents/DeepEyeUnlocker/app/build/intermediates/merged_res/release/drawable_mtrl_checkbox_button_icon_unchecked_checked.xml.flat
Compiling xml file /Users/enayat/.gradle/caches/8.12/transforms/2b2afb488a24cede502c0cd559a3315a/transformed/material-1.11.0/res/drawable/mtrl_switch_thumb_unchecked_checked.xml to /Users/enayat/Documents/DeepEyeUnlocker/app/build/intermediates/merged_res/release/drawable_mtrl_switch_thumb_unchecked_checked.xml.flat
Compiling xml file /Users/enayat/.gradle/caches/8.12/transforms/2b2afb488a24cede502c0cd559a3315a/transformed/material-1.11.0/res/layout/mtrl_calendar_month_navigation.xml to /Users/enayat/Documents/DeepEyeUnlocker/app/build/intermediates/merged_res/release/layout_mtrl_calendar_month_navigation.xml.flat
Compiling xml file /Users/enayat/.gradle/caches/8.12/transforms/2b2afb488a24cede502c0cd559a3315a/transformed/material-1.11.0/res/layout/mtrl_alert_select_dialog_multichoice.xml to /Users/enayat/Documents/DeepEyeUnlocker/app/build/intermediates/merged_res/release/layout_mtrl_alert_select_dialog_multichoice.xml.flat
Compiling xml file /Users/enayat/.gradle/caches/8.12/transforms/15e98729dcd3abef3bbdc67a47915447/transformed/fragment-1.5.1/res/animator/fragment_fade_exit.xml to /Users/enayat/Documents/DeepEyeUnlocker/app/build/intermediates/merged_res/release/animator_fragment_fade_exit.xml.flat
Compiling xml file /Users/enayat/.gradle/caches/8.12/transforms/2b2afb488a24cede502c0cd559a3315a/transformed/material-1.11.0/res/animator/mtrl_extended_fab_change_size_collapse_motion_spec.xml to /Users/enayat/Documents/DeepEyeUnlocker/app/build/intermediates/merged_res/release/animator_mtrl_extended_fab_change_size_collapse_motion_spec.xml.flat
Compiling xml file /Users/enayat/.gradle/caches/8.12/transforms/2b2afb488a24cede502c0cd559a3315a/transformed/material-1.11.0/res/color/material_personalized_primary_inverse_text_disable_only.xml to /Users/enayat/Documents/DeepEyeUnlocker/app/build/intermediates/merged_res/release/color_material_personalized_primary_inverse_text_disable_only.xml.flat
Compiling xml file /Users/enayat/.gradle/caches/8.12/transforms/2b2afb488a24cede502c0cd559a3315a/transformed/material-1.11.0/res/drawable/mtrl_switch_thumb_checked_pressed.xml to /Users/enayat/Documents/DeepEyeUnlocker/app/build/intermediates/merged_res/release/drawable_mtrl_switch_thumb_checked_pressed.xml.flat
Compiling xml file /Users/enayat/.gradle/caches/8.12/transforms/2b2afb488a24cede502c0cd559a3315a/transformed/material-1.11.0/res/layout/material_clock_period_toggle.xml to /Users/enayat/Documents/DeepEyeUnlocker/app/build/intermediates/merged_res/release/layout_material_clock_period_toggle.xml.flat
Compiling xml file /Users/enayat/.gradle/caches/8.12/transforms/2b2afb488a24cede502c0cd559a3315a/transformed/material-1.11.0/res/color/m3_button_outline_color_selector.xml to /Users/enayat/Documents/DeepEyeUnlocker/app/build/intermediates/merged_res/release/color_m3_button_outline_color_selector.xml.flat
Compiling xml file /Users/enayat/.gradle/caches/8.12/transforms/2b2afb488a24cede502c0cd559a3315a/transformed/material-1.11.0/res/drawable/material_ic_edit_black_24dp.xml to /Users/enayat/Documents/DeepEyeUnlocker/app/build/intermediates/merged_res/release/drawable_material_ic_edit_black_24dp.xml.flat
Compiling xml file /Users/enayat/.gradle/caches/8.12/transforms/11129819c0b63eff25eeed666f4b1d00/transformed/appcompat-1.6.1/res/drawable/abc_ic_menu_paste_mtrl_am_alpha.xml to /Users/enayat/Documents/DeepEyeUnlocker/app/build/intermediates/merged_res/release/drawable_abc_ic_menu_paste_mtrl_am_alpha.xml.flat
Compiling xml file /Users/enayat/.gradle/caches/8.12/transforms/11129819c0b63eff25eeed666f4b1d00/transformed/appcompat-1.6.1/res/interpolator/btn_checkbox_checked_mtrl_animation_interpolator_1.xml to /Users/enayat/Documents/DeepEyeUnlocker/app/build/intermediates/merged_res/release/interpolator_btn_checkbox_checked_mtrl_animation_interpolator_1.xml.flat
Compiling xml file /Users/enayat/.gradle/caches/8.12/transforms/2b2afb488a24cede502c0cd559a3315a/transformed/material-1.11.0/res/color-v31/m3_ref_palette_dynamic_neutral6.xml to /Users/enayat/Documents/DeepEyeUnlocker/app/build/intermediates/merged_res/release/color-v31_m3_ref_palette_dynamic_neutral6.xml.flat
Compiling xml file /Users/enayat/.gradle/caches/8.12/transforms/11129819c0b63eff25eeed666f4b1d00/transformed/appcompat-1.6.1/res/drawable/abc_text_cursor_material.xml to /Users/enayat/Documents/DeepEyeUnlocker/app/build/intermediates/merged_res/release/drawable_abc_text_cursor_material.xml.flat
Compiling xml file /Users/enayat/.gradle/caches/8.12/transforms/11129819c0b63eff25eeed666f4b1d00/transformed/appcompat-1.6.1/res/drawable/abc_ic_search_api_material.xml to /Users/enayat/Documents/DeepEyeUnlocker/app/build/intermediates/merged_res/release/drawable_abc_ic_search_api_material.xml.flat
Compiling xml file /Users/enayat/.gradle/caches/8.12/transforms/11129819c0b63eff25eeed666f4b1d00/transformed/appcompat-1.6.1/res/drawable/abc_ic_clear_material.xml to /Users/enayat/Documents/DeepEyeUnlocker/app/build/intermediates/merged_res/release/drawable_abc_ic_clear_material.xml.flat
Compiling xml file /Users/enayat/.gradle/caches/8.12/transforms/11129819c0b63eff25eeed666f4b1d00/transformed/appcompat-1.6.1/res/layout/abc_list_menu_item_layout.xml to /Users/enayat/Documents/DeepEyeUnlocker/app/build/intermediates/merged_res/release/layout_abc_list_menu_item_layout.xml.flat
Compiling xml file /Users/enayat/.gradle/caches/8.12/transforms/2b2afb488a24cede502c0cd559a3315a/transformed/material-1.11.0/res/layout/mtrl_calendar_year.xml to /Users/enayat/Documents/DeepEyeUnlocker/app/build/intermediates/merged_res/release/layout_mtrl_calendar_year.xml.flat
Compiling xml file /Users/enayat/.gradle/caches/8.12/transforms/11129819c0b63eff25eeed666f4b1d00/transformed/appcompat-1.6.1/res/layout/abc_alert_dialog_material.xml to /Users/enayat/Documents/DeepEyeUnlocker/app/build/intermediates/merged_res/release/layout_abc_alert_dialog_material.xml.flat
Compiling xml file /Users/enayat/.gradle/caches/8.12/transforms/f14a013919d4e98d26dad4159611a52d/transformed/core-1.13.1/res/drawable-anydpi-v21/ic_call_answer.xml to /Users/enayat/Documents/DeepEyeUnlocker/app/build/intermediates/merged_res/release/drawable-anydpi-v21_ic_call_answer.xml.flat
Compiling xml file /Users/enayat/.gradle/caches/8.12/transforms/2b2afb488a24cede502c0cd559a3315a/transformed/material-1.11.0/res/color/m3_navigation_rail_item_with_indicator_label_tint.xml to /Users/enayat/Documents/DeepEyeUnlocker/app/build/intermediates/merged_res/release/color_m3_navigation_rail_item_with_indicator_label_tint.xml.flat
Compiling xml file /Users/enayat/.gradle/caches/8.12/transforms/2b2afb488a24cede502c0cd559a3315a/transformed/material-1.11.0/res/layout/mtrl_auto_complete_simple_item.xml to /Users/enayat/Documents/DeepEyeUnlocker/app/build/intermediates/merged_res/release/layout_mtrl_auto_complete_simple_item.xml.flat
Compiling xml file /Users/enayat/.gradle/caches/8.12/transforms/2b2afb488a24cede502c0cd559a3315a/transformed/material-1.11.0/res/drawable/material_ic_clear_black_24dp.xml to /Users/enayat/Documents/DeepEyeUnlocker/app/build/intermediates/merged_res/release/drawable_material_ic_clear_black_24dp.xml.flat
Compiling xml file /Users/enayat/.gradle/caches/8.12/transforms/2b2afb488a24cede502c0cd559a3315a/transformed/material-1.11.0/res/color-v31/m3_ref_palette_dynamic_neutral_variant96.xml to /Users/enayat/Documents/DeepEyeUnlocker/app/build/intermediates/merged_res/release/color-v31_m3_ref_palette_dynamic_neutral_variant96.xml.flat
Compiling xml file /Users/enayat/.gradle/caches/8.12/transforms/2b2afb488a24cede502c0cd559a3315a/transformed/material-1.11.0/res/layout-land/mtrl_picker_header_dialog.xml to /Users/enayat/Documents/DeepEyeUnlocker/app/build/intermediates/merged_res/release/layout-land_mtrl_picker_header_dialog.xml.flat
Compiling xml file /Users/enayat/.gradle/caches/8.12/transforms/2b2afb488a24cede502c0cd559a3315a/transformed/material-1.11.0/res/color-v31/m3_ref_palette_dynamic_neutral_variant87.xml to /Users/enayat/Documents/DeepEyeUnlocker/app/build/intermediates/merged_res/release/color-v31_m3_ref_palette_dynamic_neutral_variant87.xml.flat
Compiling xml file /Users/enayat/.gradle/caches/8.12/transforms/11129819c0b63eff25eeed666f4b1d00/transformed/appcompat-1.6.1/res/drawable/btn_checkbox_checked_to_unchecked_mtrl_animation.xml to /Users/enayat/Documents/DeepEyeUnlocker/app/build/intermediates/merged_res/release/drawable_btn_checkbox_checked_to_unchecked_mtrl_animation.xml.flat
Compiling xml file /Users/enayat/.gradle/caches/8.12/transforms/11129819c0b63eff25eeed666f4b1d00/transformed/appcompat-1.6.1/res/drawable/abc_seekbar_thumb_material.xml to /Users/enayat/Documents/DeepEyeUnlocker/app/build/intermediates/merged_res/release/drawable_abc_seekbar_thumb_material.xml.flat
Compiling xml file /Users/enayat/.gradle/caches/8.12/transforms/2b2afb488a24cede502c0cd559a3315a/transformed/material-1.11.0/res/drawable/mtrl_switch_track_decoration.xml to /Users/enayat/Documents/DeepEyeUnlocker/app/build/intermediates/merged_res/release/drawable_mtrl_switch_track_decoration.xml.flat
Compiling xml file /Users/enayat/.gradle/caches/8.12/transforms/2b2afb488a24cede502c0cd559a3315a/transformed/material-1.11.0/res/drawable/mtrl_ic_check_mark.xml to /Users/enayat/Documents/DeepEyeUnlocker/app/build/intermediates/merged_res/release/drawable_mtrl_ic_check_mark.xml.flat
Compiling xml file /Users/enayat/.gradle/caches/8.12/transforms/2b2afb488a24cede502c0cd559a3315a/transformed/material-1.11.0/res/layout/mtrl_search_bar.xml to /Users/enayat/Documents/DeepEyeUnlocker/app/build/intermediates/merged_res/release/layout_mtrl_search_bar.xml.flat
Compiling xml file /Users/enayat/.gradle/caches/8.12/transforms/11129819c0b63eff25eeed666f4b1d00/transformed/appcompat-1.6.1/res/layout/abc_alert_dialog_title_material.xml to /Users/enayat/Documents/DeepEyeUnlocker/app/build/intermediates/merged_res/release/layout_abc_alert_dialog_title_material.xml.flat
Compiling xml file /Users/enayat/.gradle/caches/8.12/transforms/2b2afb488a24cede502c0cd559a3315a/transformed/material-1.11.0/res/layout/mtrl_calendar_days_of_week.xml to /Users/enayat/Documents/DeepEyeUnlocker/app/build/intermediates/merged_res/release/layout_mtrl_calendar_days_of_week.xml.flat
Compiling xml file /Users/enayat/.gradle/caches/8.12/transforms/2b2afb488a24cede502c0cd559a3315a/transformed/material-1.11.0/res/color/material_timepicker_clockface.xml to /Users/enayat/Documents/DeepEyeUnlocker/app/build/intermediates/merged_res/release/color_material_timepicker_clockface.xml.flat
Compiling xml file /Users/enayat/.gradle/caches/8.12/transforms/2b2afb488a24cede502c0cd559a3315a/transformed/material-1.11.0/res/color/mtrl_outlined_icon_tint.xml to /Users/enayat/Documents/DeepEyeUnlocker/app/build/intermediates/merged_res/release/color_mtrl_outlined_icon_tint.xml.flat
Compiling xml file /Users/enayat/.gradle/caches/8.12/transforms/2b2afb488a24cede502c0cd559a3315a/transformed/material-1.11.0/res/color/m3_switch_thumb_tint.xml to /Users/enayat/Documents/DeepEyeUnlocker/app/build/intermediates/merged_res/release/color_m3_switch_thumb_tint.xml.flat
Compiling xml file /Users/enayat/.gradle/caches/8.12/transforms/2b2afb488a24cede502c0cd559a3315a/transformed/material-1.11.0/res/layout/mtrl_picker_header_dialog.xml to /Users/enayat/Documents/DeepEyeUnlocker/app/build/intermediates/merged_res/release/layout_mtrl_picker_header_dialog.xml.flat
Compiling xml file /Users/enayat/.gradle/caches/8.12/transforms/f14a013919d4e98d26dad4159611a52d/transformed/core-1.13.1/res/layout/ime_secondary_split_test_activity.xml to /Users/enayat/Documents/DeepEyeUnlocker/app/build/intermediates/merged_res/release/layout_ime_secondary_split_test_activity.xml.flat
Compiling xml file /Users/enayat/.gradle/caches/8.12/transforms/2b2afb488a24cede502c0cd559a3315a/transformed/material-1.11.0/res/color/m3_timepicker_display_ripple_color.xml to /Users/enayat/Documents/DeepEyeUnlocker/app/build/intermediates/merged_res/release/color_m3_timepicker_display_ripple_color.xml.flat
Compiling xml file /Users/enayat/.gradle/caches/8.12/transforms/2b2afb488a24cede502c0cd559a3315a/transformed/material-1.11.0/res/interpolator-v21/m3_sys_motion_easing_emphasized.xml to /Users/enayat/Documents/DeepEyeUnlocker/app/build/intermediates/merged_res/release/interpolator-v21_m3_sys_motion_easing_emphasized.xml.flat
Compiling xml file /Users/enayat/.gradle/caches/8.12/transforms/11129819c0b63eff25eeed666f4b1d00/transformed/appcompat-1.6.1/res/drawable/btn_checkbox_unchecked_mtrl.xml to /Users/enayat/Documents/DeepEyeUnlocker/app/build/intermediates/merged_res/release/drawable_btn_checkbox_unchecked_mtrl.xml.flat
Compiling xml file /Users/enayat/.gradle/caches/8.12/transforms/2b2afb488a24cede502c0cd559a3315a/transformed/material-1.11.0/res/color/m3_slider_active_track_color.xml to /Users/enayat/Documents/DeepEyeUnlocker/app/build/intermediates/merged_res/release/color_m3_slider_active_track_color.xml.flat
Compiling xml file /Users/enayat/.gradle/caches/8.12/transforms/11129819c0b63eff25eeed666f4b1d00/transformed/appcompat-1.6.1/res/layout-watch-v20/abc_alert_dialog_title_material.xml to /Users/enayat/Documents/DeepEyeUnlocker/app/build/intermediates/merged_res/release/layout-watch-v20_abc_alert_dialog_title_material.xml.flat
Compiling xml file /Users/enayat/.gradle/caches/8.12/transforms/15e98729dcd3abef3bbdc67a47915447/transformed/fragment-1.5.1/res/animator/fragment_close_enter.xml to /Users/enayat/Documents/DeepEyeUnlocker/app/build/intermediates/merged_res/release/animator_fragment_close_enter.xml.flat
Compiling xml file /Users/enayat/.gradle/caches/8.12/transforms/f14a013919d4e98d26dad4159611a52d/transformed/core-1.13.1/res/drawable/notification_tile_bg.xml to /Users/enayat/Documents/DeepEyeUnlocker/app/build/intermediates/merged_res/release/drawable_notification_tile_bg.xml.flat
Compiling xml file /Users/enayat/Documents/DeepEyeUnlocker/app/src/main/res/drawable/button_secondary.xml to /Users/enayat/Documents/DeepEyeUnlocker/app/build/intermediates/merged_res/release/drawable_button_secondary.xml.flat
Compiling xml file /Users/enayat/.gradle/caches/8.12/transforms/2b2afb488a24cede502c0cd559a3315a/transformed/material-1.11.0/res/interpolator-v21/m3_sys_motion_easing_emphasized_accelerate.xml to /Users/enayat/Documents/DeepEyeUnlocker/app/build/intermediates/merged_res/release/interpolator-v21_m3_sys_motion_easing_emphasized_accelerate.xml.flat
Compiling xml file /Users/enayat/.gradle/caches/8.12/transforms/2b2afb488a24cede502c0cd559a3315a/transformed/material-1.11.0/res/drawable/m3_tabs_line_indicator.xml to /Users/enayat/Documents/DeepEyeUnlocker/app/build/intermediates/merged_res/release/drawable_m3_tabs_line_indicator.xml.flat
Compiling xml file /Users/enayat/.gradle/caches/8.12/transforms/2b2afb488a24cede502c0cd559a3315a/transformed/material-1.11.0/res/drawable/avd_hide_password.xml to /Users/enayat/Documents/DeepEyeUnlocker/app/build/intermediates/merged_res/release/drawable_avd_hide_password.xml.flat
Compiling xml file /Users/enayat/.gradle/caches/8.12/transforms/2b2afb488a24cede502c0cd559a3315a/transformed/material-1.11.0/res/color/m3_textfield_indicator_text_color.xml to /Users/enayat/Documents/DeepEyeUnlocker/app/build/intermediates/merged_res/release/color_m3_textfield_indicator_text_color.xml.flat
Compiling xml file /Users/enayat/.gradle/caches/8.12/transforms/2b2afb488a24cede502c0cd559a3315a/transformed/material-1.11.0/res/color/mtrl_tabs_icon_color_selector.xml to /Users/enayat/Documents/DeepEyeUnlocker/app/build/intermediates/merged_res/release/color_mtrl_tabs_icon_color_selector.xml.flat
Compiling xml file /Users/enayat/.gradle/caches/8.12/transforms/2b2afb488a24cede502c0cd559a3315a/transformed/material-1.11.0/res/drawable/ic_mtrl_chip_checked_black.xml to /Users/enayat/Documents/DeepEyeUnlocker/app/build/intermediates/merged_res/release/drawable_ic_mtrl_chip_checked_black.xml.flat
Compiling xml file /Users/enayat/.gradle/caches/8.12/transforms/2b2afb488a24cede502c0cd559a3315a/transformed/material-1.11.0/res/color/material_timepicker_clock_text_color.xml to /Users/enayat/Documents/DeepEyeUnlocker/app/build/intermediates/merged_res/release/color_material_timepicker_clock_text_color.xml.flat
Compiling xml file /Users/enayat/.gradle/caches/8.12/transforms/15e98729dcd3abef3bbdc67a47915447/transformed/fragment-1.5.1/res/animator/fragment_fade_enter.xml to /Users/enayat/Documents/DeepEyeUnlocker/app/build/intermediates/merged_res/release/animator_fragment_fade_enter.xml.flat
Compiling xml file /Users/enayat/.gradle/caches/8.12/transforms/2b2afb488a24cede502c0cd559a3315a/transformed/material-1.11.0/res/layout/mtrl_alert_select_dialog_item.xml to /Users/enayat/Documents/DeepEyeUnlocker/app/build/intermediates/merged_res/release/layout_mtrl_alert_select_dialog_item.xml.flat
Compiling xml file /Users/enayat/.gradle/caches/8.12/transforms/2b2afb488a24cede502c0cd559a3315a/transformed/material-1.11.0/res/color/m3_button_background_color_selector.xml to /Users/enayat/Documents/DeepEyeUnlocker/app/build/intermediates/merged_res/release/color_m3_button_background_color_selector.xml.flat
Compiling xml file /Users/enayat/.gradle/caches/8.12/transforms/2b2afb488a24cede502c0cd559a3315a/transformed/material-1.11.0/res/layout/m3_alert_dialog.xml to /Users/enayat/Documents/DeepEyeUnlocker/app/build/intermediates/merged_res/release/layout_m3_alert_dialog.xml.flat
Compiling xml file /Users/enayat/.gradle/caches/8.12/transforms/2b2afb488a24cede502c0cd559a3315a/transformed/material-1.11.0/res/color/m3_timepicker_time_input_stroke_color.xml to /Users/enayat/Documents/DeepEyeUnlocker/app/build/intermediates/merged_res/release/color_m3_timepicker_time_input_stroke_color.xml.flat
Compiling xml file /Users/enayat/.gradle/caches/8.12/transforms/2b2afb488a24cede502c0cd559a3315a/transformed/material-1.11.0/res/animator/m3_extended_fab_state_list_animator.xml to /Users/enayat/Documents/DeepEyeUnlocker/app/build/intermediates/merged_res/release/animator_m3_extended_fab_state_list_animator.xml.flat
Compiling xml file /Users/enayat/.gradle/caches/8.12/transforms/2b2afb488a24cede502c0cd559a3315a/transformed/material-1.11.0/res/color/mtrl_on_surface_ripple_color.xml to /Users/enayat/Documents/DeepEyeUnlocker/app/build/intermediates/merged_res/release/color_mtrl_on_surface_ripple_color.xml.flat
Compiling xml file /Users/enayat/Documents/DeepEyeUnlocker/app/src/main/res/drawable/badge_pro.xml to /Users/enayat/Documents/DeepEyeUnlocker/app/build/intermediates/merged_res/release/drawable_badge_pro.xml.flat
Compiling xml file /Users/enayat/.gradle/caches/8.12/transforms/1a45e540b9a2bd034aae41b67a88fb73/transformed/jetified-appcompat-resources-1.6.1/res/drawable/abc_vector_test.xml to /Users/enayat/Documents/DeepEyeUnlocker/app/build/intermediates/merged_res/release/drawable_abc_vector_test.xml.flat
Compiling xml file /Users/enayat/.gradle/caches/8.12/transforms/2b2afb488a24cede502c0cd559a3315a/transformed/material-1.11.0/res/color/m3_textfield_filled_background_color.xml to /Users/enayat/Documents/DeepEyeUnlocker/app/build/intermediates/merged_res/release/color_m3_textfield_filled_background_color.xml.flat
Compiling xml file /Users/enayat/.gradle/caches/8.12/transforms/15e98729dcd3abef3bbdc67a47915447/transformed/fragment-1.5.1/res/animator/fragment_open_exit.xml to /Users/enayat/Documents/DeepEyeUnlocker/app/build/intermediates/merged_res/release/animator_fragment_open_exit.xml.flat
Compiling xml file /Users/enayat/.gradle/caches/8.12/transforms/2b2afb488a24cede502c0cd559a3315a/transformed/material-1.11.0/res/drawable/ic_clock_black_24dp.xml to /Users/enayat/Documents/DeepEyeUnlocker/app/build/intermediates/merged_res/release/drawable_ic_clock_black_24dp.xml.flat
Compiling xml file /Users/enayat/.gradle/caches/8.12/transforms/11129819c0b63eff25eeed666f4b1d00/transformed/appcompat-1.6.1/res/color/abc_background_cache_hint_selector_material_light.xml to /Users/enayat/Documents/DeepEyeUnlocker/app/build/intermediates/merged_res/release/color_abc_background_cache_hint_selector_material_light.xml.flat
Compiling xml file /Users/enayat/.gradle/caches/8.12/transforms/2b2afb488a24cede502c0cd559a3315a/transformed/material-1.11.0/res/color/mtrl_outlined_stroke_color.xml to /Users/enayat/Documents/DeepEyeUnlocker/app/build/intermediates/merged_res/release/color_mtrl_outlined_stroke_color.xml.flat
Compiling xml file /Users/enayat/.gradle/caches/8.12/transforms/11129819c0b63eff25eeed666f4b1d00/transformed/appcompat-1.6.1/res/anim/abc_fade_in.xml to /Users/enayat/Documents/DeepEyeUnlocker/app/build/intermediates/merged_res/release/anim_abc_fade_in.xml.flat
Compiling xml file /Users/enayat/.gradle/caches/8.12/transforms/2b2afb488a24cede502c0cd559a3315a/transformed/material-1.11.0/res/layout/material_radial_view_group.xml to /Users/enayat/Documents/DeepEyeUnlocker/app/build/intermediates/merged_res/release/layout_material_radial_view_group.xml.flat
Compiling xml file /Users/enayat/.gradle/caches/8.12/transforms/2b2afb488a24cede502c0cd559a3315a/transformed/material-1.11.0/res/color/m3_dark_default_color_primary_text.xml to /Users/enayat/Documents/DeepEyeUnlocker/app/build/intermediates/merged_res/release/color_m3_dark_default_color_primary_text.xml.flat
Compiling xml file /Users/enayat/.gradle/caches/8.12/transforms/f14a013919d4e98d26dad4159611a52d/transformed/core-1.13.1/res/drawable/notification_icon_background.xml to /Users/enayat/Documents/DeepEyeUnlocker/app/build/intermediates/merged_res/release/drawable_notification_icon_background.xml.flat
Compiling xml file /Users/enayat/.gradle/caches/8.12/transforms/2b2afb488a24cede502c0cd559a3315a/transformed/material-1.11.0/res/color/material_slider_inactive_tick_marks_color.xml to /Users/enayat/Documents/DeepEyeUnlocker/app/build/intermediates/merged_res/release/color_material_slider_inactive_tick_marks_color.xml.flat
Compiling xml file /Users/enayat/.gradle/caches/8.12/transforms/2b2afb488a24cede502c0cd559a3315a/transformed/material-1.11.0/res/color/material_slider_active_track_color.xml to /Users/enayat/Documents/DeepEyeUnlocker/app/build/intermediates/merged_res/release/color_material_slider_active_track_color.xml.flat
Compiling xml file /Users/enayat/.gradle/caches/8.12/transforms/11129819c0b63eff25eeed666f4b1d00/transformed/appcompat-1.6.1/res/layout/select_dialog_singlechoice_material.xml to /Users/enayat/Documents/DeepEyeUnlocker/app/build/intermediates/merged_res/release/layout_select_dialog_singlechoice_material.xml.flat
Compiling xml file /Users/enayat/.gradle/caches/8.12/transforms/2b2afb488a24cede502c0cd559a3315a/transformed/material-1.11.0/res/color/m3_bottom_sheet_drag_handle_color.xml to /Users/enayat/Documents/DeepEyeUnlocker/app/build/intermediates/merged_res/release/color_m3_bottom_sheet_drag_handle_color.xml.flat
Compiling xml file /Users/enayat/.gradle/caches/8.12/transforms/f14a013919d4e98d26dad4159611a52d/transformed/core-1.13.1/res/drawable-anydpi-v21/ic_call_decline.xml to /Users/enayat/Documents/DeepEyeUnlocker/app/build/intermediates/merged_res/release/drawable-anydpi-v21_ic_call_decline.xml.flat
Compiling xml file /Users/enayat/Documents/DeepEyeUnlocker/app/src/main/res/anim/flip_in.xml to /Users/enayat/Documents/DeepEyeUnlocker/app/build/intermediates/merged_res/release/anim_flip_in.xml.flat
Compiling xml file /Users/enayat/.gradle/caches/8.12/transforms/2b2afb488a24cede502c0cd559a3315a/transformed/material-1.11.0/res/color/m3_chip_assist_text_color.xml to /Users/enayat/Documents/DeepEyeUnlocker/app/build/intermediates/merged_res/release/color_m3_chip_assist_text_color.xml.flat
Compiling xml file /Users/enayat/.gradle/caches/8.12/transforms/11129819c0b63eff25eeed666f4b1d00/transformed/appcompat-1.6.1/res/drawable/abc_btn_default_mtrl_shape.xml to /Users/enayat/Documents/DeepEyeUnlocker/app/build/intermediates/merged_res/release/drawable_abc_btn_default_mtrl_shape.xml.flat
Compiling xml file /Users/enayat/.gradle/caches/8.12/transforms/11129819c0b63eff25eeed666f4b1d00/transformed/appcompat-1.6.1/res/color/abc_primary_text_disable_only_material_light.xml to /Users/enayat/Documents/DeepEyeUnlocker/app/build/intermediates/merged_res/release/color_abc_primary_text_disable_only_material_light.xml.flat
Compiling xml file /Users/enayat/.gradle/caches/8.12/transforms/2b2afb488a24cede502c0cd559a3315a/transformed/material-1.11.0/res/color/m3_tonal_button_ripple_color_selector.xml to /Users/enayat/Documents/DeepEyeUnlocker/app/build/intermediates/merged_res/release/color_m3_tonal_button_ripple_color_selector.xml.flat
Compiling xml file /Users/enayat/.gradle/caches/8.12/transforms/2b2afb488a24cede502c0cd559a3315a/transformed/material-1.11.0/res/color/m3_tabs_icon_color_secondary.xml to /Users/enayat/Documents/DeepEyeUnlocker/app/build/intermediates/merged_res/release/color_m3_tabs_icon_color_secondary.xml.flat
Compiling xml file /Users/enayat/.gradle/caches/8.12/transforms/11129819c0b63eff25eeed666f4b1d00/transformed/appcompat-1.6.1/res/layout/abc_popup_menu_header_item_layout.xml to /Users/enayat/Documents/DeepEyeUnlocker/app/build/intermediates/merged_res/release/layout_abc_popup_menu_header_item_layout.xml.flat
Compiling xml file /Users/enayat/.gradle/caches/8.12/transforms/11129819c0b63eff25eeed666f4b1d00/transformed/appcompat-1.6.1/res/drawable-watch-v20/abc_dialog_material_background.xml to /Users/enayat/Documents/DeepEyeUnlocker/app/build/intermediates/merged_res/release/drawable-watch-v20_abc_dialog_material_background.xml.flat
Compiling xml file /Users/enayat/.gradle/caches/8.12/transforms/2b2afb488a24cede502c0cd559a3315a/transformed/material-1.11.0/res/color/material_on_primary_emphasis_medium.xml to /Users/enayat/Documents/DeepEyeUnlocker/app/build/intermediates/merged_res/release/color_material_on_primary_emphasis_medium.xml.flat
Compiling xml file /Users/enayat/.gradle/caches/8.12/transforms/2b2afb488a24cede502c0cd559a3315a/transformed/material-1.11.0/res/color/design_icon_tint.xml to /Users/enayat/Documents/DeepEyeUnlocker/app/build/intermediates/merged_res/release/color_design_icon_tint.xml.flat
Compiling xml file /Users/enayat/.gradle/caches/8.12/transforms/11129819c0b63eff25eeed666f4b1d00/transformed/appcompat-1.6.1/res/color/abc_primary_text_disable_only_material_dark.xml to /Users/enayat/Documents/DeepEyeUnlocker/app/build/intermediates/merged_res/release/color_abc_primary_text_disable_only_material_dark.xml.flat
Compiling xml file /Users/enayat/.gradle/caches/8.12/transforms/11129819c0b63eff25eeed666f4b1d00/transformed/appcompat-1.6.1/res/drawable/abc_textfield_search_material.xml to /Users/enayat/Documents/DeepEyeUnlocker/app/build/intermediates/merged_res/release/drawable_abc_textfield_search_material.xml.flat
Compiling xml file /Users/enayat/.gradle/caches/8.12/transforms/2b2afb488a24cede502c0cd559a3315a/transformed/material-1.11.0/res/color/mtrl_chip_text_color.xml to /Users/enayat/Documents/DeepEyeUnlocker/app/build/intermediates/merged_res/release/color_mtrl_chip_text_color.xml.flat
Compiling xml file /Users/enayat/.gradle/caches/8.12/transforms/f14a013919d4e98d26dad4159611a52d/transformed/core-1.13.1/res/layout/notification_template_part_time.xml to /Users/enayat/Documents/DeepEyeUnlocker/app/build/intermediates/merged_res/release/layout_notification_template_part_time.xml.flat
Compiling xml file /Users/enayat/.gradle/caches/8.12/transforms/11129819c0b63eff25eeed666f4b1d00/transformed/appcompat-1.6.1/res/anim/btn_radio_to_on_mtrl_ring_outer_animation.xml to /Users/enayat/Documents/DeepEyeUnlocker/app/build/intermediates/merged_res/release/anim_btn_radio_to_on_mtrl_ring_outer_animation.xml.flat
Compiling xml file /Users/enayat/.gradle/caches/8.12/transforms/11129819c0b63eff25eeed666f4b1d00/transformed/appcompat-1.6.1/res/interpolator/btn_radio_to_off_mtrl_animation_interpolator_0.xml to /Users/enayat/Documents/DeepEyeUnlocker/app/build/intermediates/merged_res/release/interpolator_btn_radio_to_off_mtrl_animation_interpolator_0.xml.flat
Compiling xml file /Users/enayat/.gradle/caches/8.12/transforms/2b2afb488a24cede502c0cd559a3315a/transformed/material-1.11.0/res/color/m3_textfield_input_text_color.xml to /Users/enayat/Documents/DeepEyeUnlocker/app/build/intermediates/merged_res/release/color_m3_textfield_input_text_color.xml.flat
Compiling xml file /Users/enayat/.gradle/caches/8.12/transforms/11129819c0b63eff25eeed666f4b1d00/transformed/appcompat-1.6.1/res/drawable-v21/abc_btn_colored_material.xml to /Users/enayat/Documents/DeepEyeUnlocker/app/build/intermediates/merged_res/release/drawable-v21_abc_btn_colored_material.xml.flat
Compiling xml file /Users/enayat/.gradle/caches/8.12/transforms/11129819c0b63eff25eeed666f4b1d00/transformed/appcompat-1.6.1/res/drawable/abc_seekbar_track_material.xml to /Users/enayat/Documents/DeepEyeUnlocker/app/build/intermediates/merged_res/release/drawable_abc_seekbar_track_material.xml.flat
Compiling xml file /Users/enayat/.gradle/caches/8.12/transforms/2b2afb488a24cede502c0cd559a3315a/transformed/material-1.11.0/res/layout/design_layout_tab_text.xml to /Users/enayat/Documents/DeepEyeUnlocker/app/build/intermediates/merged_res/release/layout_design_layout_tab_text.xml.flat
Compiling xml file /Users/enayat/.gradle/caches/8.12/transforms/2b2afb488a24cede502c0cd559a3315a/transformed/material-1.11.0/res/color/material_personalized__highlighted_text.xml to /Users/enayat/Documents/DeepEyeUnlocker/app/build/intermediates/merged_res/release/color_material_personalized__highlighted_text.xml.flat
Compiling xml file /Users/enayat/.gradle/caches/8.12/transforms/11129819c0b63eff25eeed666f4b1d00/transformed/appcompat-1.6.1/res/layout/abc_alert_dialog_button_bar_material.xml to /Users/enayat/Documents/DeepEyeUnlocker/app/build/intermediates/merged_res/release/layout_abc_alert_dialog_button_bar_material.xml.flat
Compiling xml file /Users/enayat/.gradle/caches/8.12/transforms/11129819c0b63eff25eeed666f4b1d00/transformed/appcompat-1.6.1/res/color/abc_hint_foreground_material_dark.xml to /Users/enayat/Documents/DeepEyeUnlocker/app/build/intermediates/merged_res/release/color_abc_hint_foreground_material_dark.xml.flat
Compiling xml file /Users/enayat/.gradle/caches/8.12/transforms/2b2afb488a24cede502c0cd559a3315a/transformed/material-1.11.0/res/color/m3_simple_item_ripple_color.xml to /Users/enayat/Documents/DeepEyeUnlocker/app/build/intermediates/merged_res/release/color_m3_simple_item_ripple_color.xml.flat
Compiling xml file /Users/enayat/.gradle/caches/8.12/transforms/11129819c0b63eff25eeed666f4b1d00/transformed/appcompat-1.6.1/res/drawable-v23/abc_control_background_material.xml to /Users/enayat/Documents/DeepEyeUnlocker/app/build/intermediates/merged_res/release/drawable-v23_abc_control_background_material.xml.flat
Compiling xml file /Users/enayat/Documents/DeepEyeUnlocker/app/src/main/res/drawable/brand_tab_unselected.xml to /Users/enayat/Documents/DeepEyeUnlocker/app/build/intermediates/merged_res/release/drawable_brand_tab_unselected.xml.flat
Compiling xml file /Users/enayat/.gradle/caches/8.12/transforms/2b2afb488a24cede502c0cd559a3315a/transformed/material-1.11.0/res/color/material_personalized_color_secondary_text_inverse.xml to /Users/enayat/Documents/DeepEyeUnlocker/app/build/intermediates/merged_res/release/color_material_personalized_color_secondary_text_inverse.xml.flat
Compiling xml file /Users/enayat/.gradle/caches/8.12/transforms/11129819c0b63eff25eeed666f4b1d00/transformed/appcompat-1.6.1/res/layout/abc_action_bar_title_item.xml to /Users/enayat/Documents/DeepEyeUnlocker/app/build/intermediates/merged_res/release/layout_abc_action_bar_title_item.xml.flat
Compiling xml file /Users/enayat/.gradle/caches/8.12/transforms/2b2afb488a24cede502c0cd559a3315a/transformed/material-1.11.0/res/animator/m3_elevated_chip_state_list_anim.xml to /Users/enayat/Documents/DeepEyeUnlocker/app/build/intermediates/merged_res/release/animator_m3_elevated_chip_state_list_anim.xml.flat
Compiling xml file /Users/enayat/.gradle/caches/8.12/transforms/6dd44917cc9996309e332347b1a25883/transformed/jetified-ui-release/res/color/vector_tint_color.xml to /Users/enayat/Documents/DeepEyeUnlocker/app/build/intermediates/merged_res/release/color_vector_tint_color.xml.flat
Compiling xml file /Users/enayat/.gradle/caches/8.12/transforms/2b2afb488a24cede502c0cd559a3315a/transformed/material-1.11.0/res/color/m3_card_ripple_color.xml to /Users/enayat/Documents/DeepEyeUnlocker/app/build/intermediates/merged_res/release/color_m3_card_ripple_color.xml.flat
Compiling xml file /Users/enayat/.gradle/caches/8.12/transforms/2b2afb488a24cede502c0cd559a3315a/transformed/material-1.11.0/res/color/material_personalized_primary_text_disable_only.xml to /Users/enayat/Documents/DeepEyeUnlocker/app/build/intermediates/merged_res/release/color_material_personalized_primary_text_disable_only.xml.flat
Compiling xml file /Users/enayat/Documents/DeepEyeUnlocker/app/src/main/res/mipmap-anydpi-v26/ic_launcher.xml to /Users/enayat/Documents/DeepEyeUnlocker/app/build/intermediates/merged_res/release/mipmap-anydpi-v26_ic_launcher.xml.flat
Compiling xml file /Users/enayat/.gradle/caches/8.12/transforms/2b2afb488a24cede502c0cd559a3315a/transformed/material-1.11.0/res/color/material_on_background_disabled.xml to /Users/enayat/Documents/DeepEyeUnlocker/app/build/intermediates/merged_res/release/color_material_on_background_disabled.xml.flat
Compiling xml file /Users/enayat/.gradle/caches/8.12/transforms/11129819c0b63eff25eeed666f4b1d00/transformed/appcompat-1.6.1/res/anim/btn_radio_to_on_mtrl_dot_group_animation.xml to /Users/enayat/Documents/DeepEyeUnlocker/app/build/intermediates/merged_res/release/anim_btn_radio_to_on_mtrl_dot_group_animation.xml.flat
Compiling xml file /Users/enayat/.gradle/caches/8.12/transforms/11129819c0b63eff25eeed666f4b1d00/transformed/appcompat-1.6.1/res/color/abc_hint_foreground_material_light.xml to /Users/enayat/Documents/DeepEyeUnlocker/app/build/intermediates/merged_res/release/color_abc_hint_foreground_material_light.xml.flat
Compiling xml file /Users/enayat/.gradle/caches/8.12/transforms/2b2afb488a24cede502c0cd559a3315a/transformed/material-1.11.0/res/color/design_box_stroke_color.xml to /Users/enayat/Documents/DeepEyeUnlocker/app/build/intermediates/merged_res/release/color_design_box_stroke_color.xml.flat
Compiling xml file /Users/enayat/.gradle/caches/8.12/transforms/2b2afb488a24cede502c0cd559a3315a/transformed/material-1.11.0/res/color/mtrl_switch_thumb_tint.xml to /Users/enayat/Documents/DeepEyeUnlocker/app/build/intermediates/merged_res/release/color_mtrl_switch_thumb_tint.xml.flat
Compiling xml file /Users/enayat/.gradle/caches/8.12/transforms/2b2afb488a24cede502c0cd559a3315a/transformed/material-1.11.0/res/drawable/design_ic_visibility_off.xml to /Users/enayat/Documents/DeepEyeUnlocker/app/build/intermediates/merged_res/release/drawable_design_ic_visibility_off.xml.flat
Compiling xml file /Users/enayat/.gradle/caches/8.12/transforms/2b2afb488a24cede502c0cd559a3315a/transformed/material-1.11.0/res/animator/design_fab_show_motion_spec.xml to /Users/enayat/Documents/DeepEyeUnlocker/app/build/intermediates/merged_res/release/animator_design_fab_show_motion_spec.xml.flat
Compiling xml file /Users/enayat/.gradle/caches/8.12/transforms/2b2afb488a24cede502c0cd559a3315a/transformed/material-1.11.0/res/color-v31/m3_ref_palette_dynamic_neutral4.xml to /Users/enayat/Documents/DeepEyeUnlocker/app/build/intermediates/merged_res/release/color-v31_m3_ref_palette_dynamic_neutral4.xml.flat
Compiling xml file /Users/enayat/.gradle/caches/8.12/transforms/2b2afb488a24cede502c0cd559a3315a/transformed/material-1.11.0/res/layout/material_timepicker.xml to /Users/enayat/Documents/DeepEyeUnlocker/app/build/intermediates/merged_res/release/layout_material_timepicker.xml.flat
Compiling xml file /Users/enayat/.gradle/caches/8.12/transforms/2b2afb488a24cede502c0cd559a3315a/transformed/material-1.11.0/res/color-v31/m3_dynamic_primary_text_disable_only.xml to /Users/enayat/Documents/DeepEyeUnlocker/app/build/intermediates/merged_res/release/color-v31_m3_dynamic_primary_text_disable_only.xml.flat
Compiling xml file /Users/enayat/Documents/DeepEyeUnlocker/app/src/main/res/layout/item_model.xml to /Users/enayat/Documents/DeepEyeUnlocker/app/build/intermediates/merged_res/release/layout_item_model.xml.flat
Compiling xml file /Users/enayat/.gradle/caches/8.12/transforms/2b2afb488a24cede502c0cd559a3315a/transformed/material-1.11.0/res/interpolator-v21/m3_sys_motion_easing_standard.xml to /Users/enayat/Documents/DeepEyeUnlocker/app/build/intermediates/merged_res/release/interpolator-v21_m3_sys_motion_easing_standard.xml.flat
Compiling xml file /Users/enayat/.gradle/caches/8.12/transforms/2b2afb488a24cede502c0cd559a3315a/transformed/material-1.11.0/res/color/mtrl_indicator_text_color.xml to /Users/enayat/Documents/DeepEyeUnlocker/app/build/intermediates/merged_res/release/color_mtrl_indicator_text_color.xml.flat
Compiling xml file /Users/enayat/.gradle/caches/8.12/transforms/2b2afb488a24cede502c0cd559a3315a/transformed/material-1.11.0/res/animator-v21/design_appbar_state_list_animator.xml to /Users/enayat/Documents/DeepEyeUnlocker/app/build/intermediates/merged_res/release/animator-v21_design_appbar_state_list_animator.xml.flat
Compiling xml file /Users/enayat/.gradle/caches/8.12/transforms/2b2afb488a24cede502c0cd559a3315a/transformed/material-1.11.0/res/interpolator-v21/mtrl_linear_out_slow_in.xml to /Users/enayat/Documents/DeepEyeUnlocker/app/build/intermediates/merged_res/release/interpolator-v21_mtrl_linear_out_slow_in.xml.flat
Compiling xml file /Users/enayat/.gradle/caches/8.12/transforms/2b2afb488a24cede502c0cd559a3315a/transformed/material-1.11.0/res/color/m3_button_ripple_color.xml to /Users/enayat/Documents/DeepEyeUnlocker/app/build/intermediates/merged_res/release/color_m3_button_ripple_color.xml.flat
Compiling xml file /Users/enayat/.gradle/caches/8.12/transforms/11129819c0b63eff25eeed666f4b1d00/transformed/appcompat-1.6.1/res/layout/abc_action_mode_close_item_material.xml to /Users/enayat/Documents/DeepEyeUnlocker/app/build/intermediates/merged_res/release/layout_abc_action_mode_close_item_material.xml.flat
Compiling xml file /Users/enayat/.gradle/caches/8.12/transforms/2b2afb488a24cede502c0cd559a3315a/transformed/material-1.11.0/res/color/m3_navigation_item_icon_tint.xml to /Users/enayat/Documents/DeepEyeUnlocker/app/build/intermediates/merged_res/release/color_m3_navigation_item_icon_tint.xml.flat
Compiling xml file /Users/enayat/.gradle/caches/8.12/transforms/15e98729dcd3abef3bbdc67a47915447/transformed/fragment-1.5.1/res/anim-v21/fragment_fast_out_extra_slow_in.xml to /Users/enayat/Documents/DeepEyeUnlocker/app/build/intermediates/merged_res/release/anim-v21_fragment_fast_out_extra_slow_in.xml.flat
Compiling xml file /Users/enayat/.gradle/caches/8.12/transforms/11129819c0b63eff25eeed666f4b1d00/transformed/appcompat-1.6.1/res/drawable/abc_ratingbar_material.xml to /Users/enayat/Documents/DeepEyeUnlocker/app/build/intermediates/merged_res/release/drawable_abc_ratingbar_material.xml.flat
Compiling xml file /Users/enayat/.gradle/caches/8.12/transforms/2b2afb488a24cede502c0cd559a3315a/transformed/material-1.11.0/res/color/m3_calendar_item_disabled_text.xml to /Users/enayat/Documents/DeepEyeUnlocker/app/build/intermediates/merged_res/release/color_m3_calendar_item_disabled_text.xml.flat
Compiling xml file /Users/enayat/.gradle/caches/8.12/transforms/2b2afb488a24cede502c0cd559a3315a/transformed/material-1.11.0/res/color/m3_button_foreground_color_selector.xml to /Users/enayat/Documents/DeepEyeUnlocker/app/build/intermediates/merged_res/release/color_m3_button_foreground_color_selector.xml.flat
Compiling xml file /Users/enayat/.gradle/caches/8.12/transforms/2b2afb488a24cede502c0cd559a3315a/transformed/material-1.11.0/res/layout/mtrl_picker_header_selection_text.xml to /Users/enayat/Documents/DeepEyeUnlocker/app/build/intermediates/merged_res/release/layout_mtrl_picker_header_selection_text.xml.flat
Compiling xml file /Users/enayat/Documents/DeepEyeUnlocker/app/src/main/res/xml/device_filter.xml to /Users/enayat/Documents/DeepEyeUnlocker/app/build/intermediates/merged_res/release/xml_device_filter.xml.flat
Compiling xml file /Users/enayat/.gradle/caches/8.12/transforms/2b2afb488a24cede502c0cd559a3315a/transformed/material-1.11.0/res/color/m3_selection_control_ripple_color_selector.xml to /Users/enayat/Documents/DeepEyeUnlocker/app/build/intermediates/merged_res/release/color_m3_selection_control_ripple_color_selector.xml.flat
Compiling xml file /Users/enayat/.gradle/caches/8.12/transforms/11129819c0b63eff25eeed666f4b1d00/transformed/appcompat-1.6.1/res/color-v23/abc_tint_spinner.xml to /Users/enayat/Documents/DeepEyeUnlocker/app/build/intermediates/merged_res/release/color-v23_abc_tint_spinner.xml.flat
Compiling xml file /Users/enayat/.gradle/caches/8.12/transforms/2b2afb488a24cede502c0cd559a3315a/transformed/material-1.11.0/res/layout/design_bottom_navigation_item.xml to /Users/enayat/Documents/DeepEyeUnlocker/app/build/intermediates/merged_res/release/layout_design_bottom_navigation_item.xml.flat
Compiling xml file /Users/enayat/.gradle/caches/8.12/transforms/11129819c0b63eff25eeed666f4b1d00/transformed/appcompat-1.6.1/res/anim/btn_radio_to_on_mtrl_ring_outer_path_animation.xml to /Users/enayat/Documents/DeepEyeUnlocker/app/build/intermediates/merged_res/release/anim_btn_radio_to_on_mtrl_ring_outer_path_animation.xml.flat
Compiling xml file /Users/enayat/.gradle/caches/8.12/transforms/2b2afb488a24cede502c0cd559a3315a/transformed/material-1.11.0/res/animator/mtrl_fab_hide_motion_spec.xml to /Users/enayat/Documents/DeepEyeUnlocker/app/build/intermediates/merged_res/release/animator_mtrl_fab_hide_motion_spec.xml.flat
Compiling xml file /Users/enayat/.gradle/caches/8.12/transforms/2b2afb488a24cede502c0cd559a3315a/transformed/material-1.11.0/res/drawable/ic_clear_black_24.xml to /Users/enayat/Documents/DeepEyeUnlocker/app/build/intermediates/merged_res/release/drawable_ic_clear_black_24.xml.flat
Compiling xml file /Users/enayat/.gradle/caches/8.12/transforms/2b2afb488a24cede502c0cd559a3315a/transformed/material-1.11.0/res/color/mtrl_fab_bg_color_selector.xml to /Users/enayat/Documents/DeepEyeUnlocker/app/build/intermediates/merged_res/release/color_mtrl_fab_bg_color_selector.xml.flat
Compiling xml file /Users/enayat/.gradle/caches/8.12/transforms/11129819c0b63eff25eeed666f4b1d00/transformed/appcompat-1.6.1/res/color-v23/abc_tint_switch_track.xml to /Users/enayat/Documents/DeepEyeUnlocker/app/build/intermediates/merged_res/release/color-v23_abc_tint_switch_track.xml.flat
Compiling xml file /Users/enayat/.gradle/caches/8.12/transforms/11129819c0b63eff25eeed666f4b1d00/transformed/appcompat-1.6.1/res/drawable-v21/abc_dialog_material_background.xml to /Users/enayat/Documents/DeepEyeUnlocker/app/build/intermediates/merged_res/release/drawable-v21_abc_dialog_material_background.xml.flat
Compiling xml file /Users/enayat/.gradle/caches/8.12/transforms/2b2afb488a24cede502c0cd559a3315a/transformed/material-1.11.0/res/anim/m3_motion_fade_exit.xml to /Users/enayat/Documents/DeepEyeUnlocker/app/build/intermediates/merged_res/release/anim_m3_motion_fade_exit.xml.flat
Compiling xml file /Users/enayat/.gradle/caches/8.12/transforms/2b2afb488a24cede502c0cd559a3315a/transformed/material-1.11.0/res/drawable/mtrl_dropdown_arrow.xml to /Users/enayat/Documents/DeepEyeUnlocker/app/build/intermediates/merged_res/release/drawable_mtrl_dropdown_arrow.xml.flat
Compiling xml file /Users/enayat/.gradle/caches/8.12/transforms/2b2afb488a24cede502c0cd559a3315a/transformed/material-1.11.0/res/color-v31/m3_ref_palette_dynamic_neutral98.xml to /Users/enayat/Documents/DeepEyeUnlocker/app/build/intermediates/merged_res/release/color-v31_m3_ref_palette_dynamic_neutral98.xml.flat
Compiling xml file /Users/enayat/.gradle/caches/8.12/transforms/2b2afb488a24cede502c0cd559a3315a/transformed/material-1.11.0/res/color-v31/m3_ref_palette_dynamic_neutral92.xml to /Users/enayat/Documents/DeepEyeUnlocker/app/build/intermediates/merged_res/release/color-v31_m3_ref_palette_dynamic_neutral92.xml.flat
Compiling xml file /Users/enayat/.gradle/caches/8.12/transforms/2b2afb488a24cede502c0cd559a3315a/transformed/material-1.11.0/res/color/material_slider_thumb_color.xml to /Users/enayat/Documents/DeepEyeUnlocker/app/build/intermediates/merged_res/release/color_material_slider_thumb_color.xml.flat
Compiling xml file /Users/enayat/.gradle/caches/8.12/transforms/2b2afb488a24cede502c0cd559a3315a/transformed/material-1.11.0/res/drawable/mtrl_switch_thumb_checked_unchecked.xml to /Users/enayat/Documents/DeepEyeUnlocker/app/build/intermediates/merged_res/release/drawable_mtrl_switch_thumb_checked_unchecked.xml.flat
Compiling xml file /Users/enayat/.gradle/caches/8.12/transforms/2b2afb488a24cede502c0cd559a3315a/transformed/material-1.11.0/res/color/material_timepicker_button_stroke.xml to /Users/enayat/Documents/DeepEyeUnlocker/app/build/intermediates/merged_res/release/color_material_timepicker_button_stroke.xml.flat
Compiling xml file /Users/enayat/.gradle/caches/8.12/transforms/2b2afb488a24cede502c0cd559a3315a/transformed/material-1.11.0/res/layout/mtrl_alert_dialog_title.xml to /Users/enayat/Documents/DeepEyeUnlocker/app/build/intermediates/merged_res/release/layout_mtrl_alert_dialog_title.xml.flat
Compiling xml file /Users/enayat/.gradle/caches/8.12/transforms/2b2afb488a24cede502c0cd559a3315a/transformed/material-1.11.0/res/color/material_personalized_color_primary_text_inverse.xml to /Users/enayat/Documents/DeepEyeUnlocker/app/build/intermediates/merged_res/release/color_material_personalized_color_primary_text_inverse.xml.flat
Compiling xml file /Users/enayat/.gradle/caches/8.12/transforms/11129819c0b63eff25eeed666f4b1d00/transformed/appcompat-1.6.1/res/drawable/abc_list_selector_holo_dark.xml to /Users/enayat/Documents/DeepEyeUnlocker/app/build/intermediates/merged_res/release/drawable_abc_list_selector_holo_dark.xml.flat
Compiling xml file /Users/enayat/.gradle/caches/8.12/transforms/2b2afb488a24cede502c0cd559a3315a/transformed/material-1.11.0/res/color/material_on_primary_emphasis_high_type.xml to /Users/enayat/Documents/DeepEyeUnlocker/app/build/intermediates/merged_res/release/color_material_on_primary_emphasis_high_type.xml.flat
Compiling xml file /Users/enayat/.gradle/caches/8.12/transforms/2b2afb488a24cede502c0cd559a3315a/transformed/material-1.11.0/res/drawable/mtrl_switch_thumb_pressed.xml to /Users/enayat/Documents/DeepEyeUnlocker/app/build/intermediates/merged_res/release/drawable_mtrl_switch_thumb_pressed.xml.flat
Compiling xml file /Users/enayat/.gradle/caches/8.12/transforms/2b2afb488a24cede502c0cd559a3315a/transformed/material-1.11.0/res/color/mtrl_btn_ripple_color.xml to /Users/enayat/Documents/DeepEyeUnlocker/app/build/intermediates/merged_res/release/color_mtrl_btn_ripple_color.xml.flat
Compiling xml file /Users/enayat/.gradle/caches/8.12/transforms/2b2afb488a24cede502c0cd559a3315a/transformed/material-1.11.0/res/layout/mtrl_picker_header_toggle.xml to /Users/enayat/Documents/DeepEyeUnlocker/app/build/intermediates/merged_res/release/layout_mtrl_picker_header_toggle.xml.flat
Compiling xml file /Users/enayat/.gradle/caches/8.12/transforms/2b2afb488a24cede502c0cd559a3315a/transformed/material-1.11.0/res/layout/design_menu_item_action_area.xml to /Users/enayat/Documents/DeepEyeUnlocker/app/build/intermediates/merged_res/release/layout_design_menu_item_action_area.xml.flat
Compiling xml file /Users/enayat/.gradle/caches/8.12/transforms/2b2afb488a24cede502c0cd559a3315a/transformed/material-1.11.0/res/color/m3_radiobutton_ripple_tint.xml to /Users/enayat/Documents/DeepEyeUnlocker/app/build/intermediates/merged_res/release/color_m3_radiobutton_ripple_tint.xml.flat
Compiling xml file /Users/enayat/.gradle/caches/8.12/transforms/11129819c0b63eff25eeed666f4b1d00/transformed/appcompat-1.6.1/res/anim/btn_checkbox_to_unchecked_box_inner_merged_animation.xml to /Users/enayat/Documents/DeepEyeUnlocker/app/build/intermediates/merged_res/release/anim_btn_checkbox_to_unchecked_box_inner_merged_animation.xml.flat
Compiling xml file /Users/enayat/.gradle/caches/8.12/transforms/11129819c0b63eff25eeed666f4b1d00/transformed/appcompat-1.6.1/res/drawable/abc_star_black_48dp.xml to /Users/enayat/Documents/DeepEyeUnlocker/app/build/intermediates/merged_res/release/drawable_abc_star_black_48dp.xml.flat
Compiling xml file /Users/enayat/.gradle/caches/8.12/transforms/2b2afb488a24cede502c0cd559a3315a/transformed/material-1.11.0/res/layout/mtrl_picker_text_input_date.xml to /Users/enayat/Documents/DeepEyeUnlocker/app/build/intermediates/merged_res/release/layout_mtrl_picker_text_input_date.xml.flat
Compiling xml file /Users/enayat/.gradle/caches/8.12/transforms/f14a013919d4e98d26dad4159611a52d/transformed/core-1.13.1/res/drawable/notification_bg.xml to /Users/enayat/Documents/DeepEyeUnlocker/app/build/intermediates/merged_res/release/drawable_notification_bg.xml.flat
Compiling xml file /Users/enayat/.gradle/caches/8.12/transforms/11129819c0b63eff25eeed666f4b1d00/transformed/appcompat-1.6.1/res/drawable/tooltip_frame_light.xml to /Users/enayat/Documents/DeepEyeUnlocker/app/build/intermediates/merged_res/release/drawable_tooltip_frame_light.xml.flat
Compiling xml file /Users/enayat/.gradle/caches/8.12/transforms/11129819c0b63eff25eeed666f4b1d00/transformed/appcompat-1.6.1/res/drawable/abc_list_selector_holo_light.xml to /Users/enayat/Documents/DeepEyeUnlocker/app/build/intermediates/merged_res/release/drawable_abc_list_selector_holo_light.xml.flat
Compiling xml file /Users/enayat/.gradle/caches/8.12/transforms/2b2afb488a24cede502c0cd559a3315a/transformed/material-1.11.0/res/color-night-v8/material_timepicker_button_stroke.xml to /Users/enayat/Documents/DeepEyeUnlocker/app/build/intermediates/merged_res/release/color-night-v8_material_timepicker_button_stroke.xml.flat
Compiling xml file /Users/enayat/.gradle/caches/8.12/transforms/11129819c0b63eff25eeed666f4b1d00/transformed/appcompat-1.6.1/res/drawable/abc_cab_background_internal_bg.xml to /Users/enayat/Documents/DeepEyeUnlocker/app/build/intermediates/merged_res/release/drawable_abc_cab_background_internal_bg.xml.flat
Compiling xml file /Users/enayat/.gradle/caches/8.12/transforms/2b2afb488a24cede502c0cd559a3315a/transformed/material-1.11.0/res/layout/mtrl_picker_actions.xml to /Users/enayat/Documents/DeepEyeUnlocker/app/build/intermediates/merged_res/release/layout_mtrl_picker_actions.xml.flat
Compiling xml file /Users/enayat/.gradle/caches/8.12/transforms/2b2afb488a24cede502c0cd559a3315a/transformed/material-1.11.0/res/drawable/mtrl_checkbox_button_icon_unchecked_indeterminate.xml to /Users/enayat/Documents/DeepEyeUnlocker/app/build/intermediates/merged_res/release/drawable_mtrl_checkbox_button_icon_unchecked_indeterminate.xml.flat
Compiling xml file /Users/enayat/.gradle/caches/8.12/transforms/2b2afb488a24cede502c0cd559a3315a/transformed/material-1.11.0/res/color/m3_slider_thumb_color.xml to /Users/enayat/Documents/DeepEyeUnlocker/app/build/intermediates/merged_res/release/color_m3_slider_thumb_color.xml.flat
Compiling xml file /Users/enayat/.gradle/caches/8.12/transforms/2b2afb488a24cede502c0cd559a3315a/transformed/material-1.11.0/res/drawable/mtrl_checkbox_button_icon_checked_unchecked.xml to /Users/enayat/Documents/DeepEyeUnlocker/app/build/intermediates/merged_res/release/drawable_mtrl_checkbox_button_icon_checked_unchecked.xml.flat
Compiling xml file /Users/enayat/.gradle/caches/8.12/transforms/2b2afb488a24cede502c0cd559a3315a/transformed/material-1.11.0/res/color/m3_appbar_overlay_color.xml to /Users/enayat/Documents/DeepEyeUnlocker/app/build/intermediates/merged_res/release/color_m3_appbar_overlay_color.xml.flat
Compiling xml file /Users/enayat/.gradle/caches/8.12/transforms/11129819c0b63eff25eeed666f4b1d00/transformed/appcompat-1.6.1/res/layout/abc_popup_menu_item_layout.xml to /Users/enayat/Documents/DeepEyeUnlocker/app/build/intermediates/merged_res/release/layout_abc_popup_menu_item_layout.xml.flat
Compiling xml file /Users/enayat/.gradle/caches/8.12/transforms/2b2afb488a24cede502c0cd559a3315a/transformed/material-1.11.0/res/drawable/ic_search_black_24.xml to /Users/enayat/Documents/DeepEyeUnlocker/app/build/intermediates/merged_res/release/drawable_ic_search_black_24.xml.flat
Compiling xml file /Users/enayat/.gradle/caches/8.12/transforms/2b2afb488a24cede502c0cd559a3315a/transformed/material-1.11.0/res/drawable/material_ic_calendar_black_24dp.xml to /Users/enayat/Documents/DeepEyeUnlocker/app/build/intermediates/merged_res/release/drawable_material_ic_calendar_black_24dp.xml.flat
Compiling xml file /Users/enayat/.gradle/caches/8.12/transforms/2b2afb488a24cede502c0cd559a3315a/transformed/material-1.11.0/res/color/mtrl_card_view_ripple.xml to /Users/enayat/Documents/DeepEyeUnlocker/app/build/intermediates/merged_res/release/color_mtrl_card_view_ripple.xml.flat
Compiling xml file /Users/enayat/.gradle/caches/8.12/transforms/2b2afb488a24cede502c0cd559a3315a/transformed/material-1.11.0/res/anim-v21/mtrl_bottom_sheet_slide_in.xml to /Users/enayat/Documents/DeepEyeUnlocker/app/build/intermediates/merged_res/release/anim-v21_mtrl_bottom_sheet_slide_in.xml.flat
Compiling xml file /Users/enayat/.gradle/caches/8.12/transforms/38429c6ab3c82fcd7ceba87d70d025eb/transformed/jetified-core-splashscreen-1.0.1/res/layout/splash_screen_view.xml to /Users/enayat/Documents/DeepEyeUnlocker/app/build/intermediates/merged_res/release/layout_splash_screen_view.xml.flat
Compiling xml file /Users/enayat/.gradle/caches/8.12/transforms/2b2afb488a24cede502c0cd559a3315a/transformed/material-1.11.0/res/color/material_personalized_hint_foreground.xml to /Users/enayat/Documents/DeepEyeUnlocker/app/build/intermediates/merged_res/release/color_material_personalized_hint_foreground.xml.flat
Compiling xml file /Users/enayat/.gradle/caches/8.12/transforms/11129819c0b63eff25eeed666f4b1d00/transformed/appcompat-1.6.1/res/drawable/abc_ratingbar_indicator_material.xml to /Users/enayat/Documents/DeepEyeUnlocker/app/build/intermediates/merged_res/release/drawable_abc_ratingbar_indicator_material.xml.flat
Compiling xml file /Users/enayat/.gradle/caches/8.12/transforms/2b2afb488a24cede502c0cd559a3315a/transformed/material-1.11.0/res/color/mtrl_navigation_bar_colored_item_tint.xml to /Users/enayat/Documents/DeepEyeUnlocker/app/build/intermediates/merged_res/release/color_mtrl_navigation_bar_colored_item_tint.xml.flat
Compiling xml file /Users/enayat/.gradle/caches/8.12/transforms/38429c6ab3c82fcd7ceba87d70d025eb/transformed/jetified-core-splashscreen-1.0.1/res/drawable-v23/compat_splash_screen.xml to /Users/enayat/Documents/DeepEyeUnlocker/app/build/intermediates/merged_res/release/drawable-v23_compat_splash_screen.xml.flat
Compiling xml file /Users/enayat/.gradle/caches/8.12/transforms/2b2afb488a24cede502c0cd559a3315a/transformed/material-1.11.0/res/color-v31/m3_ref_palette_dynamic_neutral87.xml to /Users/enayat/Documents/DeepEyeUnlocker/app/build/intermediates/merged_res/release/color-v31_m3_ref_palette_dynamic_neutral87.xml.flat
Compiling xml file /Users/enayat/.gradle/caches/8.12/transforms/2b2afb488a24cede502c0cd559a3315a/transformed/material-1.11.0/res/drawable/mtrl_switch_thumb_unchecked.xml to /Users/enayat/Documents/DeepEyeUnlocker/app/build/intermediates/merged_res/release/drawable_mtrl_switch_thumb_unchecked.xml.flat
Compiling xml file /Users/enayat/.gradle/caches/8.12/transforms/11129819c0b63eff25eeed666f4b1d00/transformed/appcompat-1.6.1/res/layout/abc_action_bar_up_container.xml to /Users/enayat/Documents/DeepEyeUnlocker/app/build/intermediates/merged_res/release/layout_abc_action_bar_up_container.xml.flat
Compiling xml file /Users/enayat/.gradle/caches/8.12/transforms/2b2afb488a24cede502c0cd559a3315a/transformed/material-1.11.0/res/interpolator-v21/mtrl_fast_out_linear_in.xml to /Users/enayat/Documents/DeepEyeUnlocker/app/build/intermediates/merged_res/release/interpolator-v21_mtrl_fast_out_linear_in.xml.flat
Compiling xml file /Users/enayat/.gradle/caches/8.12/transforms/2b2afb488a24cede502c0cd559a3315a/transformed/material-1.11.0/res/color-v31/m3_ref_palette_dynamic_neutral24.xml to /Users/enayat/Documents/DeepEyeUnlocker/app/build/intermediates/merged_res/release/color-v31_m3_ref_palette_dynamic_neutral24.xml.flat
Compiling xml file /Users/enayat/.gradle/caches/8.12/transforms/2b2afb488a24cede502c0cd559a3315a/transformed/material-1.11.0/res/interpolator-v21/mtrl_fast_out_slow_in.xml to /Users/enayat/Documents/DeepEyeUnlocker/app/build/intermediates/merged_res/release/interpolator-v21_mtrl_fast_out_slow_in.xml.flat
Compiling xml file /Users/enayat/.gradle/caches/8.12/transforms/2b2afb488a24cede502c0cd559a3315a/transformed/material-1.11.0/res/color/material_on_surface_emphasis_medium.xml to /Users/enayat/Documents/DeepEyeUnlocker/app/build/intermediates/merged_res/release/color_material_on_surface_emphasis_medium.xml.flat
Compiling xml file /Users/enayat/.gradle/caches/8.12/transforms/2b2afb488a24cede502c0cd559a3315a/transformed/material-1.11.0/res/animator/m3_extended_fab_hide_motion_spec.xml to /Users/enayat/Documents/DeepEyeUnlocker/app/build/intermediates/merged_res/release/animator_m3_extended_fab_hide_motion_spec.xml.flat
Compiling xml file /Users/enayat/.gradle/caches/8.12/transforms/11129819c0b63eff25eeed666f4b1d00/transformed/appcompat-1.6.1/res/layout/abc_screen_simple_overlay_action_mode.xml to /Users/enayat/Documents/DeepEyeUnlocker/app/build/intermediates/merged_res/release/layout_abc_screen_simple_overlay_action_mode.xml.flat
Compiling xml file /Users/enayat/.gradle/caches/8.12/transforms/11129819c0b63eff25eeed666f4b1d00/transformed/appcompat-1.6.1/res/anim/abc_tooltip_exit.xml to /Users/enayat/Documents/DeepEyeUnlocker/app/build/intermediates/merged_res/release/anim_abc_tooltip_exit.xml.flat
Compiling xml file /Users/enayat/.gradle/caches/8.12/transforms/11129819c0b63eff25eeed666f4b1d00/transformed/appcompat-1.6.1/res/color-v23/abc_tint_btn_checkable.xml to /Users/enayat/Documents/DeepEyeUnlocker/app/build/intermediates/merged_res/release/color-v23_abc_tint_btn_checkable.xml.flat
Compiling xml file /Users/enayat/.gradle/caches/8.12/transforms/2b2afb488a24cede502c0cd559a3315a/transformed/material-1.11.0/res/color-v31/m3_ref_palette_dynamic_neutral_variant4.xml to /Users/enayat/Documents/DeepEyeUnlocker/app/build/intermediates/merged_res/release/color-v31_m3_ref_palette_dynamic_neutral_variant4.xml.flat
Compiling xml file /Users/enayat/Documents/DeepEyeUnlocker/app/src/main/res/drawable/glow_indicator.xml to /Users/enayat/Documents/DeepEyeUnlocker/app/build/intermediates/merged_res/release/drawable_glow_indicator.xml.flat
Compiling xml file /Users/enayat/.gradle/caches/8.12/transforms/2b2afb488a24cede502c0cd559a3315a/transformed/material-1.11.0/res/color/mtrl_navigation_bar_ripple_color.xml to /Users/enayat/Documents/DeepEyeUnlocker/app/build/intermediates/merged_res/release/color_mtrl_navigation_bar_ripple_color.xml.flat
Compiling xml file /Users/enayat/.gradle/caches/8.12/transforms/2b2afb488a24cede502c0cd559a3315a/transformed/material-1.11.0/res/animator/mtrl_extended_fab_change_size_expand_motion_spec.xml to /Users/enayat/Documents/DeepEyeUnlocker/app/build/intermediates/merged_res/release/animator_mtrl_extended_fab_change_size_expand_motion_spec.xml.flat
Compiling xml file /Users/enayat/.gradle/caches/8.12/transforms/11129819c0b63eff25eeed666f4b1d00/transformed/appcompat-1.6.1/res/anim/abc_popup_exit.xml to /Users/enayat/Documents/DeepEyeUnlocker/app/build/intermediates/merged_res/release/anim_abc_popup_exit.xml.flat
Compiling xml file /Users/enayat/.gradle/caches/8.12/transforms/2b2afb488a24cede502c0cd559a3315a/transformed/material-1.11.0/res/color/m3_timepicker_button_background_color.xml to /Users/enayat/Documents/DeepEyeUnlocker/app/build/intermediates/merged_res/release/color_m3_timepicker_button_background_color.xml.flat
Compiling xml file /Users/enayat/.gradle/caches/8.12/transforms/2b2afb488a24cede502c0cd559a3315a/transformed/material-1.11.0/res/layout/mtrl_calendar_month_labeled.xml to /Users/enayat/Documents/DeepEyeUnlocker/app/build/intermediates/merged_res/release/layout_mtrl_calendar_month_labeled.xml.flat
Compiling xml file /Users/enayat/.gradle/caches/8.12/transforms/11129819c0b63eff25eeed666f4b1d00/transformed/appcompat-1.6.1/res/drawable/abc_item_background_holo_dark.xml to /Users/enayat/Documents/DeepEyeUnlocker/app/build/intermediates/merged_res/release/drawable_abc_item_background_holo_dark.xml.flat
Compiling xml file /Users/enayat/.gradle/caches/8.12/transforms/2b2afb488a24cede502c0cd559a3315a/transformed/material-1.11.0/res/color-night-v8/material_timepicker_clockface.xml to /Users/enayat/Documents/DeepEyeUnlocker/app/build/intermediates/merged_res/release/color-night-v8_material_timepicker_clockface.xml.flat
Compiling xml file /Users/enayat/.gradle/caches/8.12/transforms/f14a013919d4e98d26dad4159611a52d/transformed/core-1.13.1/res/drawable-v21/notification_action_background.xml to /Users/enayat/Documents/DeepEyeUnlocker/app/build/intermediates/merged_res/release/drawable-v21_notification_action_background.xml.flat
Compiling xml file /Users/enayat/.gradle/caches/8.12/transforms/2b2afb488a24cede502c0cd559a3315a/transformed/material-1.11.0/res/layout/mtrl_picker_header_fullscreen.xml to /Users/enayat/Documents/DeepEyeUnlocker/app/build/intermediates/merged_res/release/layout_mtrl_picker_header_fullscreen.xml.flat
Compiling xml file /Users/enayat/.gradle/caches/8.12/transforms/2b2afb488a24cede502c0cd559a3315a/transformed/material-1.11.0/res/interpolator/mtrl_linear.xml to /Users/enayat/Documents/DeepEyeUnlocker/app/build/intermediates/merged_res/release/interpolator_mtrl_linear.xml.flat
Compiling xml file /Users/enayat/.gradle/caches/8.12/transforms/2b2afb488a24cede502c0cd559a3315a/transformed/material-1.11.0/res/color/m3_timepicker_secondary_text_button_text_color.xml to /Users/enayat/Documents/DeepEyeUnlocker/app/build/intermediates/merged_res/release/color_m3_timepicker_secondary_text_button_text_color.xml.flat
Compiling xml file /Users/enayat/.gradle/caches/8.12/transforms/11129819c0b63eff25eeed666f4b1d00/transformed/appcompat-1.6.1/res/drawable/abc_list_selector_background_transition_holo_dark.xml to /Users/enayat/Documents/DeepEyeUnlocker/app/build/intermediates/merged_res/release/drawable_abc_list_selector_background_transition_holo_dark.xml.flat
Compiling xml file /Users/enayat/.gradle/caches/8.12/transforms/2b2afb488a24cede502c0cd559a3315a/transformed/material-1.11.0/res/color/m3_tabs_icon_color.xml to /Users/enayat/Documents/DeepEyeUnlocker/app/build/intermediates/merged_res/release/color_m3_tabs_icon_color.xml.flat
Compiling xml file /Users/enayat/Documents/DeepEyeUnlocker/app/src/main/res/layout/item_partition.xml to /Users/enayat/Documents/DeepEyeUnlocker/app/build/intermediates/merged_res/release/layout_item_partition.xml.flat
Compiling xml file /Users/enayat/.gradle/caches/8.12/transforms/11129819c0b63eff25eeed666f4b1d00/transformed/appcompat-1.6.1/res/layout/abc_screen_simple.xml to /Users/enayat/Documents/DeepEyeUnlocker/app/build/intermediates/merged_res/release/layout_abc_screen_simple.xml.flat
Compiling xml file /Users/enayat/.gradle/caches/8.12/transforms/2b2afb488a24cede502c0cd559a3315a/transformed/material-1.11.0/res/drawable-v21/mtrl_navigation_bar_item_background.xml to /Users/enayat/Documents/DeepEyeUnlocker/app/build/intermediates/merged_res/release/drawable-v21_mtrl_navigation_bar_item_background.xml.flat
Compiling xml file /Users/enayat/.gradle/caches/8.12/transforms/11129819c0b63eff25eeed666f4b1d00/transformed/appcompat-1.6.1/res/layout/abc_action_menu_layout.xml to /Users/enayat/Documents/DeepEyeUnlocker/app/build/intermediates/merged_res/release/layout_abc_action_menu_layout.xml.flat
Compiling xml file /Users/enayat/.gradle/caches/8.12/transforms/2b2afb488a24cede502c0cd559a3315a/transformed/material-1.11.0/res/anim-v21/mtrl_bottom_sheet_slide_out.xml to /Users/enayat/Documents/DeepEyeUnlocker/app/build/intermediates/merged_res/release/anim-v21_mtrl_bottom_sheet_slide_out.xml.flat
Compiling xml file /Users/enayat/.gradle/caches/8.12/transforms/11129819c0b63eff25eeed666f4b1d00/transformed/appcompat-1.6.1/res/anim/btn_checkbox_to_unchecked_check_path_merged_animation.xml to /Users/enayat/Documents/DeepEyeUnlocker/app/build/intermediates/merged_res/release/anim_btn_checkbox_to_unchecked_check_path_merged_animation.xml.flat
Compiling xml file /Users/enayat/.gradle/caches/8.12/transforms/2b2afb488a24cede502c0cd559a3315a/transformed/material-1.11.0/res/anim/design_snackbar_out.xml to /Users/enayat/Documents/DeepEyeUnlocker/app/build/intermediates/merged_res/release/anim_design_snackbar_out.xml.flat
Compiling xml file /Users/enayat/.gradle/caches/8.12/transforms/2b2afb488a24cede502c0cd559a3315a/transformed/material-1.11.0/res/color/mtrl_fab_icon_text_color_selector.xml to /Users/enayat/Documents/DeepEyeUnlocker/app/build/intermediates/merged_res/release/color_mtrl_fab_icon_text_color_selector.xml.flat
Compiling xml file /Users/enayat/.gradle/caches/8.12/transforms/2b2afb488a24cede502c0cd559a3315a/transformed/material-1.11.0/res/animator/m3_btn_elevated_btn_state_list_anim.xml to /Users/enayat/Documents/DeepEyeUnlocker/app/build/intermediates/merged_res/release/animator_m3_btn_elevated_btn_state_list_anim.xml.flat
Compiling xml file /Users/enayat/.gradle/caches/8.12/transforms/2b2afb488a24cede502c0cd559a3315a/transformed/material-1.11.0/res/color/m3_navigation_bar_ripple_color_selector.xml to /Users/enayat/Documents/DeepEyeUnlocker/app/build/intermediates/merged_res/release/color_m3_navigation_bar_ripple_color_selector.xml.flat
Compiling xml file /Users/enayat/.gradle/caches/8.12/transforms/2b2afb488a24cede502c0cd559a3315a/transformed/material-1.11.0/res/drawable/navigation_empty_icon.xml to /Users/enayat/Documents/DeepEyeUnlocker/app/build/intermediates/merged_res/release/drawable_navigation_empty_icon.xml.flat
Compiling xml file /Users/enayat/.gradle/caches/8.12/transforms/2b2afb488a24cede502c0cd559a3315a/transformed/material-1.11.0/res/color/material_on_surface_emphasis_high_type.xml to /Users/enayat/Documents/DeepEyeUnlocker/app/build/intermediates/merged_res/release/color_material_on_surface_emphasis_high_type.xml.flat
Compiling xml file /Users/enayat/.gradle/caches/8.12/transforms/2b2afb488a24cede502c0cd559a3315a/transformed/material-1.11.0/res/drawable-v21/material_cursor_drawable.xml to /Users/enayat/Documents/DeepEyeUnlocker/app/build/intermediates/merged_res/release/drawable-v21_material_cursor_drawable.xml.flat
Compiling xml file /Users/enayat/.gradle/caches/8.12/transforms/2b2afb488a24cede502c0cd559a3315a/transformed/material-1.11.0/res/anim-v21/m3_side_sheet_enter_from_right.xml to /Users/enayat/Documents/DeepEyeUnlocker/app/build/intermediates/merged_res/release/anim-v21_m3_side_sheet_enter_from_right.xml.flat
Compiling xml file /Users/enayat/.gradle/caches/8.12/transforms/2b2afb488a24cede502c0cd559a3315a/transformed/material-1.11.0/res/animator/mtrl_chip_state_list_anim.xml to /Users/enayat/Documents/DeepEyeUnlocker/app/build/intermediates/merged_res/release/animator_mtrl_chip_state_list_anim.xml.flat
Compiling xml file /Users/enayat/.gradle/caches/8.12/transforms/2b2afb488a24cede502c0cd559a3315a/transformed/material-1.11.0/res/color/m3_dark_highlighted_text.xml to /Users/enayat/Documents/DeepEyeUnlocker/app/build/intermediates/merged_res/release/color_m3_dark_highlighted_text.xml.flat
Compiling xml file /Users/enayat/Documents/DeepEyeUnlocker/app/src/main/res/drawable/tab_selected.xml to /Users/enayat/Documents/DeepEyeUnlocker/app/build/intermediates/merged_res/release/drawable_tab_selected.xml.flat
Compiling xml file /Users/enayat/.gradle/caches/8.12/transforms/2b2afb488a24cede502c0cd559a3315a/transformed/material-1.11.0/res/layout/design_navigation_menu.xml to /Users/enayat/Documents/DeepEyeUnlocker/app/build/intermediates/merged_res/release/layout_design_navigation_menu.xml.flat
Compiling xml file /Users/enayat/.gradle/caches/8.12/transforms/2b2afb488a24cede502c0cd559a3315a/transformed/material-1.11.0/res/color/mtrl_tabs_ripple_color.xml to /Users/enayat/Documents/DeepEyeUnlocker/app/build/intermediates/merged_res/release/color_mtrl_tabs_ripple_color.xml.flat
Compiling xml file /Users/enayat/.gradle/caches/8.12/transforms/2b2afb488a24cede502c0cd559a3315a/transformed/material-1.11.0/res/drawable/material_ic_keyboard_arrow_right_black_24dp.xml to /Users/enayat/Documents/DeepEyeUnlocker/app/build/intermediates/merged_res/release/drawable_material_ic_keyboard_arrow_right_black_24dp.xml.flat
Compiling xml file /Users/enayat/.gradle/caches/8.12/transforms/11129819c0b63eff25eeed666f4b1d00/transformed/appcompat-1.6.1/res/drawable/abc_star_half_black_48dp.xml to /Users/enayat/Documents/DeepEyeUnlocker/app/build/intermediates/merged_res/release/drawable_abc_star_half_black_48dp.xml.flat
Compiling xml file /Users/enayat/.gradle/caches/8.12/transforms/2b2afb488a24cede502c0cd559a3315a/transformed/material-1.11.0/res/color/mtrl_error.xml to /Users/enayat/Documents/DeepEyeUnlocker/app/build/intermediates/merged_res/release/color_mtrl_error.xml.flat
Compiling xml file /Users/enayat/.gradle/caches/8.12/transforms/2b2afb488a24cede502c0cd559a3315a/transformed/material-1.11.0/res/color/m3_slider_halo_color.xml to /Users/enayat/Documents/DeepEyeUnlocker/app/build/intermediates/merged_res/release/color_m3_slider_halo_color.xml.flat
Compiling xml file /Users/enayat/.gradle/caches/8.12/transforms/38429c6ab3c82fcd7ceba87d70d025eb/transformed/jetified-core-splashscreen-1.0.1/res/drawable-v23/compat_splash_screen_no_icon_background.xml to /Users/enayat/Documents/DeepEyeUnlocker/app/build/intermediates/merged_res/release/drawable-v23_compat_splash_screen_no_icon_background.xml.flat
Compiling xml file /Users/enayat/.gradle/caches/8.12/transforms/2b2afb488a24cede502c0cd559a3315a/transformed/material-1.11.0/res/drawable/design_snackbar_background.xml to /Users/enayat/Documents/DeepEyeUnlocker/app/build/intermediates/merged_res/release/drawable_design_snackbar_background.xml.flat
Compiling xml file /Users/enayat/.gradle/caches/8.12/transforms/2b2afb488a24cede502c0cd559a3315a/transformed/material-1.11.0/res/drawable/material_ic_menu_arrow_down_black_24dp.xml to /Users/enayat/Documents/DeepEyeUnlocker/app/build/intermediates/merged_res/release/drawable_material_ic_menu_arrow_down_black_24dp.xml.flat
Compiling xml file /Users/enayat/.gradle/caches/8.12/transforms/11129819c0b63eff25eeed666f4b1d00/transformed/appcompat-1.6.1/res/anim/abc_grow_fade_in_from_bottom.xml to /Users/enayat/Documents/DeepEyeUnlocker/app/build/intermediates/merged_res/release/anim_abc_grow_fade_in_from_bottom.xml.flat
Compiling xml file /Users/enayat/.gradle/caches/8.12/transforms/2b2afb488a24cede502c0cd559a3315a/transformed/material-1.11.0/res/color-v31/m3_dynamic_highlighted_text.xml to /Users/enayat/Documents/DeepEyeUnlocker/app/build/intermediates/merged_res/release/color-v31_m3_dynamic_highlighted_text.xml.flat
Compiling xml file /Users/enayat/.gradle/caches/8.12/transforms/2b2afb488a24cede502c0cd559a3315a/transformed/material-1.11.0/res/layout/mtrl_picker_fullscreen.xml to /Users/enayat/Documents/DeepEyeUnlocker/app/build/intermediates/merged_res/release/layout_mtrl_picker_fullscreen.xml.flat
Compiling xml file /Users/enayat/.gradle/caches/8.12/transforms/11129819c0b63eff25eeed666f4b1d00/transformed/appcompat-1.6.1/res/drawable/abc_btn_radio_material.xml to /Users/enayat/Documents/DeepEyeUnlocker/app/build/intermediates/merged_res/release/drawable_abc_btn_radio_material.xml.flat
Compiling xml file /Users/enayat/.gradle/caches/8.12/transforms/2b2afb488a24cede502c0cd559a3315a/transformed/material-1.11.0/res/animator/mtrl_fab_show_motion_spec.xml to /Users/enayat/Documents/DeepEyeUnlocker/app/build/intermediates/merged_res/release/animator_mtrl_fab_show_motion_spec.xml.flat
Compiling xml file /Users/enayat/.gradle/caches/8.12/transforms/11129819c0b63eff25eeed666f4b1d00/transformed/appcompat-1.6.1/res/color-v23/abc_btn_colored_text_material.xml to /Users/enayat/Documents/DeepEyeUnlocker/app/build/intermediates/merged_res/release/color-v23_abc_btn_colored_text_material.xml.flat
Compiling xml file /Users/enayat/.gradle/caches/8.12/transforms/2b2afb488a24cede502c0cd559a3315a/transformed/material-1.11.0/res/color/mtrl_chip_background_color.xml to /Users/enayat/Documents/DeepEyeUnlocker/app/build/intermediates/merged_res/release/color_mtrl_chip_background_color.xml.flat
Compiling xml file /Users/enayat/Documents/DeepEyeUnlocker/app/src/main/res/drawable/button_primary.xml to /Users/enayat/Documents/DeepEyeUnlocker/app/build/intermediates/merged_res/release/drawable_button_primary.xml.flat
Compiling xml file /Users/enayat/.gradle/caches/8.12/transforms/2b2afb488a24cede502c0cd559a3315a/transformed/material-1.11.0/res/color/material_on_surface_disabled.xml to /Users/enayat/Documents/DeepEyeUnlocker/app/build/intermediates/merged_res/release/color_material_on_surface_disabled.xml.flat
Compiling xml file /Users/enayat/.gradle/caches/8.12/transforms/2b2afb488a24cede502c0cd559a3315a/transformed/material-1.11.0/res/layout/material_textinput_timepicker.xml to /Users/enayat/Documents/DeepEyeUnlocker/app/build/intermediates/merged_res/release/layout_material_textinput_timepicker.xml.flat
Compiling xml file /Users/enayat/.gradle/caches/8.12/transforms/2b2afb488a24cede502c0cd559a3315a/transformed/material-1.11.0/res/drawable/mtrl_ic_error.xml to /Users/enayat/Documents/DeepEyeUnlocker/app/build/intermediates/merged_res/release/drawable_mtrl_ic_error.xml.flat
Compiling xml file /Users/enayat/.gradle/caches/8.12/transforms/2b2afb488a24cede502c0cd559a3315a/transformed/material-1.11.0/res/color/m3_timepicker_button_text_color.xml to /Users/enayat/Documents/DeepEyeUnlocker/app/build/intermediates/merged_res/release/color_m3_timepicker_button_text_color.xml.flat
Compiling xml file /Users/enayat/.gradle/caches/8.12/transforms/2b2afb488a24cede502c0cd559a3315a/transformed/material-1.11.0/res/color-v31/m3_dynamic_dark_hint_foreground.xml to /Users/enayat/Documents/DeepEyeUnlocker/app/build/intermediates/merged_res/release/color-v31_m3_dynamic_dark_hint_foreground.xml.flat
Compiling xml file /Users/enayat/.gradle/caches/8.12/transforms/2b2afb488a24cede502c0cd559a3315a/transformed/material-1.11.0/res/color/mtrl_chip_close_icon_tint.xml to /Users/enayat/Documents/DeepEyeUnlocker/app/build/intermediates/merged_res/release/color_mtrl_chip_close_icon_tint.xml.flat
Compiling xml file /Users/enayat/.gradle/caches/8.12/transforms/2b2afb488a24cede502c0cd559a3315a/transformed/material-1.11.0/res/color/m3_default_color_primary_text.xml to /Users/enayat/Documents/DeepEyeUnlocker/app/build/intermediates/merged_res/release/color_m3_default_color_primary_text.xml.flat
Compiling xml file /Users/enayat/.gradle/caches/8.12/transforms/2b2afb488a24cede502c0cd559a3315a/transformed/material-1.11.0/res/color/m3_timepicker_display_text_color.xml to /Users/enayat/Documents/DeepEyeUnlocker/app/build/intermediates/merged_res/release/color_m3_timepicker_display_text_color.xml.flat
Compiling xml file /Users/enayat/.gradle/caches/8.12/transforms/11129819c0b63eff25eeed666f4b1d00/transformed/appcompat-1.6.1/res/drawable/abc_btn_check_material.xml to /Users/enayat/Documents/DeepEyeUnlocker/app/build/intermediates/merged_res/release/drawable_abc_btn_check_material.xml.flat
Compiling xml file /Users/enayat/.gradle/caches/8.12/transforms/2b2afb488a24cede502c0cd559a3315a/transformed/material-1.11.0/res/color/m3_chip_ripple_color.xml to /Users/enayat/Documents/DeepEyeUnlocker/app/build/intermediates/merged_res/release/color_m3_chip_ripple_color.xml.flat
Compiling xml file /Users/enayat/.gradle/caches/8.12/transforms/2b2afb488a24cede502c0cd559a3315a/transformed/material-1.11.0/res/drawable/mtrl_checkbox_button_icon_indeterminate_unchecked.xml to /Users/enayat/Documents/DeepEyeUnlocker/app/build/intermediates/merged_res/release/drawable_mtrl_checkbox_button_icon_indeterminate_unchecked.xml.flat
Compiling xml file /Users/enayat/.gradle/caches/8.12/transforms/11129819c0b63eff25eeed666f4b1d00/transformed/appcompat-1.6.1/res/color-v23/abc_color_highlight_material.xml to /Users/enayat/Documents/DeepEyeUnlocker/app/build/intermediates/merged_res/release/color-v23_abc_color_highlight_material.xml.flat
Compiling xml file /Users/enayat/.gradle/caches/8.12/transforms/2b2afb488a24cede502c0cd559a3315a/transformed/material-1.11.0/res/layout/mtrl_layout_snackbar_include.xml to /Users/enayat/Documents/DeepEyeUnlocker/app/build/intermediates/merged_res/release/layout_mtrl_layout_snackbar_include.xml.flat
Compiling xml file /Users/enayat/.gradle/caches/8.12/transforms/2b2afb488a24cede502c0cd559a3315a/transformed/material-1.11.0/res/anim/linear_indeterminate_line2_head_interpolator.xml to /Users/enayat/Documents/DeepEyeUnlocker/app/build/intermediates/merged_res/release/anim_linear_indeterminate_line2_head_interpolator.xml.flat
Compiling xml file /Users/enayat/.gradle/caches/8.12/transforms/2b2afb488a24cede502c0cd559a3315a/transformed/material-1.11.0/res/drawable/mtrl_ic_arrow_drop_down.xml to /Users/enayat/Documents/DeepEyeUnlocker/app/build/intermediates/merged_res/release/drawable_mtrl_ic_arrow_drop_down.xml.flat
Compiling xml file /Users/enayat/.gradle/caches/8.12/transforms/2b2afb488a24cede502c0cd559a3315a/transformed/material-1.11.0/res/color/m3_elevated_chip_background_color.xml to /Users/enayat/Documents/DeepEyeUnlocker/app/build/intermediates/merged_res/release/color_m3_elevated_chip_background_color.xml.flat
Compiling xml file /Users/enayat/Documents/DeepEyeUnlocker/app/src/main/res/anim/slide_in_up.xml to /Users/enayat/Documents/DeepEyeUnlocker/app/build/intermediates/merged_res/release/anim_slide_in_up.xml.flat
Compiling xml file /Users/enayat/.gradle/caches/8.12/transforms/2b2afb488a24cede502c0cd559a3315a/transformed/material-1.11.0/res/animator/mtrl_extended_fab_hide_motion_spec.xml to /Users/enayat/Documents/DeepEyeUnlocker/app/build/intermediates/merged_res/release/animator_mtrl_extended_fab_hide_motion_spec.xml.flat
Compiling xml file /Users/enayat/.gradle/caches/8.12/transforms/2b2afb488a24cede502c0cd559a3315a/transformed/material-1.11.0/res/animator/mtrl_card_state_list_anim.xml to /Users/enayat/Documents/DeepEyeUnlocker/app/build/intermediates/merged_res/release/animator_mtrl_card_state_list_anim.xml.flat
Compiling xml file /Users/enayat/.gradle/caches/8.12/transforms/2b2afb488a24cede502c0cd559a3315a/transformed/material-1.11.0/res/layout/material_clockface_textview.xml to /Users/enayat/Documents/DeepEyeUnlocker/app/build/intermediates/merged_res/release/layout_material_clockface_textview.xml.flat
Compiling xml file /Users/enayat/.gradle/caches/8.12/transforms/2b2afb488a24cede502c0cd559a3315a/transformed/material-1.11.0/res/color/m3_chip_stroke_color.xml to /Users/enayat/Documents/DeepEyeUnlocker/app/build/intermediates/merged_res/release/color_m3_chip_stroke_color.xml.flat
Compiling xml file /Users/enayat/.gradle/caches/8.12/transforms/11129819c0b63eff25eeed666f4b1d00/transformed/appcompat-1.6.1/res/drawable/abc_btn_borderless_material.xml to /Users/enayat/Documents/DeepEyeUnlocker/app/build/intermediates/merged_res/release/drawable_abc_btn_borderless_material.xml.flat
Compiling xml file /Users/enayat/.gradle/caches/8.12/transforms/2b2afb488a24cede502c0cd559a3315a/transformed/material-1.11.0/res/color/m3_popupmenu_overlay_color.xml to /Users/enayat/Documents/DeepEyeUnlocker/app/build/intermediates/merged_res/release/color_m3_popupmenu_overlay_color.xml.flat
Compiling xml file /Users/enayat/Documents/DeepEyeUnlocker/app/src/main/res/drawable/panel_bg.xml to /Users/enayat/Documents/DeepEyeUnlocker/app/build/intermediates/merged_res/release/drawable_panel_bg.xml.flat
Compiling xml file /Users/enayat/.gradle/caches/8.12/transforms/2b2afb488a24cede502c0cd559a3315a/transformed/material-1.11.0/res/anim-v21/design_bottom_sheet_slide_out.xml to /Users/enayat/Documents/DeepEyeUnlocker/app/build/intermediates/merged_res/release/anim-v21_design_bottom_sheet_slide_out.xml.flat
Compiling xml file /Users/enayat/.gradle/caches/8.12/transforms/2b2afb488a24cede502c0cd559a3315a/transformed/material-1.11.0/res/color/mtrl_tabs_colored_ripple_color.xml to /Users/enayat/Documents/DeepEyeUnlocker/app/build/intermediates/merged_res/release/color_mtrl_tabs_colored_ripple_color.xml.flat
Compiling xml file /Users/enayat/.gradle/caches/8.12/transforms/f14a013919d4e98d26dad4159611a52d/transformed/core-1.13.1/res/drawable-anydpi-v21/ic_call_decline_low.xml to /Users/enayat/Documents/DeepEyeUnlocker/app/build/intermediates/merged_res/release/drawable-anydpi-v21_ic_call_decline_low.xml.flat
Compiling xml file /Users/enayat/.gradle/caches/8.12/transforms/2b2afb488a24cede502c0cd559a3315a/transformed/material-1.11.0/res/layout/material_clockface_view.xml to /Users/enayat/Documents/DeepEyeUnlocker/app/build/intermediates/merged_res/release/layout_material_clockface_view.xml.flat
Compiling xml file /Users/enayat/.gradle/caches/8.12/transforms/2b2afb488a24cede502c0cd559a3315a/transformed/material-1.11.0/res/color/material_on_background_emphasis_medium.xml to /Users/enayat/Documents/DeepEyeUnlocker/app/build/intermediates/merged_res/release/color_material_on_background_emphasis_medium.xml.flat
Compiling xml file /Users/enayat/.gradle/caches/8.12/transforms/2b2afb488a24cede502c0cd559a3315a/transformed/material-1.11.0/res/anim/m3_motion_fade_enter.xml to /Users/enayat/Documents/DeepEyeUnlocker/app/build/intermediates/merged_res/release/anim_m3_motion_fade_enter.xml.flat
Compiling xml file /Users/enayat/.gradle/caches/8.12/transforms/2b2afb488a24cede502c0cd559a3315a/transformed/material-1.11.0/res/color/m3_navigation_bar_item_with_indicator_label_tint.xml to /Users/enayat/Documents/DeepEyeUnlocker/app/build/intermediates/merged_res/release/color_m3_navigation_bar_item_with_indicator_label_tint.xml.flat
Compiling xml file /Users/enayat/.gradle/caches/8.12/transforms/2b2afb488a24cede502c0cd559a3315a/transformed/material-1.11.0/res/color-v31/m3_dynamic_hint_foreground.xml to /Users/enayat/Documents/DeepEyeUnlocker/app/build/intermediates/merged_res/release/color-v31_m3_dynamic_hint_foreground.xml.flat
Compiling xml file /Users/enayat/.gradle/caches/8.12/transforms/2b2afb488a24cede502c0cd559a3315a/transformed/material-1.11.0/res/anim-v21/m3_side_sheet_enter_from_left.xml to /Users/enayat/Documents/DeepEyeUnlocker/app/build/intermediates/merged_res/release/anim-v21_m3_side_sheet_enter_from_left.xml.flat
Compiling file /Users/enayat/.gradle/caches/8.12/transforms/764b516886267585bd1e5b0fb38f0993/transformed/jetified-haze-release/res/drawable-nodpi-v4/haze_noise.webp to /Users/enayat/Documents/DeepEyeUnlocker/app/build/intermediates/merged_res/release/drawable-nodpi-v4_haze_noise.webp.flat
Compiling xml file /Users/enayat/Documents/DeepEyeUnlocker/app/src/main/res/drawable/tab_unselected.xml to /Users/enayat/Documents/DeepEyeUnlocker/app/build/intermediates/merged_res/release/drawable_tab_unselected.xml.flat
Compiling xml file /Users/enayat/.gradle/caches/8.12/transforms/2b2afb488a24cede502c0cd559a3315a/transformed/material-1.11.0/res/layout/mtrl_calendar_vertical.xml to /Users/enayat/Documents/DeepEyeUnlocker/app/build/intermediates/merged_res/release/layout_mtrl_calendar_vertical.xml.flat
Compiling xml file /Users/enayat/.gradle/caches/8.12/transforms/2b2afb488a24cede502c0cd559a3315a/transformed/material-1.11.0/res/color/mtrl_filled_icon_tint.xml to /Users/enayat/Documents/DeepEyeUnlocker/app/build/intermediates/merged_res/release/color_mtrl_filled_icon_tint.xml.flat
Compiling xml file /Users/enayat/.gradle/caches/8.12/transforms/2b2afb488a24cede502c0cd559a3315a/transformed/material-1.11.0/res/color/mtrl_chip_surface_color.xml to /Users/enayat/Documents/DeepEyeUnlocker/app/build/intermediates/merged_res/release/color_mtrl_chip_surface_color.xml.flat
Compiling xml file /Users/enayat/.gradle/caches/8.12/transforms/2b2afb488a24cede502c0cd559a3315a/transformed/material-1.11.0/res/color/material_personalized_color_secondary_text.xml to /Users/enayat/Documents/DeepEyeUnlocker/app/build/intermediates/merged_res/release/color_material_personalized_color_secondary_text.xml.flat
Compiling xml file /Users/enayat/.gradle/caches/8.12/transforms/2b2afb488a24cede502c0cd559a3315a/transformed/material-1.11.0/res/color/mtrl_choice_chip_ripple_color.xml to /Users/enayat/Documents/DeepEyeUnlocker/app/build/intermediates/merged_res/release/color_mtrl_choice_chip_ripple_color.xml.flat
Compiling xml file /Users/enayat/.gradle/caches/8.12/transforms/2b2afb488a24cede502c0cd559a3315a/transformed/material-1.11.0/res/layout/m3_alert_dialog_title.xml to /Users/enayat/Documents/DeepEyeUnlocker/app/build/intermediates/merged_res/release/layout_m3_alert_dialog_title.xml.flat
Compiling xml file /Users/enayat/.gradle/caches/8.12/transforms/2b2afb488a24cede502c0cd559a3315a/transformed/material-1.11.0/res/color/m3_navigation_item_background_color.xml to /Users/enayat/Documents/DeepEyeUnlocker/app/build/intermediates/merged_res/release/color_m3_navigation_item_background_color.xml.flat
Compiling xml file /Users/enayat/.gradle/caches/8.12/transforms/2b2afb488a24cede502c0cd559a3315a/transformed/material-1.11.0/res/drawable/mtrl_switch_thumb_pressed_unchecked.xml to /Users/enayat/Documents/DeepEyeUnlocker/app/build/intermediates/merged_res/release/drawable_mtrl_switch_thumb_pressed_unchecked.xml.flat
Compiling xml file /Users/enayat/Documents/DeepEyeUnlocker/app/src/main/res/drawable/operation_btn_normal.xml to /Users/enayat/Documents/DeepEyeUnlocker/app/build/intermediates/merged_res/release/drawable_operation_btn_normal.xml.flat
Compiling xml file /Users/enayat/.gradle/caches/8.12/transforms/2b2afb488a24cede502c0cd559a3315a/transformed/material-1.11.0/res/color-v31/m3_ref_palette_dynamic_neutral96.xml to /Users/enayat/Documents/DeepEyeUnlocker/app/build/intermediates/merged_res/release/color-v31_m3_ref_palette_dynamic_neutral96.xml.flat
Compiling xml file /Users/enayat/.gradle/caches/8.12/transforms/2b2afb488a24cede502c0cd559a3315a/transformed/material-1.11.0/res/color/m3_filled_icon_button_container_color_selector.xml to /Users/enayat/Documents/DeepEyeUnlocker/app/build/intermediates/merged_res/release/color_m3_filled_icon_button_container_color_selector.xml.flat
Compiling xml file /Users/enayat/.gradle/caches/8.12/transforms/2b2afb488a24cede502c0cd559a3315a/transformed/material-1.11.0/res/color/mtrl_choice_chip_background_color.xml to /Users/enayat/Documents/DeepEyeUnlocker/app/build/intermediates/merged_res/release/color_mtrl_choice_chip_background_color.xml.flat
Compiling xml file /Users/enayat/.gradle/caches/8.12/transforms/2b2afb488a24cede502c0cd559a3315a/transformed/material-1.11.0/res/color/m3_card_stroke_color.xml to /Users/enayat/Documents/DeepEyeUnlocker/app/build/intermediates/merged_res/release/color_m3_card_stroke_color.xml.flat
Compiling xml file /Users/enayat/.gradle/caches/8.12/transforms/2b2afb488a24cede502c0cd559a3315a/transformed/material-1.11.0/res/color/mtrl_switch_track_tint.xml to /Users/enayat/Documents/DeepEyeUnlocker/app/build/intermediates/merged_res/release/color_mtrl_switch_track_tint.xml.flat
Compiling xml file /Users/enayat/.gradle/caches/8.12/transforms/2b2afb488a24cede502c0cd559a3315a/transformed/material-1.11.0/res/drawable/mtrl_checkbox_button_icon_indeterminate_checked.xml to /Users/enayat/Documents/DeepEyeUnlocker/app/build/intermediates/merged_res/release/drawable_mtrl_checkbox_button_icon_indeterminate_checked.xml.flat
Compiling xml file /Users/enayat/.gradle/caches/8.12/transforms/11129819c0b63eff25eeed666f4b1d00/transformed/appcompat-1.6.1/res/drawable-v21/abc_edit_text_material.xml to /Users/enayat/Documents/DeepEyeUnlocker/app/build/intermediates/merged_res/release/drawable-v21_abc_edit_text_material.xml.flat
Compiling xml file /Users/enayat/.gradle/caches/8.12/transforms/11129819c0b63eff25eeed666f4b1d00/transformed/appcompat-1.6.1/res/color-v23/abc_tint_seek_thumb.xml to /Users/enayat/Documents/DeepEyeUnlocker/app/build/intermediates/merged_res/release/color-v23_abc_tint_seek_thumb.xml.flat
Compiling xml file /Users/enayat/.gradle/caches/8.12/transforms/11129819c0b63eff25eeed666f4b1d00/transformed/appcompat-1.6.1/res/drawable/abc_ic_voice_search_api_material.xml to /Users/enayat/Documents/DeepEyeUnlocker/app/build/intermediates/merged_res/release/drawable_abc_ic_voice_search_api_material.xml.flat
Compiling xml file /Users/enayat/.gradle/caches/8.12/transforms/2b2afb488a24cede502c0cd559a3315a/transformed/material-1.11.0/res/layout/design_bottom_sheet_dialog.xml to /Users/enayat/Documents/DeepEyeUnlocker/app/build/intermediates/merged_res/release/layout_design_bottom_sheet_dialog.xml.flat
Compiling xml file /Users/enayat/.gradle/caches/8.12/transforms/2b2afb488a24cede502c0cd559a3315a/transformed/material-1.11.0/res/color/design_error.xml to /Users/enayat/Documents/DeepEyeUnlocker/app/build/intermediates/merged_res/release/color_design_error.xml.flat
Compiling xml file /Users/enayat/.gradle/caches/8.12/transforms/11129819c0b63eff25eeed666f4b1d00/transformed/appcompat-1.6.1/res/color/switch_thumb_material_light.xml to /Users/enayat/Documents/DeepEyeUnlocker/app/build/intermediates/merged_res/release/color_switch_thumb_material_light.xml.flat
Compiling xml file /Users/enayat/.gradle/caches/8.12/transforms/2b2afb488a24cede502c0cd559a3315a/transformed/material-1.11.0/res/drawable-v23/mtrl_popupmenu_background_overlay.xml to /Users/enayat/Documents/DeepEyeUnlocker/app/build/intermediates/merged_res/release/drawable-v23_mtrl_popupmenu_background_overlay.xml.flat
Compiling xml file /Users/enayat/.gradle/caches/8.12/transforms/2b2afb488a24cede502c0cd559a3315a/transformed/material-1.11.0/res/color/m3_default_color_secondary_text.xml to /Users/enayat/Documents/DeepEyeUnlocker/app/build/intermediates/merged_res/release/color_m3_default_color_secondary_text.xml.flat
Compiling xml file /Users/enayat/.gradle/caches/8.12/transforms/2b2afb488a24cede502c0cd559a3315a/transformed/material-1.11.0/res/color-v31/m3_ref_palette_dynamic_neutral17.xml to /Users/enayat/Documents/DeepEyeUnlocker/app/build/intermediates/merged_res/release/color-v31_m3_ref_palette_dynamic_neutral17.xml.flat
Compiling xml file /Users/enayat/.gradle/caches/8.12/transforms/2b2afb488a24cede502c0cd559a3315a/transformed/material-1.11.0/res/color-v31/m3_ref_palette_dynamic_neutral22.xml to /Users/enayat/Documents/DeepEyeUnlocker/app/build/intermediates/merged_res/release/color-v31_m3_ref_palette_dynamic_neutral22.xml.flat
Compiling xml file /Users/enayat/.gradle/caches/8.12/transforms/2b2afb488a24cede502c0cd559a3315a/transformed/material-1.11.0/res/color/m3_textfield_label_color.xml to /Users/enayat/Documents/DeepEyeUnlocker/app/build/intermediates/merged_res/release/color_m3_textfield_label_color.xml.flat
Compiling xml file /Users/enayat/.gradle/caches/8.12/transforms/2b2afb488a24cede502c0cd559a3315a/transformed/material-1.11.0/res/layout/mtrl_alert_dialog_actions.xml to /Users/enayat/Documents/DeepEyeUnlocker/app/build/intermediates/merged_res/release/layout_mtrl_alert_dialog_actions.xml.flat
Compiling xml file /Users/enayat/.gradle/caches/8.12/transforms/2b2afb488a24cede502c0cd559a3315a/transformed/material-1.11.0/res/color-v31/m3_ref_palette_dynamic_neutral_variant6.xml to /Users/enayat/Documents/DeepEyeUnlocker/app/build/intermediates/merged_res/release/color-v31_m3_ref_palette_dynamic_neutral_variant6.xml.flat
Compiling xml file /Users/enayat/.gradle/caches/8.12/transforms/11129819c0b63eff25eeed666f4b1d00/transformed/appcompat-1.6.1/res/drawable/btn_radio_on_mtrl.xml to /Users/enayat/Documents/DeepEyeUnlocker/app/build/intermediates/merged_res/release/drawable_btn_radio_on_mtrl.xml.flat
Compiling xml file /Users/enayat/.gradle/caches/8.12/transforms/2b2afb488a24cede502c0cd559a3315a/transformed/material-1.11.0/res/layout/design_navigation_item_separator.xml to /Users/enayat/Documents/DeepEyeUnlocker/app/build/intermediates/merged_res/release/layout_design_navigation_item_separator.xml.flat
Compiling xml file /Users/enayat/.gradle/caches/8.12/transforms/2b2afb488a24cede502c0cd559a3315a/transformed/material-1.11.0/res/drawable/material_ic_keyboard_arrow_left_black_24dp.xml to /Users/enayat/Documents/DeepEyeUnlocker/app/build/intermediates/merged_res/release/drawable_material_ic_keyboard_arrow_left_black_24dp.xml.flat
Compiling xml file /Users/enayat/.gradle/caches/8.12/transforms/2b2afb488a24cede502c0cd559a3315a/transformed/material-1.11.0/res/anim/linear_indeterminate_line1_head_interpolator.xml to /Users/enayat/Documents/DeepEyeUnlocker/app/build/intermediates/merged_res/release/anim_linear_indeterminate_line1_head_interpolator.xml.flat
Compiling xml file /Users/enayat/.gradle/caches/8.12/transforms/11129819c0b63eff25eeed666f4b1d00/transformed/appcompat-1.6.1/res/color/abc_secondary_text_material_dark.xml to /Users/enayat/Documents/DeepEyeUnlocker/app/build/intermediates/merged_res/release/color_abc_secondary_text_material_dark.xml.flat
Compiling xml file /Users/enayat/.gradle/caches/8.12/transforms/11129819c0b63eff25eeed666f4b1d00/transformed/appcompat-1.6.1/res/drawable/abc_ic_go_search_api_material.xml to /Users/enayat/Documents/DeepEyeUnlocker/app/build/intermediates/merged_res/release/drawable_abc_ic_go_search_api_material.xml.flat
Compiling xml file /Users/enayat/.gradle/caches/8.12/transforms/2b2afb488a24cede502c0cd559a3315a/transformed/material-1.11.0/res/color/material_personalized_color_primary_text.xml to /Users/enayat/Documents/DeepEyeUnlocker/app/build/intermediates/merged_res/release/color_material_personalized_color_primary_text.xml.flat
Compiling xml file /Users/enayat/.gradle/caches/8.12/transforms/2b2afb488a24cede502c0cd559a3315a/transformed/material-1.11.0/res/layout/mtrl_calendar_day.xml to /Users/enayat/Documents/DeepEyeUnlocker/app/build/intermediates/merged_res/release/layout_mtrl_calendar_day.xml.flat
Compiling xml file /Users/enayat/.gradle/caches/8.12/transforms/2b2afb488a24cede502c0cd559a3315a/transformed/material-1.11.0/res/animator/mtrl_btn_state_list_anim.xml to /Users/enayat/Documents/DeepEyeUnlocker/app/build/intermediates/merged_res/release/animator_mtrl_btn_state_list_anim.xml.flat
Compiling xml file /Users/enayat/.gradle/caches/8.12/transforms/2b2afb488a24cede502c0cd559a3315a/transformed/material-1.11.0/res/color/m3_navigation_item_ripple_color.xml to /Users/enayat/Documents/DeepEyeUnlocker/app/build/intermediates/merged_res/release/color_m3_navigation_item_ripple_color.xml.flat
Compiling xml file /Users/enayat/.gradle/caches/8.12/transforms/2b2afb488a24cede502c0cd559a3315a/transformed/material-1.11.0/res/color/mtrl_fab_ripple_color.xml to /Users/enayat/Documents/DeepEyeUnlocker/app/build/intermediates/merged_res/release/color_mtrl_fab_ripple_color.xml.flat
Compiling xml file /Users/enayat/.gradle/caches/8.12/transforms/2b2afb488a24cede502c0cd559a3315a/transformed/material-1.11.0/res/drawable/ic_m3_chip_checked_circle.xml to /Users/enayat/Documents/DeepEyeUnlocker/app/build/intermediates/merged_res/release/drawable_ic_m3_chip_checked_circle.xml.flat
Compiling xml file /Users/enayat/.gradle/caches/8.12/transforms/11129819c0b63eff25eeed666f4b1d00/transformed/appcompat-1.6.1/res/layout/abc_action_mode_bar.xml to /Users/enayat/Documents/DeepEyeUnlocker/app/build/intermediates/merged_res/release/layout_abc_action_mode_bar.xml.flat
Compiling xml file /Users/enayat/.gradle/caches/8.12/transforms/2b2afb488a24cede502c0cd559a3315a/transformed/material-1.11.0/res/color/mtrl_btn_text_btn_bg_color_selector.xml to /Users/enayat/Documents/DeepEyeUnlocker/app/build/intermediates/merged_res/release/color_mtrl_btn_text_btn_bg_color_selector.xml.flat
Compiling xml file /Users/enayat/.gradle/caches/8.12/transforms/11129819c0b63eff25eeed666f4b1d00/transformed/appcompat-1.6.1/res/drawable/abc_cab_background_top_material.xml to /Users/enayat/Documents/DeepEyeUnlocker/app/build/intermediates/merged_res/release/drawable_abc_cab_background_top_material.xml.flat
Compiling xml file /Users/enayat/.gradle/caches/8.12/transforms/2b2afb488a24cede502c0cd559a3315a/transformed/material-1.11.0/res/drawable/m3_avd_hide_password.xml to /Users/enayat/Documents/DeepEyeUnlocker/app/build/intermediates/merged_res/release/drawable_m3_avd_hide_password.xml.flat
Compiling xml file /Users/enayat/.gradle/caches/8.12/transforms/f14a013919d4e98d26dad4159611a52d/transformed/core-1.13.1/res/layout-v21/notification_template_custom_big.xml to /Users/enayat/Documents/DeepEyeUnlocker/app/build/intermediates/merged_res/release/layout-v21_notification_template_custom_big.xml.flat
Compiling xml file /Users/enayat/.gradle/caches/8.12/transforms/11129819c0b63eff25eeed666f4b1d00/transformed/appcompat-1.6.1/res/anim/abc_shrink_fade_out_from_bottom.xml to /Users/enayat/Documents/DeepEyeUnlocker/app/build/intermediates/merged_res/release/anim_abc_shrink_fade_out_from_bottom.xml.flat
Compiling xml file /Users/enayat/.gradle/caches/8.12/transforms/f14a013919d4e98d26dad4159611a52d/transformed/core-1.13.1/res/layout/custom_dialog.xml to /Users/enayat/Documents/DeepEyeUnlocker/app/build/intermediates/merged_res/release/layout_custom_dialog.xml.flat
Compiling xml file /Users/enayat/.gradle/caches/8.12/transforms/2b2afb488a24cede502c0cd559a3315a/transformed/material-1.11.0/res/color/material_personalized__highlighted_text_inverse.xml to /Users/enayat/Documents/DeepEyeUnlocker/app/build/intermediates/merged_res/release/color_material_personalized__highlighted_text_inverse.xml.flat
Compiling xml file /Users/enayat/.gradle/caches/8.12/transforms/2b2afb488a24cede502c0cd559a3315a/transformed/material-1.11.0/res/layout/mtrl_navigation_rail_item.xml to /Users/enayat/Documents/DeepEyeUnlocker/app/build/intermediates/merged_res/release/layout_mtrl_navigation_rail_item.xml.flat
Compiling xml file /Users/enayat/.gradle/caches/8.12/transforms/11129819c0b63eff25eeed666f4b1d00/transformed/appcompat-1.6.1/res/anim/abc_slide_in_top.xml to /Users/enayat/Documents/DeepEyeUnlocker/app/build/intermediates/merged_res/release/anim_abc_slide_in_top.xml.flat
Compiling xml file /Users/enayat/.gradle/caches/8.12/transforms/11129819c0b63eff25eeed666f4b1d00/transformed/appcompat-1.6.1/res/anim/btn_checkbox_to_unchecked_icon_null_animation.xml to /Users/enayat/Documents/DeepEyeUnlocker/app/build/intermediates/merged_res/release/anim_btn_checkbox_to_unchecked_icon_null_animation.xml.flat
Compiling xml file /Users/enayat/.gradle/caches/8.12/transforms/2b2afb488a24cede502c0cd559a3315a/transformed/material-1.11.0/res/drawable/mtrl_bottomsheet_drag_handle.xml to /Users/enayat/Documents/DeepEyeUnlocker/app/build/intermediates/merged_res/release/drawable_mtrl_bottomsheet_drag_handle.xml.flat
Compiling xml file /Users/enayat/.gradle/caches/8.12/transforms/2b2afb488a24cede502c0cd559a3315a/transformed/material-1.11.0/res/interpolator-v21/m3_sys_motion_easing_emphasized_decelerate.xml to /Users/enayat/Documents/DeepEyeUnlocker/app/build/intermediates/merged_res/release/interpolator-v21_m3_sys_motion_easing_emphasized_decelerate.xml.flat
Compiling xml file /Users/enayat/.gradle/caches/8.12/transforms/2b2afb488a24cede502c0cd559a3315a/transformed/material-1.11.0/res/color-v31/m3_dynamic_dark_primary_text_disable_only.xml to /Users/enayat/Documents/DeepEyeUnlocker/app/build/intermediates/merged_res/release/color-v31_m3_dynamic_dark_primary_text_disable_only.xml.flat
Compiling xml file /Users/enayat/.gradle/caches/8.12/transforms/2b2afb488a24cede502c0cd559a3315a/transformed/material-1.11.0/res/drawable-v23/m3_selection_control_ripple.xml to /Users/enayat/Documents/DeepEyeUnlocker/app/build/intermediates/merged_res/release/drawable-v23_m3_selection_control_ripple.xml.flat
Compiling xml file /Users/enayat/.gradle/caches/8.12/transforms/2b2afb488a24cede502c0cd559a3315a/transformed/material-1.11.0/res/color/m3_icon_button_icon_color_selector.xml to /Users/enayat/Documents/DeepEyeUnlocker/app/build/intermediates/merged_res/release/color_m3_icon_button_icon_color_selector.xml.flat
Compiling xml file /Users/enayat/.gradle/caches/8.12/transforms/2b2afb488a24cede502c0cd559a3315a/transformed/material-1.11.0/res/color/m3_text_button_ripple_color_selector.xml to /Users/enayat/Documents/DeepEyeUnlocker/app/build/intermediates/merged_res/release/color_m3_text_button_ripple_color_selector.xml.flat
Compiling xml file /Users/enayat/.gradle/caches/8.12/transforms/2b2afb488a24cede502c0cd559a3315a/transformed/material-1.11.0/res/drawable/ic_mtrl_chip_checked_circle.xml to /Users/enayat/Documents/DeepEyeUnlocker/app/build/intermediates/merged_res/release/drawable_ic_mtrl_chip_checked_circle.xml.flat
Compiling xml file /Users/enayat/.gradle/caches/8.12/transforms/2b2afb488a24cede502c0cd559a3315a/transformed/material-1.11.0/res/color/m3_radiobutton_button_tint.xml to /Users/enayat/Documents/DeepEyeUnlocker/app/build/intermediates/merged_res/release/color_m3_radiobutton_button_tint.xml.flat
Compiling xml file /Users/enayat/.gradle/caches/8.12/transforms/2b2afb488a24cede502c0cd559a3315a/transformed/material-1.11.0/res/layout/design_text_input_start_icon.xml to /Users/enayat/Documents/DeepEyeUnlocker/app/build/intermediates/merged_res/release/layout_design_text_input_start_icon.xml.flat
AAPT2 aapt2-8.2.2-10154469-osx Daemon #0: starting
AAPT2 aapt2-8.2.2-10154469-osx Daemon #1: starting
AAPT2 aapt2-8.2.2-10154469-osx Daemon #2: starting
Compiling XML table /Users/enayat/Documents/DeepEyeUnlocker/app/build/intermediates/incremental/release/mergeReleaseResources/merged.dir/values-watch-v20/values-watch-v20.xml to /Users/enayat/Documents/DeepEyeUnlocker/app/build/intermediates/merged_res/release/values-watch-v20_values-watch-v20.arsc.flat
Compiling XML table /Users/enayat/Documents/DeepEyeUnlocker/app/build/intermediates/incremental/release/mergeReleaseResources/merged.dir/values-h320dp-port-v13/values-h320dp-port-v13.xml to /Users/enayat/Documents/DeepEyeUnlocker/app/build/intermediates/merged_res/release/values-h320dp-port-v13_values-h320dp-port-v13.arsc.flat
Compiling XML table /Users/enayat/Documents/DeepEyeUnlocker/app/build/intermediates/incremental/release/mergeReleaseResources/merged.dir/values-ldltr-v21/values-ldltr-v21.xml to /Users/enayat/Documents/DeepEyeUnlocker/app/build/intermediates/merged_res/release/values-ldltr-v21_values-ldltr-v21.arsc.flat
Compiling XML table /Users/enayat/Documents/DeepEyeUnlocker/app/build/intermediates/incremental/release/mergeReleaseResources/merged.dir/values-w320dp-land-v13/values-w320dp-land-v13.xml to /Users/enayat/Documents/DeepEyeUnlocker/app/build/intermediates/merged_res/release/values-w320dp-land-v13_values-w320dp-land-v13.arsc.flat
Compiling XML table /Users/enayat/Documents/DeepEyeUnlocker/app/build/intermediates/incremental/release/mergeReleaseResources/merged.dir/values-am/values-am.xml to /Users/enayat/Documents/DeepEyeUnlocker/app/build/intermediates/merged_res/release/values-am_values-am.arsc.flat
Compiling XML table /Users/enayat/Documents/DeepEyeUnlocker/app/build/intermediates/incremental/release/mergeReleaseResources/merged.dir/values-as/values-as.xml to /Users/enayat/Documents/DeepEyeUnlocker/app/build/intermediates/merged_res/release/values-as_values-as.arsc.flat
Compiling XML table /Users/enayat/Documents/DeepEyeUnlocker/app/build/intermediates/incremental/release/mergeReleaseResources/merged.dir/values-ja/values-ja.xml to /Users/enayat/Documents/DeepEyeUnlocker/app/build/intermediates/merged_res/release/values-ja_values-ja.arsc.flat
Compiling XML table /Users/enayat/Documents/DeepEyeUnlocker/app/build/intermediates/incremental/release/mergeReleaseResources/merged.dir/values-v24/values-v24.xml to /Users/enayat/Documents/DeepEyeUnlocker/app/build/intermediates/merged_res/release/values-v24_values-v24.arsc.flat
Compiling XML table /Users/enayat/Documents/DeepEyeUnlocker/app/build/intermediates/incremental/release/mergeReleaseResources/merged.dir/values-zu/values-zu.xml to /Users/enayat/Documents/DeepEyeUnlocker/app/build/intermediates/merged_res/release/values-zu_values-zu.arsc.flat
Compiling XML table /Users/enayat/Documents/DeepEyeUnlocker/app/build/intermediates/incremental/release/mergeReleaseResources/merged.dir/values-ro/values-ro.xml to /Users/enayat/Documents/DeepEyeUnlocker/app/build/intermediates/merged_res/release/values-ro_values-ro.arsc.flat
Compiling XML table /Users/enayat/Documents/DeepEyeUnlocker/app/build/intermediates/incremental/release/mergeReleaseResources/merged.dir/values-ru/values-ru.xml to /Users/enayat/Documents/DeepEyeUnlocker/app/build/intermediates/merged_res/release/values-ru_values-ru.arsc.flat
Compiling XML table /Users/enayat/Documents/DeepEyeUnlocker/app/build/intermediates/incremental/release/mergeReleaseResources/merged.dir/values-bs/values-bs.xml to /Users/enayat/Documents/DeepEyeUnlocker/app/build/intermediates/merged_res/release/values-bs_values-bs.arsc.flat
Compiling XML table /Users/enayat/Documents/DeepEyeUnlocker/app/build/intermediates/incremental/release/mergeReleaseResources/merged.dir/values-si/values-si.xml to /Users/enayat/Documents/DeepEyeUnlocker/app/build/intermediates/merged_res/release/values-si_values-si.arsc.flat
Compiling XML table /Users/enayat/Documents/DeepEyeUnlocker/app/build/intermediates/incremental/release/mergeReleaseResources/merged.dir/values-sq/values-sq.xml to /Users/enayat/Documents/DeepEyeUnlocker/app/build/intermediates/merged_res/release/values-sq_values-sq.arsc.flat
Compiling XML table /Users/enayat/Documents/DeepEyeUnlocker/app/build/intermediates/incremental/release/mergeReleaseResources/merged.dir/values-km/values-km.xml to /Users/enayat/Documents/DeepEyeUnlocker/app/build/intermediates/merged_res/release/values-km_values-km.arsc.flat
Compiling XML table /Users/enayat/Documents/DeepEyeUnlocker/app/build/intermediates/incremental/release/mergeReleaseResources/merged.dir/values-sw/values-sw.xml to /Users/enayat/Documents/DeepEyeUnlocker/app/build/intermediates/merged_res/release/values-sw_values-sw.arsc.flat
Compiling XML table /Users/enayat/Documents/DeepEyeUnlocker/app/build/intermediates/incremental/release/mergeReleaseResources/merged.dir/values-cs/values-cs.xml to /Users/enayat/Documents/DeepEyeUnlocker/app/build/intermediates/merged_res/release/values-cs_values-cs.arsc.flat
Compiling XML table /Users/enayat/Documents/DeepEyeUnlocker/app/build/intermediates/incremental/release/mergeReleaseResources/merged.dir/values-tl/values-tl.xml to /Users/enayat/Documents/DeepEyeUnlocker/app/build/intermediates/merged_res/release/values-tl_values-tl.arsc.flat
Compiling XML table /Users/enayat/Documents/DeepEyeUnlocker/app/build/intermediates/incremental/release/mergeReleaseResources/merged.dir/values-en-rAU/values-en-rAU.xml to /Users/enayat/Documents/DeepEyeUnlocker/app/build/intermediates/merged_res/release/values-en-rAU_values-en-rAU.arsc.flat
Compiling XML table /Users/enayat/Documents/DeepEyeUnlocker/app/build/intermediates/incremental/release/mergeReleaseResources/merged.dir/values-lv/values-lv.xml to /Users/enayat/Documents/DeepEyeUnlocker/app/build/intermediates/merged_res/release/values-lv_values-lv.arsc.flat
Compiling XML table /Users/enayat/Documents/DeepEyeUnlocker/app/build/intermediates/incremental/release/mergeReleaseResources/merged.dir/values-uk/values-uk.xml to /Users/enayat/Documents/DeepEyeUnlocker/app/build/intermediates/merged_res/release/values-uk_values-uk.arsc.flat
Compiling XML table /Users/enayat/Documents/DeepEyeUnlocker/app/build/intermediates/incremental/release/mergeReleaseResources/merged.dir/values-mn/values-mn.xml to /Users/enayat/Documents/DeepEyeUnlocker/app/build/intermediates/merged_res/release/values-mn_values-mn.arsc.flat
Compiling XML table /Users/enayat/Documents/DeepEyeUnlocker/app/build/intermediates/incremental/release/mergeReleaseResources/merged.dir/values-ms/values-ms.xml to /Users/enayat/Documents/DeepEyeUnlocker/app/build/intermediates/merged_res/release/values-ms_values-ms.arsc.flat
Compiling XML table /Users/enayat/Documents/DeepEyeUnlocker/app/build/intermediates/incremental/release/mergeReleaseResources/merged.dir/values-es/values-es.xml to /Users/enayat/Documents/DeepEyeUnlocker/app/build/intermediates/merged_res/release/values-es_values-es.arsc.flat
Compiling XML table /Users/enayat/Documents/DeepEyeUnlocker/app/build/intermediates/incremental/release/mergeReleaseResources/merged.dir/values-w400dp-port-v13/values-w400dp-port-v13.xml to /Users/enayat/Documents/DeepEyeUnlocker/app/build/intermediates/merged_res/release/values-w400dp-port-v13_values-w400dp-port-v13.arsc.flat
Compiling XML table /Users/enayat/Documents/DeepEyeUnlocker/app/build/intermediates/incremental/release/mergeReleaseResources/merged.dir/values-night-v8/values-night-v8.xml to /Users/enayat/Documents/DeepEyeUnlocker/app/build/intermediates/merged_res/release/values-night-v8_values-night-v8.arsc.flat
Compiling XML table /Users/enayat/Documents/DeepEyeUnlocker/app/build/intermediates/incremental/release/mergeReleaseResources/merged.dir/values-zh-rCN/values-zh-rCN.xml to /Users/enayat/Documents/DeepEyeUnlocker/app/build/intermediates/merged_res/release/values-zh-rCN_values-zh-rCN.arsc.flat
Compiling XML table /Users/enayat/Documents/DeepEyeUnlocker/app/build/intermediates/incremental/release/mergeReleaseResources/merged.dir/values-large-v4/values-large-v4.xml to /Users/enayat/Documents/DeepEyeUnlocker/app/build/intermediates/merged_res/release/values-large-v4_values-large-v4.arsc.flat
Compiling XML table /Users/enayat/Documents/DeepEyeUnlocker/app/build/intermediates/incremental/release/mergeReleaseResources/merged.dir/values-small-v4/values-small-v4.xml to /Users/enayat/Documents/DeepEyeUnlocker/app/build/intermediates/merged_res/release/values-small-v4_values-small-v4.arsc.flat
Compiling XML table /Users/enayat/Documents/DeepEyeUnlocker/app/build/intermediates/incremental/release/mergeReleaseResources/merged.dir/values-gu/values-gu.xml to /Users/enayat/Documents/DeepEyeUnlocker/app/build/intermediates/merged_res/release/values-gu_values-gu.arsc.flat
Compiling xml file /Users/enayat/Documents/DeepEyeUnlocker/app/src/main/res/drawable/glow_indicator_offline.xml to /Users/enayat/Documents/DeepEyeUnlocker/app/build/intermediates/merged_res/release/drawable_glow_indicator_offline.xml.flat
Compiling xml file /Users/enayat/.gradle/caches/8.12/transforms/2b2afb488a24cede502c0cd559a3315a/transformed/material-1.11.0/res/color/m3_dark_default_color_secondary_text.xml to /Users/enayat/Documents/DeepEyeUnlocker/app/build/intermediates/merged_res/release/color_m3_dark_default_color_secondary_text.xml.flat
Compiling xml file /Users/enayat/.gradle/caches/8.12/transforms/2b2afb488a24cede502c0cd559a3315a/transformed/material-1.11.0/res/drawable/ic_keyboard_black_24dp.xml to /Users/enayat/Documents/DeepEyeUnlocker/app/build/intermediates/merged_res/release/drawable_ic_keyboard_black_24dp.xml.flat
Compiling xml file /Users/enayat/.gradle/caches/8.12/transforms/11129819c0b63eff25eeed666f4b1d00/transformed/appcompat-1.6.1/res/layout/abc_tooltip.xml to /Users/enayat/Documents/DeepEyeUnlocker/app/build/intermediates/merged_res/release/layout_abc_tooltip.xml.flat
Compiling xml file /Users/enayat/.gradle/caches/8.12/transforms/11129819c0b63eff25eeed666f4b1d00/transformed/appcompat-1.6.1/res/anim/abc_tooltip_enter.xml to /Users/enayat/Documents/DeepEyeUnlocker/app/build/intermediates/merged_res/release/anim_abc_tooltip_enter.xml.flat
Compiling xml file /Users/enayat/.gradle/caches/8.12/transforms/11129819c0b63eff25eeed666f4b1d00/transformed/appcompat-1.6.1/res/anim/btn_radio_to_off_mtrl_dot_group_animation.xml to /Users/enayat/Documents/DeepEyeUnlocker/app/build/intermediates/merged_res/release/anim_btn_radio_to_off_mtrl_dot_group_animation.xml.flat
Compiling xml file /Users/enayat/.gradle/caches/8.12/transforms/2b2afb488a24cede502c0cd559a3315a/transformed/material-1.11.0/res/color/mtrl_choice_chip_text_color.xml to /Users/enayat/Documents/DeepEyeUnlocker/app/build/intermediates/merged_res/release/color_mtrl_choice_chip_text_color.xml.flat
Compiling xml file /Users/enayat/.gradle/caches/8.12/transforms/2b2afb488a24cede502c0cd559a3315a/transformed/material-1.11.0/res/drawable/mtrl_tabs_default_indicator.xml to /Users/enayat/Documents/DeepEyeUnlocker/app/build/intermediates/merged_res/release/drawable_mtrl_tabs_default_indicator.xml.flat
Compiling xml file /Users/enayat/.gradle/caches/8.12/transforms/2b2afb488a24cede502c0cd559a3315a/transformed/material-1.11.0/res/layout/material_time_chip.xml to /Users/enayat/Documents/DeepEyeUnlocker/app/build/intermediates/merged_res/release/layout_material_time_chip.xml.flat
Compiling xml file /Users/enayat/.gradle/caches/8.12/transforms/11129819c0b63eff25eeed666f4b1d00/transformed/appcompat-1.6.1/res/anim/btn_radio_to_off_mtrl_ring_outer_animation.xml to /Users/enayat/Documents/DeepEyeUnlocker/app/build/intermediates/merged_res/release/anim_btn_radio_to_off_mtrl_ring_outer_animation.xml.flat
Compiling xml file /Users/enayat/.gradle/caches/8.12/transforms/f14a013919d4e98d26dad4159611a52d/transformed/core-1.13.1/res/layout-v21/notification_template_icon_group.xml to /Users/enayat/Documents/DeepEyeUnlocker/app/build/intermediates/merged_res/release/layout-v21_notification_template_icon_group.xml.flat
Compiling xml file /Users/enayat/.gradle/caches/8.12/transforms/11129819c0b63eff25eeed666f4b1d00/transformed/appcompat-1.6.1/res/drawable/abc_ic_menu_overflow_material.xml to /Users/enayat/Documents/DeepEyeUnlocker/app/build/intermediates/merged_res/release/drawable_abc_ic_menu_overflow_material.xml.flat
Compiling xml file /Users/enayat/.gradle/caches/8.12/transforms/2b2afb488a24cede502c0cd559a3315a/transformed/material-1.11.0/res/color/m3_assist_chip_stroke_color.xml to /Users/enayat/Documents/DeepEyeUnlocker/app/build/intermediates/merged_res/release/color_m3_assist_chip_stroke_color.xml.flat
Compiling xml file /Users/enayat/.gradle/caches/8.12/transforms/2b2afb488a24cede502c0cd559a3315a/transformed/material-1.11.0/res/drawable/mtrl_switch_track.xml to /Users/enayat/Documents/DeepEyeUnlocker/app/build/intermediates/merged_res/release/drawable_mtrl_switch_track.xml.flat
Compiling xml file /Users/enayat/.gradle/caches/8.12/transforms/2b2afb488a24cede502c0cd559a3315a/transformed/material-1.11.0/res/animator/m3_card_state_list_anim.xml to /Users/enayat/Documents/DeepEyeUnlocker/app/build/intermediates/merged_res/release/animator_m3_card_state_list_anim.xml.flat
Compiling xml file /Users/enayat/.gradle/caches/8.12/transforms/2b2afb488a24cede502c0cd559a3315a/transformed/material-1.11.0/res/drawable/mtrl_switch_thumb_unchecked_pressed.xml to /Users/enayat/Documents/DeepEyeUnlocker/app/build/intermediates/merged_res/release/drawable_mtrl_switch_thumb_unchecked_pressed.xml.flat
Compiling xml file /Users/enayat/.gradle/caches/8.12/transforms/2b2afb488a24cede502c0cd559a3315a/transformed/material-1.11.0/res/animator-v21/m3_appbar_state_list_animator.xml to /Users/enayat/Documents/DeepEyeUnlocker/app/build/intermediates/merged_res/release/animator-v21_m3_appbar_state_list_animator.xml.flat
Compiling xml file /Users/enayat/.gradle/caches/8.12/transforms/2b2afb488a24cede502c0cd559a3315a/transformed/material-1.11.0/res/color-v31/m3_ref_palette_dynamic_neutral_variant12.xml to /Users/enayat/Documents/DeepEyeUnlocker/app/build/intermediates/merged_res/release/color-v31_m3_ref_palette_dynamic_neutral_variant12.xml.flat
Compiling xml file /Users/enayat/.gradle/caches/8.12/transforms/2b2afb488a24cede502c0cd559a3315a/transformed/material-1.11.0/res/color/m3_tabs_ripple_color.xml to /Users/enayat/Documents/DeepEyeUnlocker/app/build/intermediates/merged_res/release/color_m3_tabs_ripple_color.xml.flat
Compiling xml file /Users/enayat/.gradle/caches/8.12/transforms/2b2afb488a24cede502c0cd559a3315a/transformed/material-1.11.0/res/layout-land/material_clock_period_toggle_land.xml to /Users/enayat/Documents/DeepEyeUnlocker/app/build/intermediates/merged_res/release/layout-land_material_clock_period_toggle_land.xml.flat
Compiling xml file /Users/enayat/Documents/DeepEyeUnlocker/app/src/main/res/drawable/ic_launcher_foreground.xml to /Users/enayat/Documents/DeepEyeUnlocker/app/build/intermediates/merged_res/release/drawable_ic_launcher_foreground.xml.flat
Compiling xml file /Users/enayat/.gradle/caches/8.12/transforms/2b2afb488a24cede502c0cd559a3315a/transformed/material-1.11.0/res/animator/m3_extended_fab_change_size_expand_motion_spec.xml to /Users/enayat/Documents/DeepEyeUnlocker/app/build/intermediates/merged_res/release/animator_m3_extended_fab_change_size_expand_motion_spec.xml.flat
Compiling xml file /Users/enayat/.gradle/caches/8.12/transforms/15e98729dcd3abef3bbdc67a47915447/transformed/fragment-1.5.1/res/animator/fragment_open_enter.xml to /Users/enayat/Documents/DeepEyeUnlocker/app/build/intermediates/merged_res/release/animator_fragment_open_enter.xml.flat
Compiling xml file /Users/enayat/Documents/DeepEyeUnlocker/app/src/main/res/drawable/button_outline.xml to /Users/enayat/Documents/DeepEyeUnlocker/app/build/intermediates/merged_res/release/drawable_button_outline.xml.flat
Compiling xml file /Users/enayat/.gradle/caches/8.12/transforms/2b2afb488a24cede502c0cd559a3315a/transformed/material-1.11.0/res/color/mtrl_navigation_item_background_color.xml to /Users/enayat/Documents/DeepEyeUnlocker/app/build/intermediates/merged_res/release/color_mtrl_navigation_item_background_color.xml.flat
Compiling xml file /Users/enayat/.gradle/caches/8.12/transforms/2b2afb488a24cede502c0cd559a3315a/transformed/material-1.11.0/res/color-v31/m3_ref_palette_dynamic_neutral_variant92.xml to /Users/enayat/Documents/DeepEyeUnlocker/app/build/intermediates/merged_res/release/color-v31_m3_ref_palette_dynamic_neutral_variant92.xml.flat
Compiling xml file /Users/enayat/.gradle/caches/8.12/transforms/2b2afb488a24cede502c0cd559a3315a/transformed/material-1.11.0/res/color-v31/m3_ref_palette_dynamic_neutral_variant24.xml to /Users/enayat/Documents/DeepEyeUnlocker/app/build/intermediates/merged_res/release/color-v31_m3_ref_palette_dynamic_neutral_variant24.xml.flat
Compiling xml file /Users/enayat/.gradle/caches/8.12/transforms/2b2afb488a24cede502c0cd559a3315a/transformed/material-1.11.0/res/color/m3_navigation_rail_item_with_indicator_icon_tint.xml to /Users/enayat/Documents/DeepEyeUnlocker/app/build/intermediates/merged_res/release/color_m3_navigation_rail_item_with_indicator_icon_tint.xml.flat
Compiling xml file /Users/enayat/Documents/DeepEyeUnlocker/app/src/main/res/drawable/terminal_bg.xml to /Users/enayat/Documents/DeepEyeUnlocker/app/build/intermediates/merged_res/release/drawable_terminal_bg.xml.flat
Compiling xml file /Users/enayat/.gradle/caches/8.12/transforms/2b2afb488a24cede502c0cd559a3315a/transformed/material-1.11.0/res/color/material_on_background_emphasis_high_type.xml to /Users/enayat/Documents/DeepEyeUnlocker/app/build/intermediates/merged_res/release/color_material_on_background_emphasis_high_type.xml.flat
Compiling xml file /Users/enayat/.gradle/caches/8.12/transforms/2b2afb488a24cede502c0cd559a3315a/transformed/material-1.11.0/res/color/mtrl_tabs_icon_color_selector_colored.xml to /Users/enayat/Documents/DeepEyeUnlocker/app/build/intermediates/merged_res/release/color_mtrl_tabs_icon_color_selector_colored.xml.flat
Compiling xml file /Users/enayat/.gradle/caches/8.12/transforms/2b2afb488a24cede502c0cd559a3315a/transformed/material-1.11.0/res/drawable/mtrl_ic_checkbox_checked.xml to /Users/enayat/Documents/DeepEyeUnlocker/app/build/intermediates/merged_res/release/drawable_mtrl_ic_checkbox_checked.xml.flat
Compiling xml file /Users/enayat/.gradle/caches/8.12/transforms/11129819c0b63eff25eeed666f4b1d00/transformed/appcompat-1.6.1/res/layout/abc_list_menu_item_icon.xml to /Users/enayat/Documents/DeepEyeUnlocker/app/build/intermediates/merged_res/release/layout_abc_list_menu_item_icon.xml.flat
Compiling xml file /Users/enayat/.gradle/caches/8.12/transforms/2b2afb488a24cede502c0cd559a3315a/transformed/material-1.11.0/res/color/mtrl_calendar_selected_range.xml to /Users/enayat/Documents/DeepEyeUnlocker/app/build/intermediates/merged_res/release/color_mtrl_calendar_selected_range.xml.flat
Compiling xml file /Users/enayat/.gradle/caches/8.12/transforms/11129819c0b63eff25eeed666f4b1d00/transformed/appcompat-1.6.1/res/color-v23/abc_tint_default.xml to /Users/enayat/Documents/DeepEyeUnlocker/app/build/intermediates/merged_res/release/color-v23_abc_tint_default.xml.flat
Compiling xml file /Users/enayat/.gradle/caches/8.12/transforms/2b2afb488a24cede502c0cd559a3315a/transformed/material-1.11.0/res/color/material_slider_inactive_track_color.xml to /Users/enayat/Documents/DeepEyeUnlocker/app/build/intermediates/merged_res/release/color_material_slider_inactive_track_color.xml.flat
Compiling xml file /Users/enayat/.gradle/caches/8.12/transforms/2b2afb488a24cede502c0cd559a3315a/transformed/material-1.11.0/res/layout/design_text_input_end_icon.xml to /Users/enayat/Documents/DeepEyeUnlocker/app/build/intermediates/merged_res/release/layout_design_text_input_end_icon.xml.flat
Compiling xml file /Users/enayat/.gradle/caches/8.12/transforms/2b2afb488a24cede502c0cd559a3315a/transformed/material-1.11.0/res/anim-v21/m3_bottom_sheet_slide_in.xml to /Users/enayat/Documents/DeepEyeUnlocker/app/build/intermediates/merged_res/release/anim-v21_m3_bottom_sheet_slide_in.xml.flat
Compiling xml file /Users/enayat/.gradle/caches/8.12/transforms/2b2afb488a24cede502c0cd559a3315a/transformed/material-1.11.0/res/layout/mtrl_search_view.xml to /Users/enayat/Documents/DeepEyeUnlocker/app/build/intermediates/merged_res/release/layout_mtrl_search_view.xml.flat
Compiling xml file /Users/enayat/.gradle/caches/8.12/transforms/2b2afb488a24cede502c0cd559a3315a/transformed/material-1.11.0/res/color/m3_chip_background_color.xml to /Users/enayat/Documents/DeepEyeUnlocker/app/build/intermediates/merged_res/release/color_m3_chip_background_color.xml.flat
Compiling xml file /Users/enayat/.gradle/caches/8.12/transforms/2b2afb488a24cede502c0cd559a3315a/transformed/material-1.11.0/res/drawable/design_ic_visibility.xml to /Users/enayat/Documents/DeepEyeUnlocker/app/build/intermediates/merged_res/release/drawable_design_ic_visibility.xml.flat
Compiling xml file /Users/enayat/.gradle/caches/8.12/transforms/2b2afb488a24cede502c0cd559a3315a/transformed/material-1.11.0/res/animator/design_fab_hide_motion_spec.xml to /Users/enayat/Documents/DeepEyeUnlocker/app/build/intermediates/merged_res/release/animator_design_fab_hide_motion_spec.xml.flat
Compiling xml file /Users/enayat/.gradle/caches/8.12/transforms/11129819c0b63eff25eeed666f4b1d00/transformed/appcompat-1.6.1/res/drawable/abc_list_selector_background_transition_holo_light.xml to /Users/enayat/Documents/DeepEyeUnlocker/app/build/intermediates/merged_res/release/drawable_abc_list_selector_background_transition_holo_light.xml.flat
Compiling xml file /Users/enayat/.gradle/caches/8.12/transforms/2b2afb488a24cede502c0cd559a3315a/transformed/material-1.11.0/res/drawable/m3_tabs_rounded_line_indicator.xml to /Users/enayat/Documents/DeepEyeUnlocker/app/build/intermediates/merged_res/release/drawable_m3_tabs_rounded_line_indicator.xml.flat
Compiling xml file /Users/enayat/.gradle/caches/8.12/transforms/11129819c0b63eff25eeed666f4b1d00/transformed/appcompat-1.6.1/res/drawable/btn_radio_off_mtrl.xml to /Users/enayat/Documents/DeepEyeUnlocker/app/build/intermediates/merged_res/release/drawable_btn_radio_off_mtrl.xml.flat
Compiling xml file /Users/enayat/.gradle/caches/8.12/transforms/11129819c0b63eff25eeed666f4b1d00/transformed/appcompat-1.6.1/res/drawable/test_level_drawable.xml to /Users/enayat/Documents/DeepEyeUnlocker/app/build/intermediates/merged_res/release/drawable_test_level_drawable.xml.flat
Compiling xml file /Users/enayat/.gradle/caches/8.12/transforms/2b2afb488a24cede502c0cd559a3315a/transformed/material-1.11.0/res/drawable/ic_m3_chip_check.xml to /Users/enayat/Documents/DeepEyeUnlocker/app/build/intermediates/merged_res/release/drawable_ic_m3_chip_check.xml.flat
Compiling xml file /Users/enayat/.gradle/caches/8.12/transforms/11129819c0b63eff25eeed666f4b1d00/transformed/appcompat-1.6.1/res/layout/abc_select_dialog_material.xml to /Users/enayat/Documents/DeepEyeUnlocker/app/build/intermediates/merged_res/release/layout_abc_select_dialog_material.xml.flat
Compiling xml file /Users/enayat/.gradle/caches/8.12/transforms/2b2afb488a24cede502c0cd559a3315a/transformed/material-1.11.0/res/anim-v21/m3_side_sheet_exit_to_left.xml to /Users/enayat/Documents/DeepEyeUnlocker/app/build/intermediates/merged_res/release/anim-v21_m3_side_sheet_exit_to_left.xml.flat
Compiling xml file /Users/enayat/.gradle/caches/8.12/transforms/2b2afb488a24cede502c0cd559a3315a/transformed/material-1.11.0/res/color/m3_dark_primary_text_disable_only.xml to /Users/enayat/Documents/DeepEyeUnlocker/app/build/intermediates/merged_res/release/color_m3_dark_primary_text_disable_only.xml.flat
Compiling xml file /Users/enayat/.gradle/caches/8.12/transforms/2b2afb488a24cede502c0cd559a3315a/transformed/material-1.11.0/res/color/m3_timepicker_secondary_text_button_ripple_color.xml to /Users/enayat/Documents/DeepEyeUnlocker/app/build/intermediates/merged_res/release/color_m3_timepicker_secondary_text_button_ripple_color.xml.flat
Compiling xml file /Users/enayat/.gradle/caches/8.12/transforms/11129819c0b63eff25eeed666f4b1d00/transformed/appcompat-1.6.1/res/layout/select_dialog_item_material.xml to /Users/enayat/Documents/DeepEyeUnlocker/app/build/intermediates/merged_res/release/layout_select_dialog_item_material.xml.flat
Compiling xml file /Users/enayat/.gradle/caches/8.12/transforms/11129819c0b63eff25eeed666f4b1d00/transformed/appcompat-1.6.1/res/drawable/abc_ic_ab_back_material.xml to /Users/enayat/Documents/DeepEyeUnlocker/app/build/intermediates/merged_res/release/drawable_abc_ic_ab_back_material.xml.flat
Compiling xml file /Users/enayat/.gradle/caches/8.12/transforms/2b2afb488a24cede502c0cd559a3315a/transformed/material-1.11.0/res/layout/design_layout_tab_icon.xml to /Users/enayat/Documents/DeepEyeUnlocker/app/build/intermediates/merged_res/release/layout_design_layout_tab_icon.xml.flat
Compiling xml file /Users/enayat/Documents/DeepEyeUnlocker/app/src/main/res/drawable/operation_btn_orange.xml to /Users/enayat/Documents/DeepEyeUnlocker/app/build/intermediates/merged_res/release/drawable_operation_btn_orange.xml.flat
Compiling xml file /Users/enayat/Documents/DeepEyeUnlocker/app/src/main/res/anim/pulse.xml to /Users/enayat/Documents/DeepEyeUnlocker/app/build/intermediates/merged_res/release/anim_pulse.xml.flat
Compiling xml file /Users/enayat/.gradle/caches/8.12/transforms/11129819c0b63eff25eeed666f4b1d00/transformed/appcompat-1.6.1/res/layout-v26/abc_screen_toolbar.xml to /Users/enayat/Documents/DeepEyeUnlocker/app/build/intermediates/merged_res/release/layout-v26_abc_screen_toolbar.xml.flat
Compiling xml file /Users/enayat/.gradle/caches/8.12/transforms/11129819c0b63eff25eeed666f4b1d00/transformed/appcompat-1.6.1/res/interpolator/btn_checkbox_checked_mtrl_animation_interpolator_0.xml to /Users/enayat/Documents/DeepEyeUnlocker/app/build/intermediates/merged_res/release/interpolator_btn_checkbox_checked_mtrl_animation_interpolator_0.xml.flat
Compiling xml file /Users/enayat/.gradle/caches/8.12/transforms/2b2afb488a24cede502c0cd559a3315a/transformed/material-1.11.0/res/drawable/mtrl_checkbox_button.xml to /Users/enayat/Documents/DeepEyeUnlocker/app/build/intermediates/merged_res/release/drawable_mtrl_checkbox_button.xml.flat
Compiling xml file /Users/enayat/.gradle/caches/8.12/transforms/2b2afb488a24cede502c0cd559a3315a/transformed/material-1.11.0/res/layout/material_timepicker_textinput_display.xml to /Users/enayat/Documents/DeepEyeUnlocker/app/build/intermediates/merged_res/release/layout_material_timepicker_textinput_display.xml.flat
Compiling xml file /Users/enayat/.gradle/caches/8.12/transforms/2b2afb488a24cede502c0cd559a3315a/transformed/material-1.11.0/res/layout/design_layout_snackbar.xml to /Users/enayat/Documents/DeepEyeUnlocker/app/build/intermediates/merged_res/release/layout_design_layout_snackbar.xml.flat
Compiling xml file /Users/enayat/.gradle/caches/8.12/transforms/f14a013919d4e98d26dad4159611a52d/transformed/core-1.13.1/res/drawable/notification_bg_low.xml to /Users/enayat/Documents/DeepEyeUnlocker/app/build/intermediates/merged_res/release/drawable_notification_bg_low.xml.flat
Compiling xml file /Users/enayat/.gradle/caches/8.12/transforms/2b2afb488a24cede502c0cd559a3315a/transformed/material-1.11.0/res/layout/design_layout_snackbar_include.xml to /Users/enayat/Documents/DeepEyeUnlocker/app/build/intermediates/merged_res/release/layout_design_layout_snackbar_include.xml.flat
Compiling xml file /Users/enayat/.gradle/caches/8.12/transforms/2b2afb488a24cede502c0cd559a3315a/transformed/material-1.11.0/res/color/m3_navigation_bar_item_with_indicator_icon_tint.xml to /Users/enayat/Documents/DeepEyeUnlocker/app/build/intermediates/merged_res/release/color_m3_navigation_bar_item_with_indicator_icon_tint.xml.flat
Compiling xml file /Users/enayat/.gradle/caches/8.12/transforms/2b2afb488a24cede502c0cd559a3315a/transformed/material-1.11.0/res/color/mtrl_navigation_item_text_color.xml to /Users/enayat/Documents/DeepEyeUnlocker/app/build/intermediates/merged_res/release/color_mtrl_navigation_item_text_color.xml.flat
Compiling xml file /Users/enayat/.gradle/caches/8.12/transforms/11129819c0b63eff25eeed666f4b1d00/transformed/appcompat-1.6.1/res/drawable/abc_seekbar_tick_mark_material.xml to /Users/enayat/Documents/DeepEyeUnlocker/app/build/intermediates/merged_res/release/drawable_abc_seekbar_tick_mark_material.xml.flat
Compiling xml file /Users/enayat/.gradle/caches/8.12/transforms/2b2afb488a24cede502c0cd559a3315a/transformed/material-1.11.0/res/color/mtrl_filled_stroke_color.xml to /Users/enayat/Documents/DeepEyeUnlocker/app/build/intermediates/merged_res/release/color_mtrl_filled_stroke_color.xml.flat
Compiling xml file /Users/enayat/.gradle/caches/8.12/transforms/11129819c0b63eff25eeed666f4b1d00/transformed/appcompat-1.6.1/res/color-v23/abc_tint_edittext.xml to /Users/enayat/Documents/DeepEyeUnlocker/app/build/intermediates/merged_res/release/color-v23_abc_tint_edittext.xml.flat
Compiling xml file /Users/enayat/.gradle/caches/8.12/transforms/2b2afb488a24cede502c0cd559a3315a/transformed/material-1.11.0/res/color-night-v8/material_timepicker_modebutton_tint.xml to /Users/enayat/Documents/DeepEyeUnlocker/app/build/intermediates/merged_res/release/color-night-v8_material_timepicker_modebutton_tint.xml.flat
Compiling xml file /Users/enayat/.gradle/caches/8.12/transforms/2b2afb488a24cede502c0cd559a3315a/transformed/material-1.11.0/res/color/mtrl_tabs_legacy_text_color_selector.xml to /Users/enayat/Documents/DeepEyeUnlocker/app/build/intermediates/merged_res/release/color_mtrl_tabs_legacy_text_color_selector.xml.flat
Compiling xml file /Users/enayat/.gradle/caches/8.12/transforms/2b2afb488a24cede502c0cd559a3315a/transformed/material-1.11.0/res/anim/design_snackbar_in.xml to /Users/enayat/Documents/DeepEyeUnlocker/app/build/intermediates/merged_res/release/anim_design_snackbar_in.xml.flat
Compiling xml file /Users/enayat/.gradle/caches/8.12/transforms/2b2afb488a24cede502c0cd559a3315a/transformed/material-1.11.0/res/layout/design_navigation_item_subheader.xml to /Users/enayat/Documents/DeepEyeUnlocker/app/build/intermediates/merged_res/release/layout_design_navigation_item_subheader.xml.flat
Compiling xml file /Users/enayat/.gradle/caches/8.12/transforms/11129819c0b63eff25eeed666f4b1d00/transformed/appcompat-1.6.1/res/layout/abc_search_view.xml to /Users/enayat/Documents/DeepEyeUnlocker/app/build/intermediates/merged_res/release/layout_abc_search_view.xml.flat
Compiling xml file /Users/enayat/.gradle/caches/8.12/transforms/2b2afb488a24cede502c0cd559a3315a/transformed/material-1.11.0/res/layout/mtrl_calendar_day_of_week.xml to /Users/enayat/Documents/DeepEyeUnlocker/app/build/intermediates/merged_res/release/layout_mtrl_calendar_day_of_week.xml.flat
Compiling xml file /Users/enayat/.gradle/caches/8.12/transforms/11129819c0b63eff25eeed666f4b1d00/transformed/appcompat-1.6.1/res/drawable/btn_radio_off_to_on_mtrl_animation.xml to /Users/enayat/Documents/DeepEyeUnlocker/app/build/intermediates/merged_res/release/drawable_btn_radio_off_to_on_mtrl_animation.xml.flat
Compiling xml file /Users/enayat/Documents/DeepEyeUnlocker/app/src/main/res/drawable/button_orange.xml to /Users/enayat/Documents/DeepEyeUnlocker/app/build/intermediates/merged_res/release/drawable_button_orange.xml.flat
Compiling xml file /Users/enayat/.gradle/caches/8.12/transforms/11129819c0b63eff25eeed666f4b1d00/transformed/appcompat-1.6.1/res/layout/abc_list_menu_item_checkbox.xml to /Users/enayat/Documents/DeepEyeUnlocker/app/build/intermediates/merged_res/release/layout_abc_list_menu_item_checkbox.xml.flat
Compiling xml file /Users/enayat/.gradle/caches/8.12/transforms/2b2afb488a24cede502c0cd559a3315a/transformed/material-1.11.0/res/layout/mtrl_picker_text_input_date_range.xml to /Users/enayat/Documents/DeepEyeUnlocker/app/build/intermediates/merged_res/release/layout_mtrl_picker_text_input_date_range.xml.flat
Compiling xml file /Users/enayat/.gradle/caches/8.12/transforms/2b2afb488a24cede502c0cd559a3315a/transformed/material-1.11.0/res/color-v31/m3_dynamic_default_color_secondary_text.xml to /Users/enayat/Documents/DeepEyeUnlocker/app/build/intermediates/merged_res/release/color-v31_m3_dynamic_default_color_secondary_text.xml.flat
Compiling xml file /Users/enayat/Documents/DeepEyeUnlocker/app/src/main/res/drawable/mode_tab_selected.xml to /Users/enayat/Documents/DeepEyeUnlocker/app/build/intermediates/merged_res/release/drawable_mode_tab_selected.xml.flat
Compiling xml file /Users/enayat/.gradle/caches/8.12/transforms/2b2afb488a24cede502c0cd559a3315a/transformed/material-1.11.0/res/color/m3_tabs_text_color.xml to /Users/enayat/Documents/DeepEyeUnlocker/app/build/intermediates/merged_res/release/color_m3_tabs_text_color.xml.flat
Compiling xml file /Users/enayat/Documents/DeepEyeUnlocker/app/src/main/res/xml/usb_device_filter.xml to /Users/enayat/Documents/DeepEyeUnlocker/app/build/intermediates/merged_res/release/xml_usb_device_filter.xml.flat
Compiling xml file /Users/enayat/.gradle/caches/8.12/transforms/2b2afb488a24cede502c0cd559a3315a/transformed/material-1.11.0/res/drawable/ic_arrow_back_black_24.xml to /Users/enayat/Documents/DeepEyeUnlocker/app/build/intermediates/merged_res/release/drawable_ic_arrow_back_black_24.xml.flat
Compiling xml file /Users/enayat/.gradle/caches/8.12/transforms/11129819c0b63eff25eeed666f4b1d00/transformed/appcompat-1.6.1/res/drawable/abc_switch_thumb_material.xml to /Users/enayat/Documents/DeepEyeUnlocker/app/build/intermediates/merged_res/release/drawable_abc_switch_thumb_material.xml.flat
Compiling xml file /Users/enayat/.gradle/caches/8.12/transforms/11129819c0b63eff25eeed666f4b1d00/transformed/appcompat-1.6.1/res/color/abc_primary_text_material_dark.xml to /Users/enayat/Documents/DeepEyeUnlocker/app/build/intermediates/merged_res/release/color_abc_primary_text_material_dark.xml.flat
Compiling xml file /Users/enayat/.gradle/caches/8.12/transforms/2b2afb488a24cede502c0cd559a3315a/transformed/material-1.11.0/res/drawable/mtrl_dialog_background.xml to /Users/enayat/Documents/DeepEyeUnlocker/app/build/intermediates/merged_res/release/drawable_mtrl_dialog_background.xml.flat
Compiling xml file /Users/enayat/.gradle/caches/8.12/transforms/11129819c0b63eff25eeed666f4b1d00/transformed/appcompat-1.6.1/res/color/abc_background_cache_hint_selector_material_dark.xml to /Users/enayat/Documents/DeepEyeUnlocker/app/build/intermediates/merged_res/release/color_abc_background_cache_hint_selector_material_dark.xml.flat
Compiling xml file /Users/enayat/Documents/DeepEyeUnlocker/app/src/main/res/mipmap-anydpi-v26/ic_launcher_round.xml to /Users/enayat/Documents/DeepEyeUnlocker/app/build/intermediates/merged_res/release/mipmap-anydpi-v26_ic_launcher_round.xml.flat
Compiling xml file /Users/enayat/.gradle/caches/8.12/transforms/2b2afb488a24cede502c0cd559a3315a/transformed/material-1.11.0/res/anim/mtrl_card_lowers_interpolator.xml to /Users/enayat/Documents/DeepEyeUnlocker/app/build/intermediates/merged_res/release/anim_mtrl_card_lowers_interpolator.xml.flat
Compiling xml file /Users/enayat/.gradle/caches/8.12/transforms/2b2afb488a24cede502c0cd559a3315a/transformed/material-1.11.0/res/color/material_personalized_hint_foreground_inverse.xml to /Users/enayat/Documents/DeepEyeUnlocker/app/build/intermediates/merged_res/release/color_material_personalized_hint_foreground_inverse.xml.flat
Compiling xml file /Users/enayat/.gradle/caches/8.12/transforms/2b2afb488a24cede502c0cd559a3315a/transformed/material-1.11.0/res/animator/m3_extended_fab_show_motion_spec.xml to /Users/enayat/Documents/DeepEyeUnlocker/app/build/intermediates/merged_res/release/animator_m3_extended_fab_show_motion_spec.xml.flat
Compiling xml file /Users/enayat/.gradle/caches/8.12/transforms/11129819c0b63eff25eeed666f4b1d00/transformed/appcompat-1.6.1/res/anim/btn_radio_to_off_mtrl_ring_outer_path_animation.xml to /Users/enayat/Documents/DeepEyeUnlocker/app/build/intermediates/merged_res/release/anim_btn_radio_to_off_mtrl_ring_outer_path_animation.xml.flat
Compiling xml file /Users/enayat/Documents/DeepEyeUnlocker/app/src/main/res/drawable/button_remote_bg.xml to /Users/enayat/Documents/DeepEyeUnlocker/app/build/intermediates/merged_res/release/drawable_button_remote_bg.xml.flat
Compiling xml file /Users/enayat/Documents/DeepEyeUnlocker/app/src/main/res/xml/file_paths.xml to /Users/enayat/Documents/DeepEyeUnlocker/app/build/intermediates/merged_res/release/xml_file_paths.xml.flat
Compiling xml file /Users/enayat/.gradle/caches/8.12/transforms/2b2afb488a24cede502c0cd559a3315a/transformed/material-1.11.0/res/drawable/mtrl_switch_thumb.xml to /Users/enayat/Documents/DeepEyeUnlocker/app/build/intermediates/merged_res/release/drawable_mtrl_switch_thumb.xml.flat
Compiling xml file /Users/enayat/.gradle/caches/8.12/transforms/f14a013919d4e98d26dad4159611a52d/transformed/core-1.13.1/res/drawable-anydpi-v21/ic_call_answer_video_low.xml to /Users/enayat/Documents/DeepEyeUnlocker/app/build/intermediates/merged_res/release/drawable-anydpi-v21_ic_call_answer_video_low.xml.flat
Compiling xml file /Users/enayat/.gradle/caches/8.12/transforms/11129819c0b63eff25eeed666f4b1d00/transformed/appcompat-1.6.1/res/anim/abc_slide_out_bottom.xml to /Users/enayat/Documents/DeepEyeUnlocker/app/build/intermediates/merged_res/release/anim_abc_slide_out_bottom.xml.flat
Compiling xml file /Users/enayat/.gradle/caches/8.12/transforms/2b2afb488a24cede502c0cd559a3315a/transformed/material-1.11.0/res/drawable/mtrl_checkbox_button_icon_checked_indeterminate.xml to /Users/enayat/Documents/DeepEyeUnlocker/app/build/intermediates/merged_res/release/drawable_mtrl_checkbox_button_icon_checked_indeterminate.xml.flat
Compiling xml file /Users/enayat/.gradle/caches/8.12/transforms/11129819c0b63eff25eeed666f4b1d00/transformed/appcompat-1.6.1/res/layout/abc_cascading_menu_item_layout.xml to /Users/enayat/Documents/DeepEyeUnlocker/app/build/intermediates/merged_res/release/layout_abc_cascading_menu_item_layout.xml.flat
Compiling xml file /Users/enayat/.gradle/caches/8.12/transforms/2b2afb488a24cede502c0cd559a3315a/transformed/material-1.11.0/res/color/material_timepicker_modebutton_tint.xml to /Users/enayat/Documents/DeepEyeUnlocker/app/build/intermediates/merged_res/release/color_material_timepicker_modebutton_tint.xml.flat
Compiling xml file /Users/enayat/.gradle/caches/8.12/transforms/2b2afb488a24cede502c0cd559a3315a/transformed/material-1.11.0/res/animator/mtrl_fab_transformation_sheet_collapse_spec.xml to /Users/enayat/Documents/DeepEyeUnlocker/app/build/intermediates/merged_res/release/animator_mtrl_fab_transformation_sheet_collapse_spec.xml.flat

Resolve mutations for :app:extractReleaseNativeSymbolTables (Thread[Execution worker,5,main]) started.
:app:extractReleaseNativeSymbolTables (Thread[Execution worker,5,main]) started.
Resolve mutations for :app:packageReleaseResources (Thread[included builds,5,main]) started.
:app:packageReleaseResources (Thread[included builds,5,main]) started.

> Task :app:packageReleaseResources
Caching disabled for task ':app:packageReleaseResources' because:
  Build cache is disabled
Task ':app:packageReleaseResources' is not up-to-date because:
  Executed with '--rerun-tasks'.
The input changes require a full rebuild for incremental task ':app:packageReleaseResources'.
[MergeResources] Inputs are non-incremental full task action.
Resolve mutations for :app:parseReleaseLocalResources (Thread[included builds,5,main]) started.
:app:parseReleaseLocalResources (Thread[included builds,5,main]) started.
Resolve mutations for :app:createReleaseCompatibleScreenManifests (Thread[Execution worker Thread 3,5,main]) started.
:app:createReleaseCompatibleScreenManifests (Thread[Execution worker Thread 3,5,main]) started.

> Task :app:createReleaseCompatibleScreenManifests
Caching disabled for task ':app:createReleaseCompatibleScreenManifests' because:
  Build cache is disabled
  Caching has been disabled for the task
Task ':app:createReleaseCompatibleScreenManifests' is not up-to-date because:
  Executed with '--rerun-tasks'.
Resolve mutations for :app:extractDeepLinksRelease (Thread[Execution worker Thread 3,5,main]) started.
:app:extractDeepLinksRelease (Thread[Execution worker Thread 3,5,main]) started.

> Task :app:extractDeepLinksRelease
Caching disabled for task ':app:extractDeepLinksRelease' because:
  Build cache is disabled
Task ':app:extractDeepLinksRelease' is not up-to-date because:
  Executed with '--rerun-tasks'.
Resolve mutations for :app:processReleaseMainManifest (Thread[Execution worker Thread 3,5,main]) started.
:app:processReleaseMainManifest (Thread[Execution worker Thread 3,5,main]) started.

> Task :app:mergeReleaseResources
Compiling xml file /Users/enayat/.gradle/caches/8.12/transforms/11129819c0b63eff25eeed666f4b1d00/transformed/appcompat-1.6.1/res/drawable-v21/abc_action_bar_item_background_material.xml to /Users/enayat/Documents/DeepEyeUnlocker/app/build/intermediates/merged_res/release/drawable-v21_abc_action_bar_item_background_material.xml.flat
Compiling xml file /Users/enayat/.gradle/caches/8.12/transforms/2b2afb488a24cede502c0cd559a3315a/transformed/material-1.11.0/res/color/m3_chip_text_color.xml to /Users/enayat/Documents/DeepEyeUnlocker/app/build/intermediates/merged_res/release/color_m3_chip_text_color.xml.flat
Compiling xml file /Users/enayat/.gradle/caches/8.12/transforms/f14a013919d4e98d26dad4159611a52d/transformed/core-1.13.1/res/layout-v21/notification_action_tombstone.xml to /Users/enayat/Documents/DeepEyeUnlocker/app/build/intermediates/merged_res/release/layout-v21_notification_action_tombstone.xml.flat
Compiling xml file /Users/enayat/.gradle/caches/8.12/transforms/2b2afb488a24cede502c0cd559a3315a/transformed/material-1.11.0/res/drawable/mtrl_switch_thumb_pressed_checked.xml to /Users/enayat/Documents/DeepEyeUnlocker/app/build/intermediates/merged_res/release/drawable_mtrl_switch_thumb_pressed_checked.xml.flat
Compiling xml file /Users/enayat/.gradle/caches/8.12/transforms/11129819c0b63eff25eeed666f4b1d00/transformed/appcompat-1.6.1/res/layout/abc_screen_content_include.xml to /Users/enayat/Documents/DeepEyeUnlocker/app/build/intermediates/merged_res/release/layout_abc_screen_content_include.xml.flat
Compiling xml file /Users/enayat/.gradle/caches/8.12/transforms/2b2afb488a24cede502c0cd559a3315a/transformed/material-1.11.0/res/color/mtrl_navigation_item_icon_tint.xml to /Users/enayat/Documents/DeepEyeUnlocker/app/build/intermediates/merged_res/release/color_mtrl_navigation_item_icon_tint.xml.flat
Compiling xml file /Users/enayat/.gradle/caches/8.12/transforms/11129819c0b63eff25eeed666f4b1d00/transformed/appcompat-1.6.1/res/drawable/abc_ratingbar_small_material.xml to /Users/enayat/Documents/DeepEyeUnlocker/app/build/intermediates/merged_res/release/drawable_abc_ratingbar_small_material.xml.flat
Compiling xml file /Users/enayat/.gradle/caches/8.12/transforms/11129819c0b63eff25eeed666f4b1d00/transformed/appcompat-1.6.1/res/layout/abc_list_menu_item_radio.xml to /Users/enayat/Documents/DeepEyeUnlocker/app/build/intermediates/merged_res/release/layout_abc_list_menu_item_radio.xml.flat
Compiling xml file /Users/enayat/Documents/DeepEyeUnlocker/app/src/main/res/drawable/glass_card.xml to /Users/enayat/Documents/DeepEyeUnlocker/app/build/intermediates/merged_res/release/drawable_glass_card.xml.flat
Compiling xml file /Users/enayat/.gradle/caches/8.12/transforms/2b2afb488a24cede502c0cd559a3315a/transformed/material-1.11.0/res/layout/m3_auto_complete_simple_item.xml to /Users/enayat/Documents/DeepEyeUnlocker/app/build/intermediates/merged_res/release/layout_m3_auto_complete_simple_item.xml.flat
Compiling xml file /Users/enayat/.gradle/caches/8.12/transforms/2b2afb488a24cede502c0cd559a3315a/transformed/material-1.11.0/res/color/mtrl_switch_track_decoration_tint.xml to /Users/enayat/Documents/DeepEyeUnlocker/app/build/intermediates/merged_res/release/color_mtrl_switch_track_decoration_tint.xml.flat
Compiling xml file /Users/enayat/.gradle/caches/8.12/transforms/2b2afb488a24cede502c0cd559a3315a/transformed/material-1.11.0/res/color/mtrl_btn_stroke_color_selector.xml to /Users/enayat/Documents/DeepEyeUnlocker/app/build/intermediates/merged_res/release/color_mtrl_btn_stroke_color_selector.xml.flat
Compiling xml file /Users/enayat/.gradle/caches/8.12/transforms/2b2afb488a24cede502c0cd559a3315a/transformed/material-1.11.0/res/color/mtrl_btn_text_btn_ripple_color.xml to /Users/enayat/Documents/DeepEyeUnlocker/app/build/intermediates/merged_res/release/color_mtrl_btn_text_btn_ripple_color.xml.flat
Compiling xml file /Users/enayat/.gradle/caches/8.12/transforms/2b2afb488a24cede502c0cd559a3315a/transformed/material-1.11.0/res/color-v31/m3_ref_palette_dynamic_neutral94.xml to /Users/enayat/Documents/DeepEyeUnlocker/app/build/intermediates/merged_res/release/color-v31_m3_ref_palette_dynamic_neutral94.xml.flat
Compiling xml file /Users/enayat/.gradle/caches/8.12/transforms/2b2afb488a24cede502c0cd559a3315a/transformed/material-1.11.0/res/drawable/m3_avd_show_password.xml to /Users/enayat/Documents/DeepEyeUnlocker/app/build/intermediates/merged_res/release/drawable_m3_avd_show_password.xml.flat
Compiling xml file /Users/enayat/.gradle/caches/8.12/transforms/2b2afb488a24cede502c0cd559a3315a/transformed/material-1.11.0/res/layout-land/material_timepicker.xml to /Users/enayat/Documents/DeepEyeUnlocker/app/build/intermediates/merged_res/release/layout-land_material_timepicker.xml.flat
Compiling xml file /Users/enayat/.gradle/caches/8.12/transforms/f14a013919d4e98d26dad4159611a52d/transformed/core-1.13.1/res/layout/ime_base_split_test_activity.xml to /Users/enayat/Documents/DeepEyeUnlocker/app/build/intermediates/merged_res/release/layout_ime_base_split_test_activity.xml.flat
Compiling xml file /Users/enayat/.gradle/caches/8.12/transforms/11129819c0b63eff25eeed666f4b1d00/transformed/appcompat-1.6.1/res/anim/btn_checkbox_to_checked_box_outer_merged_animation.xml to /Users/enayat/Documents/DeepEyeUnlocker/app/build/intermediates/merged_res/release/anim_btn_checkbox_to_checked_box_outer_merged_animation.xml.flat
Compiling xml file /Users/enayat/.gradle/caches/8.12/transforms/2b2afb488a24cede502c0cd559a3315a/transformed/material-1.11.0/res/color-v31/m3_ref_palette_dynamic_neutral12.xml to /Users/enayat/Documents/DeepEyeUnlocker/app/build/intermediates/merged_res/release/color-v31_m3_ref_palette_dynamic_neutral12.xml.flat
Compiling xml file /Users/enayat/.gradle/caches/8.12/transforms/2b2afb488a24cede502c0cd559a3315a/transformed/material-1.11.0/res/drawable/avd_show_password.xml to /Users/enayat/Documents/DeepEyeUnlocker/app/build/intermediates/merged_res/release/drawable_avd_show_password.xml.flat
Compiling xml file /Users/enayat/.gradle/caches/8.12/transforms/2b2afb488a24cede502c0cd559a3315a/transformed/material-1.11.0/res/color/mtrl_calendar_item_stroke_color.xml to /Users/enayat/Documents/DeepEyeUnlocker/app/build/intermediates/merged_res/release/color_mtrl_calendar_item_stroke_color.xml.flat
Compiling xml file /Users/enayat/.gradle/caches/8.12/transforms/2b2afb488a24cede502c0cd559a3315a/transformed/material-1.11.0/res/color-v31/m3_dynamic_dark_default_color_secondary_text.xml to /Users/enayat/Documents/DeepEyeUnlocker/app/build/intermediates/merged_res/release/color-v31_m3_dynamic_dark_default_color_secondary_text.xml.flat
Compiling xml file /Users/enayat/.gradle/caches/8.12/transforms/2b2afb488a24cede502c0cd559a3315a/transformed/material-1.11.0/res/layout/material_timepicker_dialog.xml to /Users/enayat/Documents/DeepEyeUnlocker/app/build/intermediates/merged_res/release/layout_material_timepicker_dialog.xml.flat
Compiling xml file /Users/enayat/.gradle/caches/8.12/transforms/2b2afb488a24cede502c0cd559a3315a/transformed/material-1.11.0/res/animator/mtrl_extended_fab_show_motion_spec.xml to /Users/enayat/Documents/DeepEyeUnlocker/app/build/intermediates/merged_res/release/animator_mtrl_extended_fab_show_motion_spec.xml.flat
Compiling xml file /Users/enayat/.gradle/caches/8.12/transforms/f14a013919d4e98d26dad4159611a52d/transformed/core-1.13.1/res/drawable-anydpi-v21/ic_call_answer_low.xml to /Users/enayat/Documents/DeepEyeUnlocker/app/build/intermediates/merged_res/release/drawable-anydpi-v21_ic_call_answer_low.xml.flat
Compiling xml file /Users/enayat/Documents/DeepEyeUnlocker/app/src/main/res/drawable/chip_badge.xml to /Users/enayat/Documents/DeepEyeUnlocker/app/build/intermediates/merged_res/release/drawable_chip_badge.xml.flat
Compiling xml file /Users/enayat/.gradle/caches/8.12/transforms/2b2afb488a24cede502c0cd559a3315a/transformed/material-1.11.0/res/layout/m3_alert_dialog_actions.xml to /Users/enayat/Documents/DeepEyeUnlocker/app/build/intermediates/merged_res/release/layout_m3_alert_dialog_actions.xml.flat
Compiling xml file /Users/enayat/.gradle/caches/8.12/transforms/11129819c0b63eff25eeed666f4b1d00/transformed/appcompat-1.6.1/res/anim/abc_fade_out.xml to /Users/enayat/Documents/DeepEyeUnlocker/app/build/intermediates/merged_res/release/anim_abc_fade_out.xml.flat
Compiling xml file /Users/enayat/.gradle/caches/8.12/transforms/2b2afb488a24cede502c0cd559a3315a/transformed/material-1.11.0/res/animator/mtrl_fab_transformation_sheet_expand_spec.xml to /Users/enayat/Documents/DeepEyeUnlocker/app/build/intermediates/merged_res/release/animator_mtrl_fab_transformation_sheet_expand_spec.xml.flat
Compiling xml file /Users/enayat/.gradle/caches/8.12/transforms/2b2afb488a24cede502c0cd559a3315a/transformed/material-1.11.0/res/color/m3_textfield_stroke_color.xml to /Users/enayat/Documents/DeepEyeUnlocker/app/build/intermediates/merged_res/release/color_m3_textfield_stroke_color.xml.flat
Compiling xml file /Users/enayat/.gradle/caches/8.12/transforms/2b2afb488a24cede502c0cd559a3315a/transformed/material-1.11.0/res/color/mtrl_card_view_foreground.xml to /Users/enayat/Documents/DeepEyeUnlocker/app/build/intermediates/merged_res/release/color_mtrl_card_view_foreground.xml.flat
Compiling xml file /Users/enayat/.gradle/caches/8.12/transforms/2b2afb488a24cede502c0cd559a3315a/transformed/material-1.11.0/res/color/material_on_surface_stroke.xml to /Users/enayat/Documents/DeepEyeUnlocker/app/build/intermediates/merged_res/release/color_material_on_surface_stroke.xml.flat
Compiling xml file /Users/enayat/.gradle/caches/8.12/transforms/2b2afb488a24cede502c0cd559a3315a/transformed/material-1.11.0/res/drawable/mtrl_switch_thumb_checked.xml to /Users/enayat/Documents/DeepEyeUnlocker/app/build/intermediates/merged_res/release/drawable_mtrl_switch_thumb_checked.xml.flat
Compiling xml file /Users/enayat/.gradle/caches/8.12/transforms/2b2afb488a24cede502c0cd559a3315a/transformed/material-1.11.0/res/animator/mtrl_btn_unelevated_state_list_anim.xml to /Users/enayat/Documents/DeepEyeUnlocker/app/build/intermediates/merged_res/release/animator_mtrl_btn_unelevated_state_list_anim.xml.flat
Compiling xml file /Users/enayat/.gradle/caches/8.12/transforms/2b2afb488a24cede502c0cd559a3315a/transformed/material-1.11.0/res/color/m3_switch_track_tint.xml to /Users/enayat/Documents/DeepEyeUnlocker/app/build/intermediates/merged_res/release/color_m3_switch_track_tint.xml.flat
Compiling xml file /Users/enayat/.gradle/caches/8.12/transforms/2b2afb488a24cede502c0cd559a3315a/transformed/material-1.11.0/res/color/m3_dark_hint_foreground.xml to /Users/enayat/Documents/DeepEyeUnlocker/app/build/intermediates/merged_res/release/color_m3_dark_hint_foreground.xml.flat
Compiling xml file /Users/enayat/.gradle/caches/8.12/transforms/11129819c0b63eff25eeed666f4b1d00/transformed/appcompat-1.6.1/res/anim/abc_popup_enter.xml to /Users/enayat/Documents/DeepEyeUnlocker/app/build/intermediates/merged_res/release/anim_abc_popup_enter.xml.flat
Compiling xml file /Users/enayat/.gradle/caches/8.12/transforms/2b2afb488a24cede502c0cd559a3315a/transformed/material-1.11.0/res/color/m3_primary_text_disable_only.xml to /Users/enayat/Documents/DeepEyeUnlocker/app/build/intermediates/merged_res/release/color_m3_primary_text_disable_only.xml.flat
Compiling xml file /Users/enayat/.gradle/caches/8.12/transforms/2b2afb488a24cede502c0cd559a3315a/transformed/material-1.11.0/res/color/m3_fab_ripple_color_selector.xml to /Users/enayat/Documents/DeepEyeUnlocker/app/build/intermediates/merged_res/release/color_m3_fab_ripple_color_selector.xml.flat
Compiling xml file /Users/enayat/.gradle/caches/8.12/transforms/11129819c0b63eff25eeed666f4b1d00/transformed/appcompat-1.6.1/res/drawable/abc_ic_menu_copy_mtrl_am_alpha.xml to /Users/enayat/Documents/DeepEyeUnlocker/app/build/intermediates/merged_res/release/drawable_abc_ic_menu_copy_mtrl_am_alpha.xml.flat
Compiling xml file /Users/enayat/.gradle/caches/8.12/transforms/2b2afb488a24cede502c0cd559a3315a/transformed/material-1.11.0/res/animator/m3_extended_fab_change_size_collapse_motion_spec.xml to /Users/enayat/Documents/DeepEyeUnlocker/app/build/intermediates/merged_res/release/animator_m3_extended_fab_change_size_collapse_motion_spec.xml.flat
Compiling xml file /Users/enayat/.gradle/caches/8.12/transforms/2b2afb488a24cede502c0cd559a3315a/transformed/material-1.11.0/res/drawable/mtrl_ic_checkbox_unchecked.xml to /Users/enayat/Documents/DeepEyeUnlocker/app/build/intermediates/merged_res/release/drawable_mtrl_ic_checkbox_unchecked.xml.flat
Compiling xml file /Users/enayat/.gradle/caches/8.12/transforms/2b2afb488a24cede502c0cd559a3315a/transformed/material-1.11.0/res/layout/mtrl_picker_header_title_text.xml to /Users/enayat/Documents/DeepEyeUnlocker/app/build/intermediates/merged_res/release/layout_mtrl_picker_header_title_text.xml.flat
Compiling xml file /Users/enayat/.gradle/caches/8.12/transforms/11129819c0b63eff25eeed666f4b1d00/transformed/appcompat-1.6.1/res/anim/btn_checkbox_to_checked_icon_null_animation.xml to /Users/enayat/Documents/DeepEyeUnlocker/app/build/intermediates/merged_res/release/anim_btn_checkbox_to_checked_icon_null_animation.xml.flat
Compiling xml file /Users/enayat/.gradle/caches/8.12/transforms/2b2afb488a24cede502c0cd559a3315a/transformed/material-1.11.0/res/color/mtrl_text_btn_text_color_selector.xml to /Users/enayat/Documents/DeepEyeUnlocker/app/build/intermediates/merged_res/release/color_mtrl_text_btn_text_color_selector.xml.flat
Compiling xml file /Users/enayat/.gradle/caches/8.12/transforms/2b2afb488a24cede502c0cd559a3315a/transformed/material-1.11.0/res/color/m3_checkbox_button_tint.xml to /Users/enayat/Documents/DeepEyeUnlocker/app/build/intermediates/merged_res/release/color_m3_checkbox_button_tint.xml.flat
Compiling xml file /Users/enayat/.gradle/caches/8.12/transforms/2b2afb488a24cede502c0cd559a3315a/transformed/material-1.11.0/res/layout/material_chip_input_combo.xml to /Users/enayat/Documents/DeepEyeUnlocker/app/build/intermediates/merged_res/release/layout_material_chip_input_combo.xml.flat
Compiling xml file /Users/enayat/.gradle/caches/8.12/transforms/2b2afb488a24cede502c0cd559a3315a/transformed/material-1.11.0/res/color/mtrl_btn_bg_color_selector.xml to /Users/enayat/Documents/DeepEyeUnlocker/app/build/intermediates/merged_res/release/color_mtrl_btn_bg_color_selector.xml.flat
Compiling xml file /Users/enayat/.gradle/caches/8.12/transforms/2b2afb488a24cede502c0cd559a3315a/transformed/material-1.11.0/res/color/mtrl_on_primary_text_btn_text_color_selector.xml to /Users/enayat/Documents/DeepEyeUnlocker/app/build/intermediates/merged_res/release/color_mtrl_on_primary_text_btn_text_color_selector.xml.flat
Compiling xml file /Users/enayat/.gradle/caches/8.12/transforms/f14a013919d4e98d26dad4159611a52d/transformed/core-1.13.1/res/layout-v21/notification_action.xml to /Users/enayat/Documents/DeepEyeUnlocker/app/build/intermediates/merged_res/release/layout-v21_notification_action.xml.flat
Compiling xml file /Users/enayat/.gradle/caches/8.12/transforms/2b2afb488a24cede502c0cd559a3315a/transformed/material-1.11.0/res/color/m3_hint_foreground.xml to /Users/enayat/Documents/DeepEyeUnlocker/app/build/intermediates/merged_res/release/color_m3_hint_foreground.xml.flat
Compiling xml file /Users/enayat/.gradle/caches/8.12/transforms/11129819c0b63eff25eeed666f4b1d00/transformed/appcompat-1.6.1/res/layout/abc_activity_chooser_view_list_item.xml to /Users/enayat/Documents/DeepEyeUnlocker/app/build/intermediates/merged_res/release/layout_abc_activity_chooser_view_list_item.xml.flat
Compiling xml file /Users/enayat/.gradle/caches/8.12/transforms/11129819c0b63eff25eeed666f4b1d00/transformed/appcompat-1.6.1/res/drawable/abc_item_background_holo_light.xml to /Users/enayat/Documents/DeepEyeUnlocker/app/build/intermediates/merged_res/release/drawable_abc_item_background_holo_light.xml.flat
Compiling xml file /Users/enayat/.gradle/caches/8.12/transforms/2b2afb488a24cede502c0cd559a3315a/transformed/material-1.11.0/res/layout/design_navigation_menu_item.xml to /Users/enayat/Documents/DeepEyeUnlocker/app/build/intermediates/merged_res/release/layout_design_navigation_menu_item.xml.flat

> Task :app:parseReleaseLocalResources
Caching disabled for task ':app:parseReleaseLocalResources' because:
  Build cache is disabled
Task ':app:parseReleaseLocalResources' is not up-to-date because:
  Executed with '--rerun-tasks'.
The input changes require a full rebuild for incremental task ':app:parseReleaseLocalResources'.

> Task :app:extractReleaseNativeSymbolTables
Caching disabled for task ':app:extractReleaseNativeSymbolTables' because:
  Build cache is disabled
Task ':app:extractReleaseNativeSymbolTables' is not up-to-date because:
  Executed with '--rerun-tasks'.
C/C++: android.ndkVersion from module build.gradle is [25.1.8937393]
C/C++: android.ndkPath from module build.gradle is not set
C/C++: ndk.dir in local.properties is not set
C/C++: Not considering ANDROID_NDK_HOME because support was removed after deprecation period.
C/C++: sdkFolder is /usr/local/share/android-commandlinetools
Unable to extract native debug metadata from /Users/enayat/Documents/DeepEyeUnlocker/app/build/intermediates/merged_native_libs/release/out/lib/armeabi-v7a/libandroidx.graphics.path.so because the native debug metadata has already been stripped.
Unable to extract native debug metadata from /Users/enayat/Documents/DeepEyeUnlocker/app/build/intermediates/merged_native_libs/release/out/lib/x86/libandroidx.graphics.path.so because the native debug metadata has already been stripped.
Unable to extract native debug metadata from /Users/enayat/Documents/DeepEyeUnlocker/app/build/intermediates/merged_native_libs/release/out/lib/arm64-v8a/libandroidx.graphics.path.so because the native debug metadata has already been stripped.
Unable to extract native debug metadata from /Users/enayat/Documents/DeepEyeUnlocker/app/build/intermediates/merged_native_libs/release/out/lib/x86_64/libandroidx.graphics.path.so because the native debug metadata has already been stripped.
Starting process 'command '/usr/local/share/android-commandlinetools/ndk/25.1.8937393/toolchains/llvm/prebuilt/darwin-x86_64/bin/llvm-objcopy''. Working directory: /Users/enayat/Documents/DeepEyeUnlocker Command: /usr/local/share/android-commandlinetools/ndk/25.1.8937393/toolchains/llvm/prebuilt/darwin-x86_64/bin/llvm-objcopy --strip-debug /Users/enayat/Documents/DeepEyeUnlocker/app/build/intermediates/merged_native_libs/release/out/lib/armeabi-v7a/libdeepeye_core.so /Users/enayat/Documents/DeepEyeUnlocker/app/build/intermediates/native_symbol_tables/release/out/armeabi-v7a/libdeepeye_core.so.sym
Starting process 'command '/usr/local/share/android-commandlinetools/ndk/25.1.8937393/toolchains/llvm/prebuilt/darwin-x86_64/bin/llvm-objcopy''. Working directory: /Users/enayat/Documents/DeepEyeUnlocker Command: /usr/local/share/android-commandlinetools/ndk/25.1.8937393/toolchains/llvm/prebuilt/darwin-x86_64/bin/llvm-objcopy --strip-debug /Users/enayat/Documents/DeepEyeUnlocker/app/build/intermediates/merged_native_libs/release/out/lib/arm64-v8a/libc++_shared.so /Users/enayat/Documents/DeepEyeUnlocker/app/build/intermediates/native_symbol_tables/release/out/arm64-v8a/libc++_shared.so.sym
Successfully started process 'command '/usr/local/share/android-commandlinetools/ndk/25.1.8937393/toolchains/llvm/prebuilt/darwin-x86_64/bin/llvm-objcopy''
Starting process 'command '/usr/local/share/android-commandlinetools/ndk/25.1.8937393/toolchains/llvm/prebuilt/darwin-x86_64/bin/llvm-objcopy''. Working directory: /Users/enayat/Documents/DeepEyeUnlocker Command: /usr/local/share/android-commandlinetools/ndk/25.1.8937393/toolchains/llvm/prebuilt/darwin-x86_64/bin/llvm-objcopy --strip-debug /Users/enayat/Documents/DeepEyeUnlocker/app/build/intermediates/merged_native_libs/release/out/lib/arm64-v8a/libdeepeye_core.so /Users/enayat/Documents/DeepEyeUnlocker/app/build/intermediates/native_symbol_tables/release/out/arm64-v8a/libdeepeye_core.so.sym
Starting process 'command '/usr/local/share/android-commandlinetools/ndk/25.1.8937393/toolchains/llvm/prebuilt/darwin-x86_64/bin/llvm-objcopy''. Working directory: /Users/enayat/Documents/DeepEyeUnlocker Command: /usr/local/share/android-commandlinetools/ndk/25.1.8937393/toolchains/llvm/prebuilt/darwin-x86_64/bin/llvm-objcopy --strip-debug /Users/enayat/Documents/DeepEyeUnlocker/app/build/intermediates/merged_native_libs/release/out/lib/armeabi-v7a/libc++_shared.so /Users/enayat/Documents/DeepEyeUnlocker/app/build/intermediates/native_symbol_tables/release/out/armeabi-v7a/libc++_shared.so.sym
Successfully started process 'command '/usr/local/share/android-commandlinetools/ndk/25.1.8937393/toolchains/llvm/prebuilt/darwin-x86_64/bin/llvm-objcopy''
Starting process 'command '/usr/local/share/android-commandlinetools/ndk/25.1.8937393/toolchains/llvm/prebuilt/darwin-x86_64/bin/llvm-objcopy''. Working directory: /Users/enayat/Documents/DeepEyeUnlocker Command: /usr/local/share/android-commandlinetools/ndk/25.1.8937393/toolchains/llvm/prebuilt/darwin-x86_64/bin/llvm-objcopy --strip-debug /Users/enayat/Documents/DeepEyeUnlocker/app/build/intermediates/merged_native_libs/release/out/lib/x86_64/libdeepeye_core.so /Users/enayat/Documents/DeepEyeUnlocker/app/build/intermediates/native_symbol_tables/release/out/x86_64/libdeepeye_core.so.sym
Successfully started process 'command '/usr/local/share/android-commandlinetools/ndk/25.1.8937393/toolchains/llvm/prebuilt/darwin-x86_64/bin/llvm-objcopy''
Successfully started process 'command '/usr/local/share/android-commandlinetools/ndk/25.1.8937393/toolchains/llvm/prebuilt/darwin-x86_64/bin/llvm-objcopy''
Starting process 'command '/usr/local/share/android-commandlinetools/ndk/25.1.8937393/toolchains/llvm/prebuilt/darwin-x86_64/bin/llvm-objcopy''. Working directory: /Users/enayat/Documents/DeepEyeUnlocker Command: /usr/local/share/android-commandlinetools/ndk/25.1.8937393/toolchains/llvm/prebuilt/darwin-x86_64/bin/llvm-objcopy --strip-debug /Users/enayat/Documents/DeepEyeUnlocker/app/build/intermediates/merged_native_libs/release/out/lib/x86_64/libc++_shared.so /Users/enayat/Documents/DeepEyeUnlocker/app/build/intermediates/native_symbol_tables/release/out/x86_64/libc++_shared.so.sym
Successfully started process 'command '/usr/local/share/android-commandlinetools/ndk/25.1.8937393/toolchains/llvm/prebuilt/darwin-x86_64/bin/llvm-objcopy''
Successfully started process 'command '/usr/local/share/android-commandlinetools/ndk/25.1.8937393/toolchains/llvm/prebuilt/darwin-x86_64/bin/llvm-objcopy''

> Task :app:processReleaseMainManifest
Caching disabled for task ':app:processReleaseMainManifest' because:
  Build cache is disabled
Task ':app:processReleaseMainManifest' is not up-to-date because:
  Executed with '--rerun-tasks'.
Loading library manifest /Users/enayat/.gradle/caches/8.12/transforms/f84787fca82782f00f0513637d28a9d1/transformed/jetified-material3-release/AndroidManifest.xml
Loading library manifest /Users/enayat/.gradle/caches/8.12/transforms/2b2afb488a24cede502c0cd559a3315a/transformed/material-1.11.0/AndroidManifest.xml
Loading library manifest /Users/enayat/.gradle/caches/8.12/transforms/1a45e540b9a2bd034aae41b67a88fb73/transformed/jetified-appcompat-resources-1.6.1/AndroidManifest.xml
Loading library manifest /Users/enayat/.gradle/caches/8.12/transforms/24aa50a4418f6ebd2d43a01ba47d03d1/transformed/constraintlayout-2.0.1/AndroidManifest.xml
Loading library manifest /Users/enayat/.gradle/caches/8.12/transforms/11129819c0b63eff25eeed666f4b1d00/transformed/appcompat-1.6.1/AndroidManifest.xml
Loading library manifest /Users/enayat/.gradle/caches/8.12/transforms/48a1dc9b22158d45c8a0b71f33c42b2f/transformed/jetified-hilt-navigation-compose-1.2.0/AndroidManifest.xml
Loading library manifest /Users/enayat/.gradle/caches/8.12/transforms/928c8f02c7f6932d338db5a64e8bc1fb/transformed/jetified-hilt-navigation-1.2.0/AndroidManifest.xml
Loading library manifest /Users/enayat/.gradle/caches/8.12/transforms/e6aa84cc1b14837b7fbe7e3dc8fd9ea1/transformed/jetified-hilt-android-2.51.1/AndroidManifest.xml
Loading library manifest /Users/enayat/.gradle/caches/8.12/transforms/7276caa9cbf67f61c9a6987567fca2e2/transformed/recyclerview-1.3.2/AndroidManifest.xml
Loading library manifest /Users/enayat/.gradle/caches/8.12/transforms/1d4fb14f59fef5b6b9e5b66cf6aeaa37/transformed/jetified-viewpager2-1.1.0-beta02/AndroidManifest.xml
Loading library manifest /Users/enayat/.gradle/caches/8.12/transforms/15e98729dcd3abef3bbdc67a47915447/transformed/fragment-1.5.1/AndroidManifest.xml
Loading library manifest /Users/enayat/.gradle/caches/8.12/transforms/2a538ee8ed513fa733c6080d00e26f14/transformed/jetified-activity-1.8.2/AndroidManifest.xml
Loading library manifest /Users/enayat/.gradle/caches/8.12/transforms/364422fcaea00ab78a5961944625b408/transformed/jetified-navigation-compose-2.5.1/AndroidManifest.xml
Loading library manifest /Users/enayat/.gradle/caches/8.12/transforms/564e18d7dcd468073c3031374215d101/transformed/navigation-runtime-ktx-2.5.1/AndroidManifest.xml
Loading library manifest /Users/enayat/.gradle/caches/8.12/transforms/6506187c2123f85e072b4e39f3a8c68f/transformed/navigation-runtime-2.5.1/AndroidManifest.xml
Loading library manifest /Users/enayat/.gradle/caches/8.12/transforms/764b516886267585bd1e5b0fb38f0993/transformed/jetified-haze-release/AndroidManifest.xml
Loading library manifest /Users/enayat/.gradle/caches/8.12/transforms/9c6554627c3755267a700e5e0bc72f13/transformed/jetified-material-icons-extended-release/AndroidManifest.xml
Loading library manifest /Users/enayat/.gradle/caches/8.12/transforms/2d7742abfc4e0409a8cf6768a10f9bc8/transformed/jetified-material-icons-core-release/AndroidManifest.xml
Loading library manifest /Users/enayat/.gradle/caches/8.12/transforms/aa9d4bfb17a4c2d5c262f77c3627b235/transformed/jetified-material-ripple-release/AndroidManifest.xml
Loading library manifest /Users/enayat/.gradle/caches/8.12/transforms/5160b9a6d6343e2289d91450627a410a/transformed/jetified-animation-core-release/AndroidManifest.xml
Loading library manifest /Users/enayat/.gradle/caches/8.12/transforms/72d56091789ddc8c6bbe0f9ce4bede80/transformed/jetified-animation-release/AndroidManifest.xml
Loading library manifest /Users/enayat/.gradle/caches/8.12/transforms/01e5c1ae0796ec65b2a7f8ccdb1af9cf/transformed/jetified-foundation-layout-release/AndroidManifest.xml
Loading library manifest /Users/enayat/.gradle/caches/8.12/transforms/0d9b2d94200e2e699056b462fe907106/transformed/jetified-foundation-release/AndroidManifest.xml
Loading library manifest /Users/enayat/.gradle/caches/8.12/transforms/68329a6054e186124af8b1f5258a1451/transformed/jetified-ui-tooling-preview-release/AndroidManifest.xml
Loading library manifest /Users/enayat/.gradle/caches/8.12/transforms/4034dadab7a42b4116a7941bb96c8b13/transformed/jetified-ui-geometry-release/AndroidManifest.xml
Loading library manifest /Users/enayat/.gradle/caches/8.12/transforms/d5084a8b050d358b628f1096f2eabd19/transformed/jetified-ui-util-release/AndroidManifest.xml
Loading library manifest /Users/enayat/.gradle/caches/8.12/transforms/2c8ac5cf21802404c8264b3bbc7cae8b/transformed/jetified-ui-unit-release/AndroidManifest.xml
Loading library manifest /Users/enayat/.gradle/caches/8.12/transforms/cca855eacb4ed8aa5171e1ebbbf7e133/transformed/jetified-ui-text-release/AndroidManifest.xml
Loading library manifest /Users/enayat/.gradle/caches/8.12/transforms/7e2e3bb5b9cf4a7cccd3a9eb82b091ce/transformed/jetified-ui-graphics-release/AndroidManifest.xml
Loading library manifest /Users/enayat/.gradle/caches/8.12/transforms/b98c0359d075fb2f1113bf58feed4805/transformed/navigation-common-ktx-2.5.1/AndroidManifest.xml
Loading library manifest /Users/enayat/.gradle/caches/8.12/transforms/15cbe25248b7ef023d002f9364255991/transformed/navigation-common-2.5.1/AndroidManifest.xml
Loading library manifest /Users/enayat/.gradle/caches/8.12/transforms/3e732b698491caa045dc04ba163f4c9f/transformed/jetified-savedstate-ktx-1.2.1/AndroidManifest.xml
Loading library manifest /Users/enayat/.gradle/caches/8.12/transforms/0f540ed41e09eba05bd3a966c9f60c40/transformed/drawerlayout-1.1.1/AndroidManifest.xml
Loading library manifest /Users/enayat/.gradle/caches/8.12/transforms/3ad73a25f0a77248987ca141f494cfd9/transformed/coordinatorlayout-1.1.0/AndroidManifest.xml
Loading library manifest /Users/enayat/.gradle/caches/8.12/transforms/d5a67d7d76a33baab580e9533fe9c355/transformed/dynamicanimation-1.0.0/AndroidManifest.xml
Loading library manifest /Users/enayat/.gradle/caches/8.12/transforms/6115f52e3faf4cfaff9232ec632b27ac/transformed/transition-1.2.0/AndroidManifest.xml
Loading library manifest /Users/enayat/.gradle/caches/8.12/transforms/9e5cbb3bfa9fc2b77eec890c8ddb48d3/transformed/vectordrawable-animated-1.1.0/AndroidManifest.xml
Loading library manifest /Users/enayat/.gradle/caches/8.12/transforms/1b227eaf2a93850cd8bb1887550d7956/transformed/vectordrawable-1.1.0/AndroidManifest.xml
Loading library manifest /Users/enayat/.gradle/caches/8.12/transforms/346abe4e1c6c284aaba64855f0b346b4/transformed/viewpager-1.0.0/AndroidManifest.xml
Loading library manifest /Users/enayat/.gradle/caches/8.12/transforms/a85eebb0844dc4b16ebba38300c89596/transformed/customview-1.1.0/AndroidManifest.xml
Loading library manifest /Users/enayat/.gradle/caches/8.12/transforms/8be92ed32906f8d7a01ca76b6d559758/transformed/legacy-support-core-utils-1.0.0/AndroidManifest.xml
Loading library manifest /Users/enayat/.gradle/caches/8.12/transforms/d9d57a39819d3d0c9de0930ab4820b56/transformed/jetified-customview-poolingcontainer-1.0.0/AndroidManifest.xml
Loading library manifest /Users/enayat/.gradle/caches/8.12/transforms/c146b50f20d36bf0b43f3419703caaaa/transformed/jetified-core-ktx-1.13.1/AndroidManifest.xml
Loading library manifest /Users/enayat/.gradle/caches/8.12/transforms/49b5493d53c40226a81eeca3e9d0adba/transformed/loader-1.0.0/AndroidManifest.xml
Loading library manifest /Users/enayat/.gradle/caches/8.12/transforms/0e4e50a0be9db2271bb21de5140c3948/transformed/jetified-autofill-1.0.0/AndroidManifest.xml
Loading library manifest /Users/enayat/.gradle/caches/8.12/transforms/7402473680b4c3bcd54b3231c2748cc2/transformed/jetified-emoji2-views-helper-1.3.0/AndroidManifest.xml
Loading library manifest /Users/enayat/.gradle/caches/8.12/transforms/6fb5f9f56aaa32b4c512d998c5b07000/transformed/jetified-emoji2-1.3.0/AndroidManifest.xml
Loading library manifest /Users/enayat/.gradle/caches/8.12/transforms/e0efff7a6524c5afb1c52bde138c3104/transformed/jetified-graphics-path-1.0.1/AndroidManifest.xml
Loading library manifest /Users/enayat/.gradle/caches/8.12/transforms/f14a013919d4e98d26dad4159611a52d/transformed/core-1.13.1/AndroidManifest.xml
Loading library manifest /Users/enayat/.gradle/caches/8.12/transforms/62cfe6b1f821460591bccdf2da6f14fa/transformed/jetified-lifecycle-livedata-core-ktx-2.8.5/AndroidManifest.xml
Loading library manifest /Users/enayat/.gradle/caches/8.12/transforms/b445dd6f95dab70cf5c25b58da4ad31e/transformed/jetified-lifecycle-runtime-ktx-release/AndroidManifest.xml
Loading library manifest /Users/enayat/.gradle/caches/8.12/transforms/f643b902ac1ff31ebaf95f8e36d89c49/transformed/jetified-lifecycle-viewmodel-ktx-2.8.5/AndroidManifest.xml
Loading library manifest /Users/enayat/.gradle/caches/8.12/transforms/dfa48d6e0d60711b761e408185c5a6ff/transformed/jetified-lifecycle-process-2.8.5/AndroidManifest.xml
Loading library manifest /Users/enayat/.gradle/caches/8.12/transforms/2c9b6a9e4276634e3e53f2817e25df5b/transformed/lifecycle-livedata-core-2.8.5/AndroidManifest.xml
Loading library manifest /Users/enayat/.gradle/caches/8.12/transforms/815a472231cec1bb631516be06125bf3/transformed/lifecycle-livedata-2.8.5/AndroidManifest.xml
Loading library manifest /Users/enayat/.gradle/caches/8.12/transforms/5afc0bc7916d6031221261f688442db8/transformed/lifecycle-viewmodel-2.8.5/AndroidManifest.xml
Loading library manifest /Users/enayat/.gradle/caches/8.12/transforms/0655f23b9d8657cbc9b1b9790ac2eaaf/transformed/jetified-lifecycle-viewmodel-release/AndroidManifest.xml
Loading library manifest /Users/enayat/.gradle/caches/8.12/transforms/7a1d1958167594a745b5568aa7cd88cb/transformed/jetified-lifecycle-runtime-release/AndroidManifest.xml
Loading library manifest /Users/enayat/.gradle/caches/8.12/transforms/9da9a84ae4927ba8ada6d720daae019d/transformed/jetified-lifecycle-viewmodel-savedstate-2.8.5/AndroidManifest.xml
Loading library manifest /Users/enayat/.gradle/caches/8.12/transforms/67382bfe9f2676baa52fe70cd042f3e2/transformed/jetified-savedstate-1.2.1/AndroidManifest.xml
Loading library manifest /Users/enayat/.gradle/caches/8.12/transforms/2a146dfebf53cdbc147f0b650615cc64/transformed/jetified-lifecycle-runtime-compose-release/AndroidManifest.xml
Loading library manifest /Users/enayat/.gradle/caches/8.12/transforms/862e21da6f1b2fb7b0b22e3a197571a8/transformed/jetified-lifecycle-viewmodel-compose-release/AndroidManifest.xml
Loading library manifest /Users/enayat/.gradle/caches/8.12/transforms/6dd44917cc9996309e332347b1a25883/transformed/jetified-ui-release/AndroidManifest.xml
Loading library manifest /Users/enayat/.gradle/caches/8.12/transforms/c5b81e31a50812c1adcb96d454f1f7c3/transformed/jetified-activity-ktx-1.8.2/AndroidManifest.xml
Loading library manifest /Users/enayat/.gradle/caches/8.12/transforms/7d9e24e57d0a835ef5d0299bd976b28e/transformed/jetified-activity-compose-1.8.2/AndroidManifest.xml
Loading library manifest /Users/enayat/.gradle/caches/8.12/transforms/38429c6ab3c82fcd7ceba87d70d025eb/transformed/jetified-core-splashscreen-1.0.1/AndroidManifest.xml
Loading library manifest /Users/enayat/.gradle/caches/8.12/transforms/7ba7d5ba6f2677dff20a3502c0ae87f2/transformed/jetified-timber-5.0.1/AndroidManifest.xml
Loading library manifest /Users/enayat/.gradle/caches/8.12/transforms/f059cc937728febd70993a47bbf4ae9e/transformed/room-runtime-2.6.1/AndroidManifest.xml
Loading library manifest /Users/enayat/.gradle/caches/8.12/transforms/a53f6261ab8d30586086d6ed8ce1baa4/transformed/jetified-room-ktx-2.6.1/AndroidManifest.xml
Loading library manifest /Users/enayat/.gradle/caches/8.12/transforms/24fdf83895f48df9400308d4cf216a58/transformed/sqlite-framework-2.4.0/AndroidManifest.xml
Loading library manifest /Users/enayat/.gradle/caches/8.12/transforms/fb34feb4d56e647e1c972b1225e6305a/transformed/sqlite-2.4.0/AndroidManifest.xml
Loading library manifest /Users/enayat/.gradle/caches/8.12/transforms/00d0c5c63eee5eec8cbbf564d0f12e53/transformed/jetified-runtime-saveable-release/AndroidManifest.xml
Loading library manifest /Users/enayat/.gradle/caches/8.12/transforms/0248bc36c5435bce9e9f18775e92d47d/transformed/jetified-runtime-release/AndroidManifest.xml
Loading library manifest /Users/enayat/.gradle/caches/8.12/transforms/fe471108e20820956deb170ead4887d6/transformed/jetified-annotation-experimental-1.4.1/AndroidManifest.xml
Loading library manifest /Users/enayat/.gradle/caches/8.12/transforms/68d345c96591fa020b121378531ff09d/transformed/jetified-security-crypto-1.1.0-alpha06/AndroidManifest.xml
Loading library manifest /Users/enayat/.gradle/caches/8.12/transforms/440fcdbe0a1e7e4b596292997d387478/transformed/versionedparcelable-1.1.1/AndroidManifest.xml
Loading library manifest /Users/enayat/.gradle/caches/8.12/transforms/09d586368055ac2c58ca24634d58c6aa/transformed/cursoradapter-1.0.0/AndroidManifest.xml
Loading library manifest /Users/enayat/.gradle/caches/8.12/transforms/796612a8098838fb4daf66ec0e0143a4/transformed/cardview-1.0.0/AndroidManifest.xml
Loading library manifest /Users/enayat/.gradle/caches/8.12/transforms/ac9dcc4240b5c1d958ecf146673b237b/transformed/core-runtime-2.2.0/AndroidManifest.xml
Loading library manifest /Users/enayat/.gradle/caches/8.12/transforms/79c07666d55c3751efc0bb53e0f2e93b/transformed/jetified-profileinstaller-1.3.1/AndroidManifest.xml
Loading library manifest /Users/enayat/.gradle/caches/8.12/transforms/bdede2cab4f56e692b5d8b8e999e02f6/transformed/jetified-startup-runtime-1.1.1/AndroidManifest.xml
Loading library manifest /Users/enayat/.gradle/caches/8.12/transforms/68b339fc4710458a308f1b715767b667/transformed/jetified-tracing-1.0.0/AndroidManifest.xml
Loading library manifest /Users/enayat/.gradle/caches/8.12/transforms/cad4d80ebe9ec673c80b50fbd550588a/transformed/interpolator-1.0.0/AndroidManifest.xml
Loading library manifest /Users/enayat/.gradle/caches/8.12/transforms/85bfe9b33681263b58e49723bac65259/transformed/documentfile-1.0.0/AndroidManifest.xml
Loading library manifest /Users/enayat/.gradle/caches/8.12/transforms/eda54ccbfe5d36096e328454040c6a4f/transformed/localbroadcastmanager-1.0.0/AndroidManifest.xml
Loading library manifest /Users/enayat/.gradle/caches/8.12/transforms/21cd89f2e6a24ff2a947ee471bca89f5/transformed/print-1.0.0/AndroidManifest.xml
Loading library manifest /Users/enayat/.gradle/caches/8.12/transforms/4db6d9c4cafc972cae89e6ace08dbc27/transformed/jetified-dagger-lint-aar-2.51.1/AndroidManifest.xml
Merging main manifest /Users/enayat/Documents/DeepEyeUnlocker/app/src/main/AndroidManifest.xml

Merging library manifest /Users/enayat/.gradle/caches/8.12/transforms/f84787fca82782f00f0513637d28a9d1/transformed/jetified-material3-release/AndroidManifest.xml
Merging manifest with lower [androidx.compose.material3:material3-android:1.3.0] AndroidManifest.xml:17:1-22:12
uses-sdk defined in both files...
Merging uses-sdk with lower [androidx.compose.material3:material3-android:1.3.0] AndroidManifest.xml:20:5-44
Merging library manifest /Users/enayat/.gradle/caches/8.12/transforms/2b2afb488a24cede502c0cd559a3315a/transformed/material-1.11.0/AndroidManifest.xml
Merging manifest with lower [com.google.android.material:material:1.11.0] AndroidManifest.xml:17:1-24:12
uses-sdk defined in both files...
Merging uses-sdk with lower [com.google.android.material:material:1.11.0] AndroidManifest.xml:20:5-44
application defined in both files...
Merging application with lower [com.google.android.material:material:1.11.0] AndroidManifest.xml:22:5-20
Merging library manifest /Users/enayat/.gradle/caches/8.12/transforms/1a45e540b9a2bd034aae41b67a88fb73/transformed/jetified-appcompat-resources-1.6.1/AndroidManifest.xml
Merging manifest with lower [androidx.appcompat:appcompat-resources:1.6.1] AndroidManifest.xml:17:1-22:12
uses-sdk defined in both files...
Merging uses-sdk with lower [androidx.appcompat:appcompat-resources:1.6.1] AndroidManifest.xml:20:5-44
Merging library manifest /Users/enayat/.gradle/caches/8.12/transforms/24aa50a4418f6ebd2d43a01ba47d03d1/transformed/constraintlayout-2.0.1/AndroidManifest.xml
Merging manifest with lower [androidx.constraintlayout:constraintlayout:2.0.1] AndroidManifest.xml:2:1-11:12
uses-sdk defined in both files...
Merging uses-sdk with lower [androidx.constraintlayout:constraintlayout:2.0.1] AndroidManifest.xml:5:5-7:41
application defined in both files...
Merging application with lower [androidx.constraintlayout:constraintlayout:2.0.1] AndroidManifest.xml:9:5-20
Merging library manifest /Users/enayat/.gradle/caches/8.12/transforms/11129819c0b63eff25eeed666f4b1d00/transformed/appcompat-1.6.1/AndroidManifest.xml
Merging manifest with lower [androidx.appcompat:appcompat:1.6.1] AndroidManifest.xml:17:1-22:12
uses-sdk defined in both files...
Merging uses-sdk with lower [androidx.appcompat:appcompat:1.6.1] AndroidManifest.xml:20:5-44
Merging library manifest /Users/enayat/.gradle/caches/8.12/transforms/48a1dc9b22158d45c8a0b71f33c42b2f/transformed/jetified-hilt-navigation-compose-1.2.0/AndroidManifest.xml
Merging manifest with lower [androidx.hilt:hilt-navigation-compose:1.2.0] AndroidManifest.xml:2:1-7:12
uses-sdk defined in both files...
Merging uses-sdk with lower [androidx.hilt:hilt-navigation-compose:1.2.0] AndroidManifest.xml:5:5-44
Merging library manifest /Users/enayat/.gradle/caches/8.12/transforms/928c8f02c7f6932d338db5a64e8bc1fb/transformed/jetified-hilt-navigation-1.2.0/AndroidManifest.xml
Merging manifest with lower [androidx.hilt:hilt-navigation:1.2.0] AndroidManifest.xml:2:1-7:12
uses-sdk defined in both files...
Merging uses-sdk with lower [androidx.hilt:hilt-navigation:1.2.0] AndroidManifest.xml:5:5-44
Merging library manifest /Users/enayat/.gradle/caches/8.12/transforms/e6aa84cc1b14837b7fbe7e3dc8fd9ea1/transformed/jetified-hilt-android-2.51.1/AndroidManifest.xml
Merging manifest with lower [com.google.dagger:hilt-android:2.51.1] AndroidManifest.xml:16:1-19:12
uses-sdk defined in both files...
Merging uses-sdk with lower [com.google.dagger:hilt-android:2.51.1] AndroidManifest.xml:18:3-42
Merging library manifest /Users/enayat/.gradle/caches/8.12/transforms/7276caa9cbf67f61c9a6987567fca2e2/transformed/recyclerview-1.3.2/AndroidManifest.xml
Merging manifest with lower [androidx.recyclerview:recyclerview:1.3.2] AndroidManifest.xml:17:1-22:12
uses-sdk defined in both files...
Merging uses-sdk with lower [androidx.recyclerview:recyclerview:1.3.2] AndroidManifest.xml:20:5-44
Merging library manifest /Users/enayat/.gradle/caches/8.12/transforms/1d4fb14f59fef5b6b9e5b66cf6aeaa37/transformed/jetified-viewpager2-1.1.0-beta02/AndroidManifest.xml
Merging manifest with lower [androidx.viewpager2:viewpager2:1.1.0-beta02] AndroidManifest.xml:2:1-7:12
uses-sdk defined in both files...
Merging uses-sdk with lower [androidx.viewpager2:viewpager2:1.1.0-beta02] AndroidManifest.xml:5:5-44
Merging library manifest /Users/enayat/.gradle/caches/8.12/transforms/15e98729dcd3abef3bbdc67a47915447/transformed/fragment-1.5.1/AndroidManifest.xml
Merging manifest with lower [androidx.fragment:fragment:1.5.1] AndroidManifest.xml:17:1-24:12
uses-sdk defined in both files...
Merging uses-sdk with lower [androidx.fragment:fragment:1.5.1] AndroidManifest.xml:20:5-22:41
Merging library manifest /Users/enayat/.gradle/caches/8.12/transforms/2a538ee8ed513fa733c6080d00e26f14/transformed/jetified-activity-1.8.2/AndroidManifest.xml
Merging manifest with lower [androidx.activity:activity:1.8.2] AndroidManifest.xml:17:1-22:12
uses-sdk defined in both files...
Merging uses-sdk with lower [androidx.activity:activity:1.8.2] AndroidManifest.xml:20:5-44
Merging library manifest /Users/enayat/.gradle/caches/8.12/transforms/364422fcaea00ab78a5961944625b408/transformed/jetified-navigation-compose-2.5.1/AndroidManifest.xml
Merging manifest with lower [androidx.navigation:navigation-compose:2.5.1] AndroidManifest.xml:17:1-24:12
uses-sdk defined in both files...
Merging uses-sdk with lower [androidx.navigation:navigation-compose:2.5.1] AndroidManifest.xml:20:5-22:41
Merging library manifest /Users/enayat/.gradle/caches/8.12/transforms/564e18d7dcd468073c3031374215d101/transformed/navigation-runtime-ktx-2.5.1/AndroidManifest.xml
Merging manifest with lower [androidx.navigation:navigation-runtime-ktx:2.5.1] AndroidManifest.xml:17:1-24:12
uses-sdk defined in both files...
Merging uses-sdk with lower [androidx.navigation:navigation-runtime-ktx:2.5.1] AndroidManifest.xml:20:5-22:41
Merging library manifest /Users/enayat/.gradle/caches/8.12/transforms/6506187c2123f85e072b4e39f3a8c68f/transformed/navigation-runtime-2.5.1/AndroidManifest.xml
Merging manifest with lower [androidx.navigation:navigation-runtime:2.5.1] AndroidManifest.xml:17:1-24:12
uses-sdk defined in both files...
Merging uses-sdk with lower [androidx.navigation:navigation-runtime:2.5.1] AndroidManifest.xml:20:5-22:41
Merging library manifest /Users/enayat/.gradle/caches/8.12/transforms/764b516886267585bd1e5b0fb38f0993/transformed/jetified-haze-release/AndroidManifest.xml
Merging manifest with lower [dev.chrisbanes.haze:haze-android:1.3.1] AndroidManifest.xml:2:1-7:12
uses-sdk defined in both files...
Merging uses-sdk with lower [dev.chrisbanes.haze:haze-android:1.3.1] AndroidManifest.xml:5:5-44
Merging library manifest /Users/enayat/.gradle/caches/8.12/transforms/9c6554627c3755267a700e5e0bc72f13/transformed/jetified-material-icons-extended-release/AndroidManifest.xml
Merging manifest with lower [androidx.compose.material:material-icons-extended-android:1.7.0] AndroidManifest.xml:2:1-7:12
uses-sdk defined in both files...
Merging uses-sdk with lower [androidx.compose.material:material-icons-extended-android:1.7.0] AndroidManifest.xml:5:5-44
Merging library manifest /Users/enayat/.gradle/caches/8.12/transforms/2d7742abfc4e0409a8cf6768a10f9bc8/transformed/jetified-material-icons-core-release/AndroidManifest.xml
Merging manifest with lower [androidx.compose.material:material-icons-core-android:1.7.0] AndroidManifest.xml:2:1-7:12
uses-sdk defined in both files...
Merging uses-sdk with lower [androidx.compose.material:material-icons-core-android:1.7.0] AndroidManifest.xml:5:5-44
Merging library manifest /Users/enayat/.gradle/caches/8.12/transforms/aa9d4bfb17a4c2d5c262f77c3627b235/transformed/jetified-material-ripple-release/AndroidManifest.xml
Merging manifest with lower [androidx.compose.material:material-ripple-android:1.7.0] AndroidManifest.xml:2:1-7:12
uses-sdk defined in both files...
Merging uses-sdk with lower [androidx.compose.material:material-ripple-android:1.7.0] AndroidManifest.xml:5:5-44
Merging library manifest /Users/enayat/.gradle/caches/8.12/transforms/5160b9a6d6343e2289d91450627a410a/transformed/jetified-animation-core-release/AndroidManifest.xml
Merging manifest with lower [androidx.compose.animation:animation-core-android:1.7.7] AndroidManifest.xml:2:1-7:12
uses-sdk defined in both files...
Merging uses-sdk with lower [androidx.compose.animation:animation-core-android:1.7.7] AndroidManifest.xml:5:5-44
Merging library manifest /Users/enayat/.gradle/caches/8.12/transforms/72d56091789ddc8c6bbe0f9ce4bede80/transformed/jetified-animation-release/AndroidManifest.xml
Merging manifest with lower [androidx.compose.animation:animation-android:1.7.7] AndroidManifest.xml:2:1-7:12
uses-sdk defined in both files...
Merging uses-sdk with lower [androidx.compose.animation:animation-android:1.7.7] AndroidManifest.xml:5:5-44
Merging library manifest /Users/enayat/.gradle/caches/8.12/transforms/01e5c1ae0796ec65b2a7f8ccdb1af9cf/transformed/jetified-foundation-layout-release/AndroidManifest.xml
Merging manifest with lower [androidx.compose.foundation:foundation-layout-android:1.7.7] AndroidManifest.xml:2:1-7:12
uses-sdk defined in both files...
Merging uses-sdk with lower [androidx.compose.foundation:foundation-layout-android:1.7.7] AndroidManifest.xml:5:5-44
Merging library manifest /Users/enayat/.gradle/caches/8.12/transforms/0d9b2d94200e2e699056b462fe907106/transformed/jetified-foundation-release/AndroidManifest.xml
Merging manifest with lower [androidx.compose.foundation:foundation-android:1.7.7] AndroidManifest.xml:2:1-7:12
uses-sdk defined in both files...
Merging uses-sdk with lower [androidx.compose.foundation:foundation-android:1.7.7] AndroidManifest.xml:5:5-44
Merging library manifest /Users/enayat/.gradle/caches/8.12/transforms/68329a6054e186124af8b1f5258a1451/transformed/jetified-ui-tooling-preview-release/AndroidManifest.xml
Merging manifest with lower [androidx.compose.ui:ui-tooling-preview-android:1.7.7] AndroidManifest.xml:17:1-22:12
uses-sdk defined in both files...
Merging uses-sdk with lower [androidx.compose.ui:ui-tooling-preview-android:1.7.7] AndroidManifest.xml:20:5-44
Merging library manifest /Users/enayat/.gradle/caches/8.12/transforms/4034dadab7a42b4116a7941bb96c8b13/transformed/jetified-ui-geometry-release/AndroidManifest.xml
Merging manifest with lower [androidx.compose.ui:ui-geometry-android:1.7.7] AndroidManifest.xml:2:1-7:12
uses-sdk defined in both files...
Merging uses-sdk with lower [androidx.compose.ui:ui-geometry-android:1.7.7] AndroidManifest.xml:5:5-44
Merging library manifest /Users/enayat/.gradle/caches/8.12/transforms/d5084a8b050d358b628f1096f2eabd19/transformed/jetified-ui-util-release/AndroidManifest.xml
Merging manifest with lower [androidx.compose.ui:ui-util-android:1.7.7] AndroidManifest.xml:2:1-7:12
uses-sdk defined in both files...
Merging uses-sdk with lower [androidx.compose.ui:ui-util-android:1.7.7] AndroidManifest.xml:5:5-44
Merging library manifest /Users/enayat/.gradle/caches/8.12/transforms/2c8ac5cf21802404c8264b3bbc7cae8b/transformed/jetified-ui-unit-release/AndroidManifest.xml
Merging manifest with lower [androidx.compose.ui:ui-unit-android:1.7.7] AndroidManifest.xml:2:1-7:12
uses-sdk defined in both files...
Merging uses-sdk with lower [androidx.compose.ui:ui-unit-android:1.7.7] AndroidManifest.xml:5:5-44
Merging library manifest /Users/enayat/.gradle/caches/8.12/transforms/cca855eacb4ed8aa5171e1ebbbf7e133/transformed/jetified-ui-text-release/AndroidManifest.xml
Merging manifest with lower [androidx.compose.ui:ui-text-android:1.7.7] AndroidManifest.xml:2:1-7:12
uses-sdk defined in both files...
Merging uses-sdk with lower [androidx.compose.ui:ui-text-android:1.7.7] AndroidManifest.xml:5:5-44
Merging library manifest /Users/enayat/.gradle/caches/8.12/transforms/7e2e3bb5b9cf4a7cccd3a9eb82b091ce/transformed/jetified-ui-graphics-release/AndroidManifest.xml
Merging manifest with lower [androidx.compose.ui:ui-graphics-android:1.7.7] AndroidManifest.xml:2:1-7:12
uses-sdk defined in both files...
Merging uses-sdk with lower [androidx.compose.ui:ui-graphics-android:1.7.7] AndroidManifest.xml:5:5-44
Merging library manifest /Users/enayat/.gradle/caches/8.12/transforms/b98c0359d075fb2f1113bf58feed4805/transformed/navigation-common-ktx-2.5.1/AndroidManifest.xml
Merging manifest with lower [androidx.navigation:navigation-common-ktx:2.5.1] AndroidManifest.xml:17:1-24:12
uses-sdk defined in both files...
Merging uses-sdk with lower [androidx.navigation:navigation-common-ktx:2.5.1] AndroidManifest.xml:20:5-22:41
Merging library manifest /Users/enayat/.gradle/caches/8.12/transforms/15cbe25248b7ef023d002f9364255991/transformed/navigation-common-2.5.1/AndroidManifest.xml
Merging manifest with lower [androidx.navigation:navigation-common:2.5.1] AndroidManifest.xml:17:1-24:12
uses-sdk defined in both files...
Merging uses-sdk with lower [androidx.navigation:navigation-common:2.5.1] AndroidManifest.xml:20:5-22:41
Merging library manifest /Users/enayat/.gradle/caches/8.12/transforms/3e732b698491caa045dc04ba163f4c9f/transformed/jetified-savedstate-ktx-1.2.1/AndroidManifest.xml
Merging manifest with lower [androidx.savedstate:savedstate-ktx:1.2.1] AndroidManifest.xml:17:1-22:12
uses-sdk defined in both files...
Merging uses-sdk with lower [androidx.savedstate:savedstate-ktx:1.2.1] AndroidManifest.xml:20:5-44
Merging library manifest /Users/enayat/.gradle/caches/8.12/transforms/0f540ed41e09eba05bd3a966c9f60c40/transformed/drawerlayout-1.1.1/AndroidManifest.xml
Merging manifest with lower [androidx.drawerlayout:drawerlayout:1.1.1] AndroidManifest.xml:17:1-24:12
uses-sdk defined in both files...
Merging uses-sdk with lower [androidx.drawerlayout:drawerlayout:1.1.1] AndroidManifest.xml:20:5-22:41
Merging library manifest /Users/enayat/.gradle/caches/8.12/transforms/3ad73a25f0a77248987ca141f494cfd9/transformed/coordinatorlayout-1.1.0/AndroidManifest.xml
Merging manifest with lower [androidx.coordinatorlayout:coordinatorlayout:1.1.0] AndroidManifest.xml:17:1-24:12
uses-sdk defined in both files...
Merging uses-sdk with lower [androidx.coordinatorlayout:coordinatorlayout:1.1.0] AndroidManifest.xml:20:5-22:41
Merging library manifest /Users/enayat/.gradle/caches/8.12/transforms/d5a67d7d76a33baab580e9533fe9c355/transformed/dynamicanimation-1.0.0/AndroidManifest.xml
Merging manifest with lower [androidx.dynamicanimation:dynamicanimation:1.0.0] AndroidManifest.xml:17:1-22:12
uses-sdk defined in both files...
Merging uses-sdk with lower [androidx.dynamicanimation:dynamicanimation:1.0.0] AndroidManifest.xml:20:5-44
Merging library manifest /Users/enayat/.gradle/caches/8.12/transforms/6115f52e3faf4cfaff9232ec632b27ac/transformed/transition-1.2.0/AndroidManifest.xml
Merging manifest with lower [androidx.transition:transition:1.2.0] AndroidManifest.xml:17:1-24:12
uses-sdk defined in both files...
Merging uses-sdk with lower [androidx.transition:transition:1.2.0] AndroidManifest.xml:20:5-22:41
Merging library manifest /Users/enayat/.gradle/caches/8.12/transforms/9e5cbb3bfa9fc2b77eec890c8ddb48d3/transformed/vectordrawable-animated-1.1.0/AndroidManifest.xml
Merging manifest with lower [androidx.vectordrawable:vectordrawable-animated:1.1.0] AndroidManifest.xml:17:1-24:12
uses-sdk defined in both files...
Merging uses-sdk with lower [androidx.vectordrawable:vectordrawable-animated:1.1.0] AndroidManifest.xml:20:5-22:41
Merging library manifest /Users/enayat/.gradle/caches/8.12/transforms/1b227eaf2a93850cd8bb1887550d7956/transformed/vectordrawable-1.1.0/AndroidManifest.xml
Merging manifest with lower [androidx.vectordrawable:vectordrawable:1.1.0] AndroidManifest.xml:17:1-24:12
uses-sdk defined in both files...
Merging uses-sdk with lower [androidx.vectordrawable:vectordrawable:1.1.0] AndroidManifest.xml:20:5-22:41
Merging library manifest /Users/enayat/.gradle/caches/8.12/transforms/346abe4e1c6c284aaba64855f0b346b4/transformed/viewpager-1.0.0/AndroidManifest.xml
Merging manifest with lower [androidx.viewpager:viewpager:1.0.0] AndroidManifest.xml:17:1-22:12
uses-sdk defined in both files...
Merging uses-sdk with lower [androidx.viewpager:viewpager:1.0.0] AndroidManifest.xml:20:5-44
Merging library manifest /Users/enayat/.gradle/caches/8.12/transforms/a85eebb0844dc4b16ebba38300c89596/transformed/customview-1.1.0/AndroidManifest.xml
Merging manifest with lower [androidx.customview:customview:1.1.0] AndroidManifest.xml:17:1-24:12
uses-sdk defined in both files...
Merging uses-sdk with lower [androidx.customview:customview:1.1.0] AndroidManifest.xml:20:5-22:41
Merging library manifest /Users/enayat/.gradle/caches/8.12/transforms/8be92ed32906f8d7a01ca76b6d559758/transformed/legacy-support-core-utils-1.0.0/AndroidManifest.xml
Merging manifest with lower [androidx.legacy:legacy-support-core-utils:1.0.0] AndroidManifest.xml:17:1-22:12
uses-sdk defined in both files...
Merging uses-sdk with lower [androidx.legacy:legacy-support-core-utils:1.0.0] AndroidManifest.xml:20:5-44
Merging library manifest /Users/enayat/.gradle/caches/8.12/transforms/d9d57a39819d3d0c9de0930ab4820b56/transformed/jetified-customview-poolingcontainer-1.0.0/AndroidManifest.xml
Merging manifest with lower [androidx.customview:customview-poolingcontainer:1.0.0] AndroidManifest.xml:17:1-23:12
uses-sdk defined in both files...
Merging uses-sdk with lower [androidx.customview:customview-poolingcontainer:1.0.0] AndroidManifest.xml:20:5-21:38
Merging library manifest /Users/enayat/.gradle/caches/8.12/transforms/c146b50f20d36bf0b43f3419703caaaa/transformed/jetified-core-ktx-1.13.1/AndroidManifest.xml
Merging manifest with lower [androidx.core:core-ktx:1.13.1] AndroidManifest.xml:2:1-7:12
uses-sdk defined in both files...
Merging uses-sdk with lower [androidx.core:core-ktx:1.13.1] AndroidManifest.xml:5:5-44
Merging library manifest /Users/enayat/.gradle/caches/8.12/transforms/49b5493d53c40226a81eeca3e9d0adba/transformed/loader-1.0.0/AndroidManifest.xml
Merging manifest with lower [androidx.loader:loader:1.0.0] AndroidManifest.xml:17:1-22:12
uses-sdk defined in both files...
Merging uses-sdk with lower [androidx.loader:loader:1.0.0] AndroidManifest.xml:20:5-44
Merging library manifest /Users/enayat/.gradle/caches/8.12/transforms/0e4e50a0be9db2271bb21de5140c3948/transformed/jetified-autofill-1.0.0/AndroidManifest.xml
Merging manifest with lower [androidx.autofill:autofill:1.0.0] AndroidManifest.xml:17:1-24:12
uses-sdk defined in both files...
Merging uses-sdk with lower [androidx.autofill:autofill:1.0.0] AndroidManifest.xml:20:5-22:41
Merging library manifest /Users/enayat/.gradle/caches/8.12/transforms/7402473680b4c3bcd54b3231c2748cc2/transformed/jetified-emoji2-views-helper-1.3.0/AndroidManifest.xml
Merging manifest with lower [androidx.emoji2:emoji2-views-helper:1.3.0] AndroidManifest.xml:2:1-7:12
uses-sdk defined in both files...
Merging uses-sdk with lower [androidx.emoji2:emoji2-views-helper:1.3.0] AndroidManifest.xml:5:5-44
Merging library manifest /Users/enayat/.gradle/caches/8.12/transforms/6fb5f9f56aaa32b4c512d998c5b07000/transformed/jetified-emoji2-1.3.0/AndroidManifest.xml
Merging manifest with lower [androidx.emoji2:emoji2:1.3.0] AndroidManifest.xml:17:1-35:12
uses-sdk defined in both files...
Merging uses-sdk with lower [androidx.emoji2:emoji2:1.3.0] AndroidManifest.xml:21:5-44
application defined in both files...
Merging application with lower [androidx.emoji2:emoji2:1.3.0] AndroidManifest.xml:23:5-33:19
Adopted [provider: null]
Merging library manifest /Users/enayat/.gradle/caches/8.12/transforms/e0efff7a6524c5afb1c52bde138c3104/transformed/jetified-graphics-path-1.0.1/AndroidManifest.xml
Merging manifest with lower [androidx.graphics:graphics-path:1.0.1] AndroidManifest.xml:2:1-7:12
uses-sdk defined in both files...
Merging uses-sdk with lower [androidx.graphics:graphics-path:1.0.1] AndroidManifest.xml:5:5-44
Merging library manifest /Users/enayat/.gradle/caches/8.12/transforms/f14a013919d4e98d26dad4159611a52d/transformed/core-1.13.1/AndroidManifest.xml
Merging manifest with lower [androidx.core:core:1.13.1] AndroidManifest.xml:17:1-30:12
uses-sdk defined in both files...
Merging uses-sdk with lower [androidx.core:core:1.13.1] AndroidManifest.xml:20:5-44
Adopted [permission: null]
Adopted [uses-permission: null]
application defined in both files...
Merging application with lower [androidx.core:core:1.13.1] AndroidManifest.xml:28:5-89
Merging library manifest /Users/enayat/.gradle/caches/8.12/transforms/62cfe6b1f821460591bccdf2da6f14fa/transformed/jetified-lifecycle-livedata-core-ktx-2.8.5/AndroidManifest.xml
Merging manifest with lower [androidx.lifecycle:lifecycle-livedata-core-ktx:2.8.5] AndroidManifest.xml:2:1-7:12
uses-sdk defined in both files...
Merging uses-sdk with lower [androidx.lifecycle:lifecycle-livedata-core-ktx:2.8.5] AndroidManifest.xml:5:5-44
Merging library manifest /Users/enayat/.gradle/caches/8.12/transforms/b445dd6f95dab70cf5c25b58da4ad31e/transformed/jetified-lifecycle-runtime-ktx-release/AndroidManifest.xml
Merging manifest with lower [androidx.lifecycle:lifecycle-runtime-ktx-android:2.8.5] AndroidManifest.xml:2:1-7:12
uses-sdk defined in both files...
Merging uses-sdk with lower [androidx.lifecycle:lifecycle-runtime-ktx-android:2.8.5] AndroidManifest.xml:5:5-44
Merging library manifest /Users/enayat/.gradle/caches/8.12/transforms/f643b902ac1ff31ebaf95f8e36d89c49/transformed/jetified-lifecycle-viewmodel-ktx-2.8.5/AndroidManifest.xml
Merging manifest with lower [androidx.lifecycle:lifecycle-viewmodel-ktx:2.8.5] AndroidManifest.xml:2:1-7:12
uses-sdk defined in both files...
Merging uses-sdk with lower [androidx.lifecycle:lifecycle-viewmodel-ktx:2.8.5] AndroidManifest.xml:5:5-44
Merging library manifest /Users/enayat/.gradle/caches/8.12/transforms/dfa48d6e0d60711b761e408185c5a6ff/transformed/jetified-lifecycle-process-2.8.5/AndroidManifest.xml
Merging manifest with lower [androidx.lifecycle:lifecycle-process:2.8.5] AndroidManifest.xml:17:1-35:12
uses-sdk defined in both files...
Merging uses-sdk with lower [androidx.lifecycle:lifecycle-process:2.8.5] AndroidManifest.xml:21:5-44
application defined in both files...
Merging application with lower [androidx.lifecycle:lifecycle-process:2.8.5] AndroidManifest.xml:23:5-33:19
provider#androidx.startup.InitializationProvider defined in both files...
Merging provider#androidx.startup.InitializationProvider with lower [androidx.lifecycle:lifecycle-process:2.8.5] AndroidManifest.xml:24:9-32:20
Adopted [meta-data: null]
Merging library manifest /Users/enayat/.gradle/caches/8.12/transforms/2c9b6a9e4276634e3e53f2817e25df5b/transformed/lifecycle-livedata-core-2.8.5/AndroidManifest.xml
Merging manifest with lower [androidx.lifecycle:lifecycle-livedata-core:2.8.5] AndroidManifest.xml:17:1-22:12
uses-sdk defined in both files...
Merging uses-sdk with lower [androidx.lifecycle:lifecycle-livedata-core:2.8.5] AndroidManifest.xml:20:5-44
Merging library manifest /Users/enayat/.gradle/caches/8.12/transforms/815a472231cec1bb631516be06125bf3/transformed/lifecycle-livedata-2.8.5/AndroidManifest.xml
Merging manifest with lower [androidx.lifecycle:lifecycle-livedata:2.8.5] AndroidManifest.xml:17:1-22:12
uses-sdk defined in both files...
Merging uses-sdk with lower [androidx.lifecycle:lifecycle-livedata:2.8.5] AndroidManifest.xml:20:5-44
Merging library manifest /Users/enayat/.gradle/caches/8.12/transforms/5afc0bc7916d6031221261f688442db8/transformed/lifecycle-viewmodel-2.8.5/AndroidManifest.xml
Merging manifest with lower [androidx.lifecycle:lifecycle-viewmodel:2.8.5] AndroidManifest.xml:2:1-5:12
uses-sdk defined in both files...
Merging uses-sdk with lower [androidx.lifecycle:lifecycle-viewmodel:2.8.5] AndroidManifest.xml:4:5-43
Merging library manifest /Users/enayat/.gradle/caches/8.12/transforms/0655f23b9d8657cbc9b1b9790ac2eaaf/transformed/jetified-lifecycle-viewmodel-release/AndroidManifest.xml
Merging manifest with lower [androidx.lifecycle:lifecycle-viewmodel-android:2.8.5] AndroidManifest.xml:17:1-22:12
uses-sdk defined in both files...
Merging uses-sdk with lower [androidx.lifecycle:lifecycle-viewmodel-android:2.8.5] AndroidManifest.xml:20:5-44
Merging library manifest /Users/enayat/.gradle/caches/8.12/transforms/7a1d1958167594a745b5568aa7cd88cb/transformed/jetified-lifecycle-runtime-release/AndroidManifest.xml
Merging manifest with lower [androidx.lifecycle:lifecycle-runtime-android:2.8.5] AndroidManifest.xml:17:1-22:12
uses-sdk defined in both files...
Merging uses-sdk with lower [androidx.lifecycle:lifecycle-runtime-android:2.8.5] AndroidManifest.xml:20:5-44
Merging library manifest /Users/enayat/.gradle/caches/8.12/transforms/9da9a84ae4927ba8ada6d720daae019d/transformed/jetified-lifecycle-viewmodel-savedstate-2.8.5/AndroidManifest.xml
Merging manifest with lower [androidx.lifecycle:lifecycle-viewmodel-savedstate:2.8.5] AndroidManifest.xml:17:1-22:12
uses-sdk defined in both files...
Merging uses-sdk with lower [androidx.lifecycle:lifecycle-viewmodel-savedstate:2.8.5] AndroidManifest.xml:20:5-44
Merging library manifest /Users/enayat/.gradle/caches/8.12/transforms/67382bfe9f2676baa52fe70cd042f3e2/transformed/jetified-savedstate-1.2.1/AndroidManifest.xml
Merging manifest with lower [androidx.savedstate:savedstate:1.2.1] AndroidManifest.xml:17:1-22:12
uses-sdk defined in both files...
Merging uses-sdk with lower [androidx.savedstate:savedstate:1.2.1] AndroidManifest.xml:20:5-44
Merging library manifest /Users/enayat/.gradle/caches/8.12/transforms/2a146dfebf53cdbc147f0b650615cc64/transformed/jetified-lifecycle-runtime-compose-release/AndroidManifest.xml
Merging manifest with lower [androidx.lifecycle:lifecycle-runtime-compose-android:2.8.5] AndroidManifest.xml:2:1-7:12
uses-sdk defined in both files...
Merging uses-sdk with lower [androidx.lifecycle:lifecycle-runtime-compose-android:2.8.5] AndroidManifest.xml:5:5-44
Merging library manifest /Users/enayat/.gradle/caches/8.12/transforms/862e21da6f1b2fb7b0b22e3a197571a8/transformed/jetified-lifecycle-viewmodel-compose-release/AndroidManifest.xml
Merging manifest with lower [androidx.lifecycle:lifecycle-viewmodel-compose-android:2.8.5] AndroidManifest.xml:2:1-7:12
uses-sdk defined in both files...
Merging uses-sdk with lower [androidx.lifecycle:lifecycle-viewmodel-compose-android:2.8.5] AndroidManifest.xml:5:5-44
Merging library manifest /Users/enayat/.gradle/caches/8.12/transforms/6dd44917cc9996309e332347b1a25883/transformed/jetified-ui-release/AndroidManifest.xml
Merging manifest with lower [androidx.compose.ui:ui-android:1.7.7] AndroidManifest.xml:2:1-7:12
uses-sdk defined in both files...
Merging uses-sdk with lower [androidx.compose.ui:ui-android:1.7.7] AndroidManifest.xml:5:5-44
Merging library manifest /Users/enayat/.gradle/caches/8.12/transforms/c5b81e31a50812c1adcb96d454f1f7c3/transformed/jetified-activity-ktx-1.8.2/AndroidManifest.xml
Merging manifest with lower [androidx.activity:activity-ktx:1.8.2] AndroidManifest.xml:2:1-7:12
uses-sdk defined in both files...
Merging uses-sdk with lower [androidx.activity:activity-ktx:1.8.2] AndroidManifest.xml:5:5-44
Merging library manifest /Users/enayat/.gradle/caches/8.12/transforms/7d9e24e57d0a835ef5d0299bd976b28e/transformed/jetified-activity-compose-1.8.2/AndroidManifest.xml
Merging manifest with lower [androidx.activity:activity-compose:1.8.2] AndroidManifest.xml:2:1-7:12
uses-sdk defined in both files...
Merging uses-sdk with lower [androidx.activity:activity-compose:1.8.2] AndroidManifest.xml:5:5-44
Merging library manifest /Users/enayat/.gradle/caches/8.12/transforms/38429c6ab3c82fcd7ceba87d70d025eb/transformed/jetified-core-splashscreen-1.0.1/AndroidManifest.xml
Merging manifest with lower [androidx.core:core-splashscreen:1.0.1] AndroidManifest.xml:17:1-24:12
uses-sdk defined in both files...
Merging uses-sdk with lower [androidx.core:core-splashscreen:1.0.1] AndroidManifest.xml:20:5-22:41
Merging library manifest /Users/enayat/.gradle/caches/8.12/transforms/7ba7d5ba6f2677dff20a3502c0ae87f2/transformed/jetified-timber-5.0.1/AndroidManifest.xml
Merging manifest with lower [com.jakewharton.timber:timber:5.0.1] AndroidManifest.xml:2:1-9:12
uses-sdk defined in both files...
Merging uses-sdk with lower [com.jakewharton.timber:timber:5.0.1] AndroidManifest.xml:5:5-44
application defined in both files...
Merging application with lower [com.jakewharton.timber:timber:5.0.1] AndroidManifest.xml:7:5-20
Merging library manifest /Users/enayat/.gradle/caches/8.12/transforms/f059cc937728febd70993a47bbf4ae9e/transformed/room-runtime-2.6.1/AndroidManifest.xml
Merging manifest with lower [androidx.room:room-runtime:2.6.1] AndroidManifest.xml:17:1-31:12
uses-sdk defined in both files...
Merging uses-sdk with lower [androidx.room:room-runtime:2.6.1] AndroidManifest.xml:21:5-44
application defined in both files...
Merging application with lower [androidx.room:room-runtime:2.6.1] AndroidManifest.xml:23:5-29:19
Adopted [service: null]
Merging library manifest /Users/enayat/.gradle/caches/8.12/transforms/a53f6261ab8d30586086d6ed8ce1baa4/transformed/jetified-room-ktx-2.6.1/AndroidManifest.xml
Merging manifest with lower [androidx.room:room-ktx:2.6.1] AndroidManifest.xml:17:1-22:12
uses-sdk defined in both files...
Merging uses-sdk with lower [androidx.room:room-ktx:2.6.1] AndroidManifest.xml:20:5-44
Merging library manifest /Users/enayat/.gradle/caches/8.12/transforms/24fdf83895f48df9400308d4cf216a58/transformed/sqlite-framework-2.4.0/AndroidManifest.xml
Merging manifest with lower [androidx.sqlite:sqlite-framework:2.4.0] AndroidManifest.xml:17:1-22:12
uses-sdk defined in both files...
Merging uses-sdk with lower [androidx.sqlite:sqlite-framework:2.4.0] AndroidManifest.xml:20:5-44
Merging library manifest /Users/enayat/.gradle/caches/8.12/transforms/fb34feb4d56e647e1c972b1225e6305a/transformed/sqlite-2.4.0/AndroidManifest.xml
Merging manifest with lower [androidx.sqlite:sqlite:2.4.0] AndroidManifest.xml:17:1-22:12
uses-sdk defined in both files...
Merging uses-sdk with lower [androidx.sqlite:sqlite:2.4.0] AndroidManifest.xml:20:5-44
Merging library manifest /Users/enayat/.gradle/caches/8.12/transforms/00d0c5c63eee5eec8cbbf564d0f12e53/transformed/jetified-runtime-saveable-release/AndroidManifest.xml
Merging manifest with lower [androidx.compose.runtime:runtime-saveable-android:1.7.7] AndroidManifest.xml:2:1-7:12
uses-sdk defined in both files...
Merging uses-sdk with lower [androidx.compose.runtime:runtime-saveable-android:1.7.7] AndroidManifest.xml:5:5-44
Merging library manifest /Users/enayat/.gradle/caches/8.12/transforms/0248bc36c5435bce9e9f18775e92d47d/transformed/jetified-runtime-release/AndroidManifest.xml
Merging manifest with lower [androidx.compose.runtime:runtime-android:1.7.7] AndroidManifest.xml:2:1-7:12
uses-sdk defined in both files...
Merging uses-sdk with lower [androidx.compose.runtime:runtime-android:1.7.7] AndroidManifest.xml:5:5-44
Merging library manifest /Users/enayat/.gradle/caches/8.12/transforms/fe471108e20820956deb170ead4887d6/transformed/jetified-annotation-experimental-1.4.1/AndroidManifest.xml
Merging manifest with lower [androidx.annotation:annotation-experimental:1.4.1] AndroidManifest.xml:2:1-7:12
uses-sdk defined in both files...
Merging uses-sdk with lower [androidx.annotation:annotation-experimental:1.4.1] AndroidManifest.xml:5:5-44
Merging library manifest /Users/enayat/.gradle/caches/8.12/transforms/68d345c96591fa020b121378531ff09d/transformed/jetified-security-crypto-1.1.0-alpha06/AndroidManifest.xml
Merging manifest with lower [androidx.security:security-crypto:1.1.0-alpha06] AndroidManifest.xml:17:1-22:12
uses-sdk defined in both files...
Merging uses-sdk with lower [androidx.security:security-crypto:1.1.0-alpha06] AndroidManifest.xml:20:5-44
Merging library manifest /Users/enayat/.gradle/caches/8.12/transforms/440fcdbe0a1e7e4b596292997d387478/transformed/versionedparcelable-1.1.1/AndroidManifest.xml
Merging manifest with lower [androidx.versionedparcelable:versionedparcelable:1.1.1] AndroidManifest.xml:17:1-27:12
uses-sdk defined in both files...
Merging uses-sdk with lower [androidx.versionedparcelable:versionedparcelable:1.1.1] AndroidManifest.xml:20:5-22:41
application defined in both files...
Merging application with lower [androidx.versionedparcelable:versionedparcelable:1.1.1] AndroidManifest.xml:24:5-25:19
Merging library manifest /Users/enayat/.gradle/caches/8.12/transforms/09d586368055ac2c58ca24634d58c6aa/transformed/cursoradapter-1.0.0/AndroidManifest.xml
Merging manifest with lower [androidx.cursoradapter:cursoradapter:1.0.0] AndroidManifest.xml:17:1-22:12
uses-sdk defined in both files...
Merging uses-sdk with lower [androidx.cursoradapter:cursoradapter:1.0.0] AndroidManifest.xml:20:5-44
Merging library manifest /Users/enayat/.gradle/caches/8.12/transforms/796612a8098838fb4daf66ec0e0143a4/transformed/cardview-1.0.0/AndroidManifest.xml
Merging manifest with lower [androidx.cardview:cardview:1.0.0] AndroidManifest.xml:17:1-22:12
uses-sdk defined in both files...
Merging uses-sdk with lower [androidx.cardview:cardview:1.0.0] AndroidManifest.xml:20:5-44
Merging library manifest /Users/enayat/.gradle/caches/8.12/transforms/ac9dcc4240b5c1d958ecf146673b237b/transformed/core-runtime-2.2.0/AndroidManifest.xml
Merging manifest with lower [androidx.arch.core:core-runtime:2.2.0] AndroidManifest.xml:17:1-22:12
uses-sdk defined in both files...
Merging uses-sdk with lower [androidx.arch.core:core-runtime:2.2.0] AndroidManifest.xml:20:5-44
Merging library manifest /Users/enayat/.gradle/caches/8.12/transforms/79c07666d55c3751efc0bb53e0f2e93b/transformed/jetified-profileinstaller-1.3.1/AndroidManifest.xml
Merging manifest with lower [androidx.profileinstaller:profileinstaller:1.3.1] AndroidManifest.xml:17:1-55:12
uses-sdk defined in both files...
Merging uses-sdk with lower [androidx.profileinstaller:profileinstaller:1.3.1] AndroidManifest.xml:21:5-44
application defined in both files...
Merging application with lower [androidx.profileinstaller:profileinstaller:1.3.1] AndroidManifest.xml:23:5-53:19
provider#androidx.startup.InitializationProvider defined in both files...
Merging provider#androidx.startup.InitializationProvider with lower [androidx.profileinstaller:profileinstaller:1.3.1] AndroidManifest.xml:24:9-32:20
Adopted [meta-data: null]
Adopted [receiver: null]
Merging library manifest /Users/enayat/.gradle/caches/8.12/transforms/bdede2cab4f56e692b5d8b8e999e02f6/transformed/jetified-startup-runtime-1.1.1/AndroidManifest.xml
Merging manifest with lower [androidx.startup:startup-runtime:1.1.1] AndroidManifest.xml:17:1-33:12
uses-sdk defined in both files...
Merging uses-sdk with lower [androidx.startup:startup-runtime:1.1.1] AndroidManifest.xml:21:5-23:41
application defined in both files...
Merging application with lower [androidx.startup:startup-runtime:1.1.1] AndroidManifest.xml:25:5-31:19
provider#androidx.startup.InitializationProvider defined in both files...
Merging provider#androidx.startup.InitializationProvider with lower [androidx.startup:startup-runtime:1.1.1] AndroidManifest.xml:26:9-30:34
Merging library manifest /Users/enayat/.gradle/caches/8.12/transforms/68b339fc4710458a308f1b715767b667/transformed/jetified-tracing-1.0.0/AndroidManifest.xml
Merging manifest with lower [androidx.tracing:tracing:1.0.0] AndroidManifest.xml:17:1-24:12
uses-sdk defined in both files...
Merging uses-sdk with lower [androidx.tracing:tracing:1.0.0] AndroidManifest.xml:20:5-22:41
Merging library manifest /Users/enayat/.gradle/caches/8.12/transforms/cad4d80ebe9ec673c80b50fbd550588a/transformed/interpolator-1.0.0/AndroidManifest.xml
Merging manifest with lower [androidx.interpolator:interpolator:1.0.0] AndroidManifest.xml:17:1-22:12
uses-sdk defined in both files...
Merging uses-sdk with lower [androidx.interpolator:interpolator:1.0.0] AndroidManifest.xml:20:5-44
Merging library manifest /Users/enayat/.gradle/caches/8.12/transforms/85bfe9b33681263b58e49723bac65259/transformed/documentfile-1.0.0/AndroidManifest.xml
Merging manifest with lower [androidx.documentfile:documentfile:1.0.0] AndroidManifest.xml:17:1-22:12
uses-sdk defined in both files...
Merging uses-sdk with lower [androidx.documentfile:documentfile:1.0.0] AndroidManifest.xml:20:5-44
Merging library manifest /Users/enayat/.gradle/caches/8.12/transforms/eda54ccbfe5d36096e328454040c6a4f/transformed/localbroadcastmanager-1.0.0/AndroidManifest.xml
Merging manifest with lower [androidx.localbroadcastmanager:localbroadcastmanager:1.0.0] AndroidManifest.xml:17:1-22:12
uses-sdk defined in both files...
Merging uses-sdk with lower [androidx.localbroadcastmanager:localbroadcastmanager:1.0.0] AndroidManifest.xml:20:5-44
Merging library manifest /Users/enayat/.gradle/caches/8.12/transforms/21cd89f2e6a24ff2a947ee471bca89f5/transformed/print-1.0.0/AndroidManifest.xml
Merging manifest with lower [androidx.print:print:1.0.0] AndroidManifest.xml:17:1-22:12
uses-sdk defined in both files...
Merging uses-sdk with lower [androidx.print:print:1.0.0] AndroidManifest.xml:20:5-44
Merging library manifest /Users/enayat/.gradle/caches/8.12/transforms/4db6d9c4cafc972cae89e6ace08dbc27/transformed/jetified-dagger-lint-aar-2.51.1/AndroidManifest.xml
Merging manifest with lower [com.google.dagger:dagger-lint-aar:2.51.1] AndroidManifest.xml:16:1-19:12
uses-sdk defined in both files...
Merging uses-sdk with lower [com.google.dagger:dagger-lint-aar:2.51.1] AndroidManifest.xml:18:3-42
Merging result: SUCCESS
1<?xml version="1.0" encoding="utf-8"?>
2<manifest xmlns:android="http://schemas.android.com/apk/res/android"
3    package="com.deepeye.otg"
4    android:versionCode="20300"
5    android:versionName="2026.30.0" >
6
7    <uses-sdk
8        android:minSdkVersion="26"
9        android:targetSdkVersion="35" />
10
11    <uses-feature
11-->/Users/enayat/Documents/DeepEyeUnlocker/app/src/main/AndroidManifest.xml:4:5-85
12        android:name="android.hardware.usb.host"
12-->/Users/enayat/Documents/DeepEyeUnlocker/app/src/main/AndroidManifest.xml:4:19-59
13        android:required="true" />
13-->/Users/enayat/Documents/DeepEyeUnlocker/app/src/main/AndroidManifest.xml:4:60-83
14
15    <uses-permission android:name="android.permission.RECEIVE_BOOT_COMPLETED" />
15-->/Users/enayat/Documents/DeepEyeUnlocker/app/src/main/AndroidManifest.xml:5:5-81
15-->/Users/enayat/Documents/DeepEyeUnlocker/app/src/main/AndroidManifest.xml:5:22-78
16    <uses-permission android:name="android.permission.USE_BIOMETRIC" />
16-->/Users/enayat/Documents/DeepEyeUnlocker/app/src/main/AndroidManifest.xml:6:5-72
16-->/Users/enayat/Documents/DeepEyeUnlocker/app/src/main/AndroidManifest.xml:6:22-69
17    <uses-permission android:name="android.permission.VIBRATE" />
17-->/Users/enayat/Documents/DeepEyeUnlocker/app/src/main/AndroidManifest.xml:7:5-66
17-->/Users/enayat/Documents/DeepEyeUnlocker/app/src/main/AndroidManifest.xml:7:22-63
18    <uses-permission android:name="android.permission.INTERNET" />
18-->/Users/enayat/Documents/DeepEyeUnlocker/app/src/main/AndroidManifest.xml:8:5-67
18-->/Users/enayat/Documents/DeepEyeUnlocker/app/src/main/AndroidManifest.xml:8:22-64
19    <uses-permission android:name="android.permission.WAKE_LOCK" />
19-->/Users/enayat/Documents/DeepEyeUnlocker/app/src/main/AndroidManifest.xml:9:5-68
19-->/Users/enayat/Documents/DeepEyeUnlocker/app/src/main/AndroidManifest.xml:9:22-65
20    <uses-permission android:name="android.permission.FOREGROUND_SERVICE" />
20-->/Users/enayat/Documents/DeepEyeUnlocker/app/src/main/AndroidManifest.xml:10:5-77
20-->/Users/enayat/Documents/DeepEyeUnlocker/app/src/main/AndroidManifest.xml:10:22-74
21    <uses-permission android:name="android.permission.FOREGROUND_SERVICE_CONNECTED_DEVICE" />
21-->/Users/enayat/Documents/DeepEyeUnlocker/app/src/main/AndroidManifest.xml:11:5-94
21-->/Users/enayat/Documents/DeepEyeUnlocker/app/src/main/AndroidManifest.xml:11:22-91
22    <uses-permission
22-->/Users/enayat/Documents/DeepEyeUnlocker/app/src/main/AndroidManifest.xml:13:5-107
23        android:name="android.permission.READ_EXTERNAL_STORAGE"
23-->/Users/enayat/Documents/DeepEyeUnlocker/app/src/main/AndroidManifest.xml:13:22-77
24        android:maxSdkVersion="32" />
24-->/Users/enayat/Documents/DeepEyeUnlocker/app/src/main/AndroidManifest.xml:13:78-104
25    <uses-permission
25-->/Users/enayat/Documents/DeepEyeUnlocker/app/src/main/AndroidManifest.xml:14:5-108
26        android:name="android.permission.WRITE_EXTERNAL_STORAGE"
26-->/Users/enayat/Documents/DeepEyeUnlocker/app/src/main/AndroidManifest.xml:14:22-78
27        android:maxSdkVersion="32" />
27-->/Users/enayat/Documents/DeepEyeUnlocker/app/src/main/AndroidManifest.xml:14:79-105
28    <uses-permission android:name="android.permission.MANAGE_EXTERNAL_STORAGE" />
28-->/Users/enayat/Documents/DeepEyeUnlocker/app/src/main/AndroidManifest.xml:15:5-82
28-->/Users/enayat/Documents/DeepEyeUnlocker/app/src/main/AndroidManifest.xml:15:22-79
29
30    <permission
30-->[androidx.core:core:1.13.1] /Users/enayat/.gradle/caches/8.12/transforms/f14a013919d4e98d26dad4159611a52d/transformed/core-1.13.1/AndroidManifest.xml:22:5-24:47
31        android:name="com.deepeye.otg.DYNAMIC_RECEIVER_NOT_EXPORTED_PERMISSION"
31-->[androidx.core:core:1.13.1] /Users/enayat/.gradle/caches/8.12/transforms/f14a013919d4e98d26dad4159611a52d/transformed/core-1.13.1/AndroidManifest.xml:23:9-81
32        android:protectionLevel="signature" />
32-->[androidx.core:core:1.13.1] /Users/enayat/.gradle/caches/8.12/transforms/f14a013919d4e98d26dad4159611a52d/transformed/core-1.13.1/AndroidManifest.xml:24:9-44
33
34    <uses-permission android:name="com.deepeye.otg.DYNAMIC_RECEIVER_NOT_EXPORTED_PERMISSION" />
34-->[androidx.core:core:1.13.1] /Users/enayat/.gradle/caches/8.12/transforms/f14a013919d4e98d26dad4159611a52d/transformed/core-1.13.1/AndroidManifest.xml:26:5-97
34-->[androidx.core:core:1.13.1] /Users/enayat/.gradle/caches/8.12/transforms/f14a013919d4e98d26dad4159611a52d/transformed/core-1.13.1/AndroidManifest.xml:26:22-94
35
36    <application
36-->/Users/enayat/Documents/DeepEyeUnlocker/app/src/main/AndroidManifest.xml:17:5-44:19
37        android:name="com.deepeye.otg.DeepEyeApplication"
37-->/Users/enayat/Documents/DeepEyeUnlocker/app/src/main/AndroidManifest.xml:17:18-52
38        android:allowBackup="false"
38-->/Users/enayat/Documents/DeepEyeUnlocker/app/src/main/AndroidManifest.xml:17:53-80
39        android:appComponentFactory="androidx.core.app.CoreComponentFactory"
39-->[androidx.core:core:1.13.1] /Users/enayat/.gradle/caches/8.12/transforms/f14a013919d4e98d26dad4159611a52d/transformed/core-1.13.1/AndroidManifest.xml:28:18-86
40        android:debuggable="false"
40-->/Users/enayat/Documents/DeepEyeUnlocker/app/src/main/AndroidManifest.xml:17:81-107
41        android:extractNativeLibs="false"
42        android:icon="@mipmap/ic_launcher"
42-->/Users/enayat/Documents/DeepEyeUnlocker/app/src/main/AndroidManifest.xml:17:108-142
43        android:label="DeepEyeUnlocker"
43-->/Users/enayat/Documents/DeepEyeUnlocker/app/src/main/AndroidManifest.xml:17:143-174
44        android:networkSecurityConfig="@xml/network_security_config"
44-->/Users/enayat/Documents/DeepEyeUnlocker/app/src/main/AndroidManifest.xml:17:175-235
45        android:roundIcon="@mipmap/ic_launcher_round"
45-->/Users/enayat/Documents/DeepEyeUnlocker/app/src/main/AndroidManifest.xml:17:236-281
46        android:supportsRtl="true"
46-->/Users/enayat/Documents/DeepEyeUnlocker/app/src/main/AndroidManifest.xml:17:282-308
47        android:theme="@style/Theme.DeepEye.Portable" >
47-->/Users/enayat/Documents/DeepEyeUnlocker/app/src/main/AndroidManifest.xml:17:309-354
48        <activity
48-->/Users/enayat/Documents/DeepEyeUnlocker/app/src/main/AndroidManifest.xml:19:9-24:20
49            android:name="com.deepeye.otg.ui.OtgActivity"
49-->/Users/enayat/Documents/DeepEyeUnlocker/app/src/main/AndroidManifest.xml:19:19-49
50            android:configChanges="orientation|screenSize|keyboardHidden"
50-->/Users/enayat/Documents/DeepEyeUnlocker/app/src/main/AndroidManifest.xml:19:127-188
51            android:directBootAware="true"
51-->/Users/enayat/Documents/DeepEyeUnlocker/app/src/main/AndroidManifest.xml:19:221-251
52            android:exported="true"
52-->/Users/enayat/Documents/DeepEyeUnlocker/app/src/main/AndroidManifest.xml:19:50-73
53            android:launchMode="singleTask"
53-->/Users/enayat/Documents/DeepEyeUnlocker/app/src/main/AndroidManifest.xml:19:189-220
54            android:theme="@style/Theme.DeepEye.Portable.Splash" >
54-->/Users/enayat/Documents/DeepEyeUnlocker/app/src/main/AndroidManifest.xml:19:74-126
55            <intent-filter>
55-->/Users/enayat/Documents/DeepEyeUnlocker/app/src/main/AndroidManifest.xml:20:13-23:29
56                <action android:name="android.intent.action.MAIN" />
56-->/Users/enayat/Documents/DeepEyeUnlocker/app/src/main/AndroidManifest.xml:21:17-69
56-->/Users/enayat/Documents/DeepEyeUnlocker/app/src/main/AndroidManifest.xml:21:25-66
57
58                <category android:name="android.intent.category.LAUNCHER" />
58-->/Users/enayat/Documents/DeepEyeUnlocker/app/src/main/AndroidManifest.xml:22:17-77
58-->/Users/enayat/Documents/DeepEyeUnlocker/app/src/main/AndroidManifest.xml:22:27-74
59            </intent-filter>
60        </activity>
61        <activity android:name="com.deepeye.otg.RemoteShareActivity" />
61-->/Users/enayat/Documents/DeepEyeUnlocker/app/src/main/AndroidManifest.xml:26:9-57
61-->/Users/enayat/Documents/DeepEyeUnlocker/app/src/main/AndroidManifest.xml:26:19-54
62
63        <receiver
63-->/Users/enayat/Documents/DeepEyeUnlocker/app/src/main/AndroidManifest.xml:28:9-37:20
64            android:name="com.deepeye.otg.usb.UsbManifestReceiver"
64-->/Users/enayat/Documents/DeepEyeUnlocker/app/src/main/AndroidManifest.xml:28:19-58
65            android:directBootAware="true"
65-->/Users/enayat/Documents/DeepEyeUnlocker/app/src/main/AndroidManifest.xml:28:107-137
66            android:enabled="true"
66-->/Users/enayat/Documents/DeepEyeUnlocker/app/src/main/AndroidManifest.xml:28:59-81
67            android:exported="false" >
67-->/Users/enayat/Documents/DeepEyeUnlocker/app/src/main/AndroidManifest.xml:28:82-106
68            <intent-filter>
68-->/Users/enayat/Documents/DeepEyeUnlocker/app/src/main/AndroidManifest.xml:30:13-34:29
69                <action android:name="android.hardware.usb.action.USB_DEVICE_ATTACHED" />
69-->/Users/enayat/Documents/DeepEyeUnlocker/app/src/main/AndroidManifest.xml:31:17-90
69-->/Users/enayat/Documents/DeepEyeUnlocker/app/src/main/AndroidManifest.xml:31:25-87
70                <action android:name="android.hardware.usb.action.USB_DEVICE_DETACHED" />
70-->/Users/enayat/Documents/DeepEyeUnlocker/app/src/main/AndroidManifest.xml:32:17-90
70-->/Users/enayat/Documents/DeepEyeUnlocker/app/src/main/AndroidManifest.xml:32:25-87
71                <action android:name="com.deepeye.otg.USB_PERMISSION" />
71-->/Users/enayat/Documents/DeepEyeUnlocker/app/src/main/AndroidManifest.xml:33:17-73
71-->/Users/enayat/Documents/DeepEyeUnlocker/app/src/main/AndroidManifest.xml:33:25-70
72            </intent-filter>
73
74            <meta-data
74-->/Users/enayat/Documents/DeepEyeUnlocker/app/src/main/AndroidManifest.xml:36:13-131
75                android:name="android.hardware.usb.action.USB_DEVICE_ATTACHED"
75-->/Users/enayat/Documents/DeepEyeUnlocker/app/src/main/AndroidManifest.xml:36:24-86
76                android:resource="@xml/usb_device_filter" />
76-->/Users/enayat/Documents/DeepEyeUnlocker/app/src/main/AndroidManifest.xml:36:87-128
77        </receiver>
78
79        <service
79-->/Users/enayat/Documents/DeepEyeUnlocker/app/src/main/AndroidManifest.xml:39:9-153
80            android:name="com.deepeye.otg.service.UsbForegroundService"
80-->/Users/enayat/Documents/DeepEyeUnlocker/app/src/main/AndroidManifest.xml:39:18-77
81            android:exported="false"
81-->/Users/enayat/Documents/DeepEyeUnlocker/app/src/main/AndroidManifest.xml:39:126-150
82            android:foregroundServiceType="connectedDevice" />
82-->/Users/enayat/Documents/DeepEyeUnlocker/app/src/main/AndroidManifest.xml:39:78-125
83
84        <provider
84-->/Users/enayat/Documents/DeepEyeUnlocker/app/src/main/AndroidManifest.xml:41:9-43:20
85            android:name="androidx.core.content.FileProvider"
85-->/Users/enayat/Documents/DeepEyeUnlocker/app/src/main/AndroidManifest.xml:41:19-68
86            android:authorities="com.deepeye.otg.fileprovider"
86-->/Users/enayat/Documents/DeepEyeUnlocker/app/src/main/AndroidManifest.xml:41:69-119
87            android:exported="false"
87-->/Users/enayat/Documents/DeepEyeUnlocker/app/src/main/AndroidManifest.xml:41:120-144
88            android:grantUriPermissions="true" >
88-->/Users/enayat/Documents/DeepEyeUnlocker/app/src/main/AndroidManifest.xml:41:145-179
89            <meta-data
89-->/Users/enayat/Documents/DeepEyeUnlocker/app/src/main/AndroidManifest.xml:42:13-112
90                android:name="android.support.FILE_PROVIDER_PATHS"
90-->/Users/enayat/Documents/DeepEyeUnlocker/app/src/main/AndroidManifest.xml:42:24-74
91                android:resource="@xml/file_paths" />
91-->/Users/enayat/Documents/DeepEyeUnlocker/app/src/main/AndroidManifest.xml:42:75-109
92        </provider>
93        <provider
93-->[androidx.emoji2:emoji2:1.3.0] /Users/enayat/.gradle/caches/8.12/transforms/6fb5f9f56aaa32b4c512d998c5b07000/transformed/jetified-emoji2-1.3.0/AndroidManifest.xml:24:9-32:20
94            android:name="androidx.startup.InitializationProvider"
94-->[androidx.emoji2:emoji2:1.3.0] /Users/enayat/.gradle/caches/8.12/transforms/6fb5f9f56aaa32b4c512d998c5b07000/transformed/jetified-emoji2-1.3.0/AndroidManifest.xml:25:13-67
95            android:authorities="com.deepeye.otg.androidx-startup"
95-->[androidx.emoji2:emoji2:1.3.0] /Users/enayat/.gradle/caches/8.12/transforms/6fb5f9f56aaa32b4c512d998c5b07000/transformed/jetified-emoji2-1.3.0/AndroidManifest.xml:26:13-68
96            android:exported="false" >
96-->[androidx.emoji2:emoji2:1.3.0] /Users/enayat/.gradle/caches/8.12/transforms/6fb5f9f56aaa32b4c512d998c5b07000/transformed/jetified-emoji2-1.3.0/AndroidManifest.xml:27:13-37
97            <meta-data
97-->[androidx.emoji2:emoji2:1.3.0] /Users/enayat/.gradle/caches/8.12/transforms/6fb5f9f56aaa32b4c512d998c5b07000/transformed/jetified-emoji2-1.3.0/AndroidManifest.xml:29:13-31:52
98                android:name="androidx.emoji2.text.EmojiCompatInitializer"
98-->[androidx.emoji2:emoji2:1.3.0] /Users/enayat/.gradle/caches/8.12/transforms/6fb5f9f56aaa32b4c512d998c5b07000/transformed/jetified-emoji2-1.3.0/AndroidManifest.xml:30:17-75
99                android:value="androidx.startup" />
99-->[androidx.emoji2:emoji2:1.3.0] /Users/enayat/.gradle/caches/8.12/transforms/6fb5f9f56aaa32b4c512d998c5b07000/transformed/jetified-emoji2-1.3.0/AndroidManifest.xml:31:17-49
100            <meta-data
100-->[androidx.lifecycle:lifecycle-process:2.8.5] /Users/enayat/.gradle/caches/8.12/transforms/dfa48d6e0d60711b761e408185c5a6ff/transformed/jetified-lifecycle-process-2.8.5/AndroidManifest.xml:29:13-31:52
101                android:name="androidx.lifecycle.ProcessLifecycleInitializer"
101-->[androidx.lifecycle:lifecycle-process:2.8.5] /Users/enayat/.gradle/caches/8.12/transforms/dfa48d6e0d60711b761e408185c5a6ff/transformed/jetified-lifecycle-process-2.8.5/AndroidManifest.xml:30:17-78
102                android:value="androidx.startup" />
102-->[androidx.lifecycle:lifecycle-process:2.8.5] /Users/enayat/.gradle/caches/8.12/transforms/dfa48d6e0d60711b761e408185c5a6ff/transformed/jetified-lifecycle-process-2.8.5/AndroidManifest.xml:31:17-49
103            <meta-data
103-->[androidx.profileinstaller:profileinstaller:1.3.1] /Users/enayat/.gradle/caches/8.12/transforms/79c07666d55c3751efc0bb53e0f2e93b/transformed/jetified-profileinstaller-1.3.1/AndroidManifest.xml:29:13-31:52
104                android:name="androidx.profileinstaller.ProfileInstallerInitializer"
104-->[androidx.profileinstaller:profileinstaller:1.3.1] /Users/enayat/.gradle/caches/8.12/transforms/79c07666d55c3751efc0bb53e0f2e93b/transformed/jetified-profileinstaller-1.3.1/AndroidManifest.xml:30:17-85
105                android:value="androidx.startup" />
105-->[androidx.profileinstaller:profileinstaller:1.3.1] /Users/enayat/.gradle/caches/8.12/transforms/79c07666d55c3751efc0bb53e0f2e93b/transformed/jetified-profileinstaller-1.3.1/AndroidManifest.xml:31:17-49
106        </provider>
107
108        <service
108-->[androidx.room:room-runtime:2.6.1] /Users/enayat/.gradle/caches/8.12/transforms/f059cc937728febd70993a47bbf4ae9e/transformed/room-runtime-2.6.1/AndroidManifest.xml:24:9-28:63
109            android:name="androidx.room.MultiInstanceInvalidationService"
109-->[androidx.room:room-runtime:2.6.1] /Users/enayat/.gradle/caches/8.12/transforms/f059cc937728febd70993a47bbf4ae9e/transformed/room-runtime-2.6.1/AndroidManifest.xml:25:13-74
110            android:directBootAware="true"
110-->[androidx.room:room-runtime:2.6.1] /Users/enayat/.gradle/caches/8.12/transforms/f059cc937728febd70993a47bbf4ae9e/transformed/room-runtime-2.6.1/AndroidManifest.xml:26:13-43
111            android:exported="false" />
111-->[androidx.room:room-runtime:2.6.1] /Users/enayat/.gradle/caches/8.12/transforms/f059cc937728febd70993a47bbf4ae9e/transformed/room-runtime-2.6.1/AndroidManifest.xml:27:13-37
112
113        <receiver
113-->[androidx.profileinstaller:profileinstaller:1.3.1] /Users/enayat/.gradle/caches/8.12/transforms/79c07666d55c3751efc0bb53e0f2e93b/transformed/jetified-profileinstaller-1.3.1/AndroidManifest.xml:34:9-52:20
114            android:name="androidx.profileinstaller.ProfileInstallReceiver"
114-->[androidx.profileinstaller:profileinstaller:1.3.1] /Users/enayat/.gradle/caches/8.12/transforms/79c07666d55c3751efc0bb53e0f2e93b/transformed/jetified-profileinstaller-1.3.1/AndroidManifest.xml:35:13-76
115            android:directBootAware="false"
115-->[androidx.profileinstaller:profileinstaller:1.3.1] /Users/enayat/.gradle/caches/8.12/transforms/79c07666d55c3751efc0bb53e0f2e93b/transformed/jetified-profileinstaller-1.3.1/AndroidManifest.xml:36:13-44
116            android:enabled="true"
116-->[androidx.profileinstaller:profileinstaller:1.3.1] /Users/enayat/.gradle/caches/8.12/transforms/79c07666d55c3751efc0bb53e0f2e93b/transformed/jetified-profileinstaller-1.3.1/AndroidManifest.xml:37:13-35
117            android:exported="true"
117-->[androidx.profileinstaller:profileinstaller:1.3.1] /Users/enayat/.gradle/caches/8.12/transforms/79c07666d55c3751efc0bb53e0f2e93b/transformed/jetified-profileinstaller-1.3.1/AndroidManifest.xml:38:13-36
118            android:permission="android.permission.DUMP" >
118-->[androidx.profileinstaller:profileinstaller:1.3.1] /Users/enayat/.gradle/caches/8.12/transforms/79c07666d55c3751efc0bb53e0f2e93b/transformed/jetified-profileinstaller-1.3.1/AndroidManifest.xml:39:13-57
119            <intent-filter>
119-->[androidx.profileinstaller:profileinstaller:1.3.1] /Users/enayat/.gradle/caches/8.12/transforms/79c07666d55c3751efc0bb53e0f2e93b/transformed/jetified-profileinstaller-1.3.1/AndroidManifest.xml:40:13-42:29
120                <action android:name="androidx.profileinstaller.action.INSTALL_PROFILE" />
120-->[androidx.profileinstaller:profileinstaller:1.3.1] /Users/enayat/.gradle/caches/8.12/transforms/79c07666d55c3751efc0bb53e0f2e93b/transformed/jetified-profileinstaller-1.3.1/AndroidManifest.xml:41:17-91
120-->[androidx.profileinstaller:profileinstaller:1.3.1] /Users/enayat/.gradle/caches/8.12/transforms/79c07666d55c3751efc0bb53e0f2e93b/transformed/jetified-profileinstaller-1.3.1/AndroidManifest.xml:41:25-88
121            </intent-filter>
122            <intent-filter>
122-->[androidx.profileinstaller:profileinstaller:1.3.1] /Users/enayat/.gradle/caches/8.12/transforms/79c07666d55c3751efc0bb53e0f2e93b/transformed/jetified-profileinstaller-1.3.1/AndroidManifest.xml:43:13-45:29
123                <action android:name="androidx.profileinstaller.action.SKIP_FILE" />
123-->[androidx.profileinstaller:profileinstaller:1.3.1] /Users/enayat/.gradle/caches/8.12/transforms/79c07666d55c3751efc0bb53e0f2e93b/transformed/jetified-profileinstaller-1.3.1/AndroidManifest.xml:44:17-85
123-->[androidx.profileinstaller:profileinstaller:1.3.1] /Users/enayat/.gradle/caches/8.12/transforms/79c07666d55c3751efc0bb53e0f2e93b/transformed/jetified-profileinstaller-1.3.1/AndroidManifest.xml:44:25-82
124            </intent-filter>
125            <intent-filter>
125-->[androidx.profileinstaller:profileinstaller:1.3.1] /Users/enayat/.gradle/caches/8.12/transforms/79c07666d55c3751efc0bb53e0f2e93b/transformed/jetified-profileinstaller-1.3.1/AndroidManifest.xml:46:13-48:29
126                <action android:name="androidx.profileinstaller.action.SAVE_PROFILE" />
126-->[androidx.profileinstaller:profileinstaller:1.3.1] /Users/enayat/.gradle/caches/8.12/transforms/79c07666d55c3751efc0bb53e0f2e93b/transformed/jetified-profileinstaller-1.3.1/AndroidManifest.xml:47:17-88
126-->[androidx.profileinstaller:profileinstaller:1.3.1] /Users/enayat/.gradle/caches/8.12/transforms/79c07666d55c3751efc0bb53e0f2e93b/transformed/jetified-profileinstaller-1.3.1/AndroidManifest.xml:47:25-85
127            </intent-filter>
128            <intent-filter>
128-->[androidx.profileinstaller:profileinstaller:1.3.1] /Users/enayat/.gradle/caches/8.12/transforms/79c07666d55c3751efc0bb53e0f2e93b/transformed/jetified-profileinstaller-1.3.1/AndroidManifest.xml:49:13-51:29
129                <action android:name="androidx.profileinstaller.action.BENCHMARK_OPERATION" />
129-->[androidx.profileinstaller:profileinstaller:1.3.1] /Users/enayat/.gradle/caches/8.12/transforms/79c07666d55c3751efc0bb53e0f2e93b/transformed/jetified-profileinstaller-1.3.1/AndroidManifest.xml:50:17-95
129-->[androidx.profileinstaller:profileinstaller:1.3.1] /Users/enayat/.gradle/caches/8.12/transforms/79c07666d55c3751efc0bb53e0f2e93b/transformed/jetified-profileinstaller-1.3.1/AndroidManifest.xml:50:25-92
130            </intent-filter>
131        </receiver>
132    </application>
133
134</manifest>

Merged manifest saved to /Users/enayat/Documents/DeepEyeUnlocker/app/build/intermediates/merged_manifest/release/AndroidManifest.xml
Resolve mutations for :app:mergeReleaseNativeDebugMetadata (Thread[Execution worker Thread 3,5,main]) started.
:app:mergeReleaseNativeDebugMetadata (Thread[Execution worker,5,main]) started.
Resolve mutations for :app:processReleaseManifest (Thread[Execution worker Thread 3,5,main]) started.
:app:processReleaseManifest (Thread[included builds,5,main]) started.

> Task :app:processReleaseManifest
Caching disabled for task ':app:processReleaseManifest' because:
  Build cache is disabled
Task ':app:processReleaseManifest' is not up-to-date because:
  Executed with '--rerun-tasks'.
Resolve mutations for :app:processReleaseManifestForPackage (Thread[included builds,5,main]) started.
:app:processReleaseManifestForPackage (Thread[included builds,5,main]) started.
Resolve mutations for :app:javaPreCompileRelease (Thread[Execution worker Thread 2,5,main]) started.
:app:javaPreCompileRelease (Thread[Execution worker Thread 2,5,main]) started.
Resolve mutations for :app:extractProguardFiles (Thread[Execution worker Thread 3,5,main]) started.
:app:extractProguardFiles (Thread[Execution worker Thread 3,5,main]) started.

> Task :app:extractProguardFiles
Caching disabled for task ':app:extractProguardFiles' because:
  Build cache is disabled
  Tasks that execute quickly usually do not benefit from caching.
Task ':app:extractProguardFiles' is not up-to-date because:
  Executed with '--rerun-tasks'.

> Task :app:processReleaseManifestForPackage
Custom actions are attached to task ':app:processReleaseManifestForPackage'.
Caching disabled for task ':app:processReleaseManifestForPackage' because:
  Build cache is disabled
Task ':app:processReleaseManifestForPackage' is not up-to-date because:
  Executed with '--rerun-tasks'.
Resolve mutations for :app:processReleaseResources (Thread[Execution worker Thread 3,5,main]) started.
:app:processReleaseResources (Thread[Execution worker Thread 3,5,main]) started.

> Task :app:javaPreCompileRelease
Caching disabled for task ':app:javaPreCompileRelease' because:
  Build cache is disabled
Task ':app:javaPreCompileRelease' is not up-to-date because:
  Executed with '--rerun-tasks'.

> Task :app:mergeReleaseNativeDebugMetadata
Caching disabled for task ':app:mergeReleaseNativeDebugMetadata' because:
  Build cache is disabled
  Caching has been disabled for the task
Task ':app:mergeReleaseNativeDebugMetadata' is not up-to-date because:
  Executed with '--rerun-tasks'.

> Task :app:processReleaseResources
Caching disabled for task ':app:processReleaseResources' because:
  Build cache is disabled
Task ':app:processReleaseResources' is not up-to-date because:
  Executed with '--rerun-tasks'.
The input changes require a full rebuild for incremental task ':app:processReleaseResources'.

Resolve mutations for :app:mergeReleaseShaders (Thread[Execution worker,5,main]) started.
:app:mergeReleaseShaders (Thread[Execution worker,5,main]) started.

> Task :app:mergeReleaseShaders
Caching disabled for task ':app:mergeReleaseShaders' because:
  Build cache is disabled
Task ':app:mergeReleaseShaders' is not up-to-date because:
  Executed with '--rerun-tasks'.
The input changes require a full rebuild for incremental task ':app:mergeReleaseShaders'.
Resolve mutations for :app:compileReleaseShaders (Thread[Execution worker,5,main]) started.
:app:compileReleaseShaders (Thread[Execution worker,5,main]) started.

> Task :app:compileReleaseShaders NO-SOURCE
Skipping task ':app:compileReleaseShaders' as it has no source files and no previous output files.
Resolve mutations for :app:generateReleaseAssets (Thread[Execution worker,5,main]) started.
:app:generateReleaseAssets (Thread[Execution worker,5,main]) started.

> Task :app:generateReleaseAssets UP-TO-DATE
Skipping task ':app:generateReleaseAssets' as it has no actions.
Resolve mutations for :app:mergeReleaseAssets (Thread[Execution worker,5,main]) started.
:app:mergeReleaseAssets (Thread[Execution worker,5,main]) started.

> Task :app:mergeReleaseAssets
Caching disabled for task ':app:mergeReleaseAssets' because:
  Build cache is disabled
Task ':app:mergeReleaseAssets' is not up-to-date because:
  Executed with '--rerun-tasks'.
The input changes require a full rebuild for incremental task ':app:mergeReleaseAssets'.
Resolve mutations for :app:compressReleaseAssets (Thread[Execution worker,5,main]) started.
:app:compressReleaseAssets (Thread[Execution worker,5,main]) started.
Resolve mutations for :app:processApplicationManifestReleaseForBundle (Thread[Execution worker Thread 2,5,main]) started.
:app:processApplicationManifestReleaseForBundle (Thread[Execution worker Thread 2,5,main]) started.

> Task :app:processApplicationManifestReleaseForBundle
Caching disabled for task ':app:processApplicationManifestReleaseForBundle' because:
  Build cache is disabled
  Caching has been disabled for the task
Task ':app:processApplicationManifestReleaseForBundle' is not up-to-date because:
  Executed with '--rerun-tasks'.
Resolve mutations for :app:collectReleaseDependencies (Thread[Execution worker Thread 2,5,main]) started.
:app:collectReleaseDependencies (Thread[Execution worker Thread 2,5,main]) started.

> Task :app:compressReleaseAssets
Caching disabled for task ':app:compressReleaseAssets' because:
  Build cache is disabled
Task ':app:compressReleaseAssets' is not up-to-date because:
  Executed with '--rerun-tasks'.
The input changes require a full rebuild for incremental task ':app:compressReleaseAssets'.

> Task :app:collectReleaseDependencies
Caching disabled for task ':app:collectReleaseDependencies' because:
  Build cache is disabled
  Caching has been disabled for the task
Task ':app:collectReleaseDependencies' is not up-to-date because:
  Executed with '--rerun-tasks'.
Resolve mutations for :app:sdkReleaseDependencyData (Thread[Execution worker,5,main]) started.
:app:sdkReleaseDependencyData (Thread[Execution worker,5,main]) started.

> Task :app:sdkReleaseDependencyData
Caching disabled for task ':app:sdkReleaseDependencyData' because:
  Build cache is disabled
  Caching has been disabled for the task
Task ':app:sdkReleaseDependencyData' is not up-to-date because:
  Executed with '--rerun-tasks'.
Resolve mutations for :app:validateSigningRelease (Thread[Execution worker,5,main]) started.
:app:validateSigningRelease (Thread[Execution worker,5,main]) started.

> Task :app:validateSigningRelease
Caching disabled for task ':app:validateSigningRelease' because:
  Build cache is disabled
  Caching has been disabled for the task
Task ':app:validateSigningRelease' is not up-to-date because:
  Executed with '--rerun-tasks'.
Resolve mutations for :app:writeReleaseAppMetadata (Thread[Execution worker,5,main]) started.
:app:writeReleaseAppMetadata (Thread[Execution worker,5,main]) started.

> Task :app:writeReleaseAppMetadata
Caching disabled for task ':app:writeReleaseAppMetadata' because:
  Build cache is disabled
  Caching has been disabled for the task
Task ':app:writeReleaseAppMetadata' is not up-to-date because:
  Executed with '--rerun-tasks'.
Resolve mutations for :app:writeReleaseSigningConfigVersions (Thread[Execution worker,5,main]) started.
:app:writeReleaseSigningConfigVersions (Thread[Execution worker,5,main]) started.

> Task :app:writeReleaseSigningConfigVersions
Caching disabled for task ':app:writeReleaseSigningConfigVersions' because:
  Build cache is disabled
  Caching has been disabled for the task
Task ':app:writeReleaseSigningConfigVersions' is not up-to-date because:
  Executed with '--rerun-tasks'.

> Task :app:processReleaseResources
Aapt output file /Users/enayat/Documents/DeepEyeUnlocker/app/build/intermediates/processed_res/release/out/resources-release.ap_
Resolve mutations for :app:kspReleaseKotlin (Thread[Execution worker Thread 3,5,main]) started.
:app:kspReleaseKotlin (Thread[Execution worker Thread 3,5,main]) started.

> Task :app:kspReleaseKotlin
file or directory '/Users/enayat/Documents/DeepEyeUnlocker/app/src/release/kotlin', not found
file or directory '/Users/enayat/Documents/DeepEyeUnlocker/app/src/release/java', not found
file or directory '/Users/enayat/Documents/DeepEyeUnlocker/app/src/main/java', not found
file or directory '/Users/enayat/Documents/DeepEyeUnlocker/app/src/main/java', not found
file or directory '/Users/enayat/Documents/DeepEyeUnlocker/app/src/release/java', not found
file or directory '/Users/enayat/Documents/DeepEyeUnlocker/app/src/release/kotlin', not found
file or directory '/Users/enayat/Documents/DeepEyeUnlocker/app/src/release/java', not found
file or directory '/Users/enayat/Documents/DeepEyeUnlocker/app/src/main/java', not found
file or directory '/Users/enayat/Documents/DeepEyeUnlocker/app/src/main/java', not found
file or directory '/Users/enayat/Documents/DeepEyeUnlocker/app/src/release/java', not found
Caching disabled for task ':app:kspReleaseKotlin' because:
  Build cache is disabled
Task ':app:kspReleaseKotlin' is not up-to-date because:
  Executed with '--rerun-tasks'.
The input changes require a full rebuild for incremental task ':app:kspReleaseKotlin'.
file or directory '/Users/enayat/Documents/DeepEyeUnlocker/app/src/release/kotlin', not found
file or directory '/Users/enayat/Documents/DeepEyeUnlocker/app/src/release/java', not found
file or directory '/Users/enayat/Documents/DeepEyeUnlocker/app/src/main/java', not found
file or directory '/Users/enayat/Documents/DeepEyeUnlocker/app/src/main/java', not found
file or directory '/Users/enayat/Documents/DeepEyeUnlocker/app/src/release/java', not found
file or directory '/Users/enayat/Documents/DeepEyeUnlocker/app/src/release/kotlin', not found
file or directory '/Users/enayat/Documents/DeepEyeUnlocker/app/src/release/java', not found
file or directory '/Users/enayat/Documents/DeepEyeUnlocker/app/src/release/kotlin', not found
file or directory '/Users/enayat/Documents/DeepEyeUnlocker/app/src/release/java', not found
file or directory '/Users/enayat/Documents/DeepEyeUnlocker/app/src/main/java', not found
file or directory '/Users/enayat/Documents/DeepEyeUnlocker/app/src/main/java', not found
file or directory '/Users/enayat/Documents/DeepEyeUnlocker/app/src/release/java', not found
file or directory '/Users/enayat/Documents/DeepEyeUnlocker/app/src/release/kotlin', not found
file or directory '/Users/enayat/Documents/DeepEyeUnlocker/app/src/release/java', not found
file or directory '/Users/enayat/Documents/DeepEyeUnlocker/app/src/main/java', not found
file or directory '/Users/enayat/Documents/DeepEyeUnlocker/app/src/main/java', not found
file or directory '/Users/enayat/Documents/DeepEyeUnlocker/app/src/release/java', not found
file or directory '/Users/enayat/Documents/DeepEyeUnlocker/app/src/release/kotlin', not found
file or directory '/Users/enayat/Documents/DeepEyeUnlocker/app/src/release/java', not found
file or directory '/Users/enayat/Documents/DeepEyeUnlocker/app/src/main/java', not found
file or directory '/Users/enayat/Documents/DeepEyeUnlocker/app/src/main/java', not found
file or directory '/Users/enayat/Documents/DeepEyeUnlocker/app/src/release/java', not found
Kotlin source files: /Users/enayat/Documents/DeepEyeUnlocker/app/src/main/kotlin/com/deepeye/otg/DeepEyeApplication.kt, /Users/enayat/Documents/DeepEyeUnlocker/app/src/main/kotlin/com/deepeye/otg/ModelAdapter.kt, /Users/enayat/Documents/DeepEyeUnlocker/app/src/main/kotlin/com/deepeye/otg/research/fuzz/Mutators.kt, /Users/enayat/Documents/DeepEyeUnlocker/app/src/main/kotlin/com/deepeye/otg/research/fuzz/CrashClassifier.kt, /Users/enayat/Documents/DeepEyeUnlocker/app/src/main/kotlin/com/deepeye/otg/research/fuzz/FuzzHarness.kt, /Users/enayat/Documents/DeepEyeUnlocker/app/src/main/kotlin/com/deepeye/otg/research/fuzz/ReproRecorder.kt, /Users/enayat/Documents/DeepEyeUnlocker/app/src/main/kotlin/com/deepeye/otg/research/fuzz/CorpusManager.kt, /Users/enayat/Documents/DeepEyeUnlocker/app/src/main/kotlin/com/deepeye/otg/viewmodel/research/DeviceAnalysisViewModel.kt, /Users/enayat/Documents/DeepEyeUnlocker/app/src/main/kotlin/com/deepeye/otg/viewmodel/research/HidResearchViewModel.kt, /Users/enayat/Documents/DeepEyeUnlocker/app/src/main/kotlin/com/deepeye/otg/viewmodel/research/FuzzDashboardViewModel.kt, /Users/enayat/Documents/DeepEyeUnlocker/app/src/main/kotlin/com/deepeye/otg/viewmodel/research/CveDashboardViewModel.kt, /Users/enayat/Documents/DeepEyeUnlocker/app/src/main/kotlin/com/deepeye/otg/viewmodel/research/ForensicsViewModel.kt, /Users/enayat/Documents/DeepEyeUnlocker/app/src/main/kotlin/com/deepeye/otg/viewmodel/TerminalViewModel.kt, /Users/enayat/Documents/DeepEyeUnlocker/app/src/main/kotlin/com/deepeye/otg/viewmodel/UsbViewModel.kt, /Users/enayat/Documents/DeepEyeUnlocker/app/src/main/kotlin/com/deepeye/otg/viewmodel/StorageViewModel.kt, /Users/enayat/Documents/DeepEyeUnlocker/app/src/main/kotlin/com/deepeye/otg/viewmodel/ForensicVaultViewModel.kt, /Users/enayat/Documents/DeepEyeUnlocker/app/src/main/kotlin/com/deepeye/otg/ui/viewmodel/LogEntry.kt, /Users/enayat/Documents/DeepEyeUnlocker/app/src/main/kotlin/com/deepeye/otg/ui/UsbStateMapper.kt, /Users/enayat/Documents/DeepEyeUnlocker/app/src/main/kotlin/com/deepeye/otg/ui/OtgActivity.kt, /Users/enayat/Documents/DeepEyeUnlocker/app/src/main/kotlin/com/deepeye/otg/ui/RemoteShareScreen.kt, /Users/enayat/Documents/DeepEyeUnlocker/app/src/main/kotlin/com/deepeye/otg/ui/state/UiEvents.kt, /Users/enayat/Documents/DeepEyeUnlocker/app/src/main/kotlin/com/deepeye/otg/ui/state/UiStateModels.kt, /Users/enayat/Documents/DeepEyeUnlocker/app/src/main/kotlin/com/deepeye/otg/ui/screens/ConnectionTestScreen.kt, /Users/enayat/Documents/DeepEyeUnlocker/app/src/main/kotlin/com/deepeye/otg/ui/screens/MtpOnlyScreen.kt, /Users/enayat/Documents/DeepEyeUnlocker/app/src/main/kotlin/com/deepeye/otg/ui/screens/FileExplorerScreen.kt, /Users/enayat/Documents/DeepEyeUnlocker/app/src/main/kotlin/com/deepeye/otg/ui/screens/PartitionManagerScreen.kt, /Users/enayat/Documents/DeepEyeUnlocker/app/src/main/kotlin/com/deepeye/otg/ui/screens/CompleteScreen.kt, /Users/enayat/Documents/DeepEyeUnlocker/app/src/main/kotlin/com/deepeye/otg/ui/screens/TerminalScreen.kt, /Users/enayat/Documents/DeepEyeUnlocker/app/src/main/kotlin/com/deepeye/otg/ui/screens/ExecutingScreen.kt, /Users/enayat/Documents/DeepEyeUnlocker/app/src/main/kotlin/com/deepeye/otg/ui/screens/ErrorScreen.kt, /Users/enayat/Documents/DeepEyeUnlocker/app/src/main/kotlin/com/deepeye/otg/ui/screens/Iphone15ResearchScreen.kt, /Users/enayat/Documents/DeepEyeUnlocker/app/src/main/kotlin/com/deepeye/otg/ui/screens/SettingsScreen.kt, /Users/enayat/Documents/DeepEyeUnlocker/app/src/main/kotlin/com/deepeye/otg/ui/screens/TargetDashboardScreen.kt, /Users/enayat/Documents/DeepEyeUnlocker/app/src/main/kotlin/com/deepeye/otg/ui/screens/ImeiRepairScreen.kt, /Users/enayat/Documents/DeepEyeUnlocker/app/src/main/kotlin/com/deepeye/otg/ui/screens/FuzzDashboardScreen.kt, /Users/enayat/Documents/DeepEyeUnlocker/app/src/main/kotlin/com/deepeye/otg/ui/screens/StorageScreen.kt, /Users/enayat/Documents/DeepEyeUnlocker/app/src/main/kotlin/com/deepeye/otg/ui/screens/WaitingScreen.kt, /Users/enayat/Documents/DeepEyeUnlocker/app/src/main/kotlin/com/deepeye/otg/ui/screens/ForensicLabScreen.kt, /Users/enayat/Documents/DeepEyeUnlocker/app/src/main/kotlin/com/deepeye/otg/ui/screens/MissionHubScreen.kt, /Users/enayat/Documents/DeepEyeUnlocker/app/src/main/kotlin/com/deepeye/otg/ui/screens/CveDashboardScreen.kt, /Users/enayat/Documents/DeepEyeUnlocker/app/src/main/kotlin/com/deepeye/otg/ui/screens/NavTarget.kt, /Users/enayat/Documents/DeepEyeUnlocker/app/src/main/kotlin/com/deepeye/otg/ui/screens/ReportingScreen.kt, /Users/enayat/Documents/DeepEyeUnlocker/app/src/main/kotlin/com/deepeye/otg/ui/screens/VaultScreen.kt, /Users/enayat/Documents/DeepEyeUnlocker/app/src/main/kotlin/com/deepeye/otg/ui/screens/MainScreen.kt, /Users/enayat/Documents/DeepEyeUnlocker/app/src/main/kotlin/com/deepeye/otg/ui/screens/TestHarnessScreen.kt, /Users/enayat/Documents/DeepEyeUnlocker/app/src/main/kotlin/com/deepeye/otg/ui/screens/HidResearchScreen.kt, /Users/enayat/Documents/DeepEyeUnlocker/app/src/main/kotlin/com/deepeye/otg/ui/screens/LoadingScreen.kt, /Users/enayat/Documents/DeepEyeUnlocker/app/src/main/kotlin/com/deepeye/otg/ui/components/BrandSelectorBar.kt, /Users/enayat/Documents/DeepEyeUnlocker/app/src/main/kotlin/com/deepeye/otg/ui/components/GlassButton.kt, /Users/enayat/Documents/DeepEyeUnlocker/app/src/main/kotlin/com/deepeye/otg/ui/components/SafeDumpDialog.kt, /Users/enayat/Documents/DeepEyeUnlocker/app/src/main/kotlin/com/deepeye/otg/ui/components/GlassCard.kt, /Users/enayat/Documents/DeepEyeUnlocker/app/src/main/kotlin/com/deepeye/otg/ui/components/GlassProgressBar.kt, /Users/enayat/Documents/DeepEyeUnlocker/app/src/main/kotlin/com/deepeye/otg/ui/components/DebugOverlayPanel.kt, /Users/enayat/Documents/DeepEyeUnlocker/app/src/main/kotlin/com/deepeye/otg/ui/components/ConnectionModeBar.kt, /Users/enayat/Documents/DeepEyeUnlocker/app/src/main/kotlin/com/deepeye/otg/ui/components/DeviceIdentityCard.kt, /Users/enayat/Documents/DeepEyeUnlocker/app/src/main/kotlin/com/deepeye/otg/ui/components/ForensicIntelPanel.kt, /Users/enayat/Documents/DeepEyeUnlocker/app/src/main/kotlin/com/deepeye/otg/ui/components/TargetComponents.kt, /Users/enayat/Documents/DeepEyeUnlocker/app/src/main/kotlin/com/deepeye/otg/ui/components/UsbTypeCIcon.kt, /Users/enayat/Documents/DeepEyeUnlocker/app/src/main/kotlin/com/deepeye/otg/ui/components/ForensicExplorer.kt, /Users/enayat/Documents/DeepEyeUnlocker/app/src/main/kotlin/com/deepeye/otg/ui/components/GlassTabRow.kt, /Users/enayat/Documents/DeepEyeUnlocker/app/src/main/kotlin/com/deepeye/otg/ui/components/ActivationOverlay.kt, /Users/enayat/Documents/DeepEyeUnlocker/app/src/main/kotlin/com/deepeye/otg/ui/components/OemWarningBanner.kt, /Users/enayat/Documents/DeepEyeUnlocker/app/src/main/kotlin/com/deepeye/otg/ui/components/GlassBadge.kt, /Users/enayat/Documents/DeepEyeUnlocker/app/src/main/kotlin/com/deepeye/otg/ui/components/HexPeekDialog.kt, /Users/enayat/Documents/DeepEyeUnlocker/app/src/main/kotlin/com/deepeye/otg/ui/theme/StitchTokens.kt, /Users/enayat/Documents/DeepEyeUnlocker/app/src/main/kotlin/com/deepeye/otg/ui/theme/DeepEyeTheme.kt, /Users/enayat/Documents/DeepEyeUnlocker/app/src/main/kotlin/com/deepeye/otg/ui/theme/GlassTokens.kt, /Users/enayat/Documents/DeepEyeUnlocker/app/src/main/kotlin/com/deepeye/otg/ui/device/DeviceSupportViewModel.kt, /Users/enayat/Documents/DeepEyeUnlocker/app/src/main/kotlin/com/deepeye/otg/ui/device/DeviceSupportScreen.kt, /Users/enayat/Documents/DeepEyeUnlocker/app/src/main/kotlin/com/deepeye/otg/ui/gsmg/BypassViewModel.kt, /Users/enayat/Documents/DeepEyeUnlocker/app/src/main/kotlin/com/deepeye/otg/ui/gsmg/BypassScreen.kt, /Users/enayat/Documents/DeepEyeUnlocker/app/src/main/kotlin/com/deepeye/otg/ui/DeepEyeApp.kt, /Users/enayat/Documents/DeepEyeUnlocker/app/src/main/kotlin/com/deepeye/otg/exploit/PostExploitExtractor.kt, /Users/enayat/Documents/DeepEyeUnlocker/app/src/main/kotlin/com/deepeye/otg/exploit/ExploitChainOrchestrator.kt, /Users/enayat/Documents/DeepEyeUnlocker/app/src/main/kotlin/com/deepeye/otg/exploit/payloads/WebKitUafExploit.kt, /Users/enayat/Documents/DeepEyeUnlocker/app/src/main/kotlin/com/deepeye/otg/exploit/payloads/ApplePayloadProvider.kt, /Users/enayat/Documents/DeepEyeUnlocker/app/src/main/kotlin/com/deepeye/otg/exploit/payloads/DyldExploit.kt, /Users/enayat/Documents/DeepEyeUnlocker/app/src/main/kotlin/com/deepeye/otg/exploit/payloads/KernelExploit.kt, /Users/enayat/Documents/DeepEyeUnlocker/app/src/main/kotlin/com/deepeye/otg/exploit/payloads/android/QualcommDspExploit.kt, /Users/enayat/Documents/DeepEyeUnlocker/app/src/main/kotlin/com/deepeye/otg/exploit/payloads/android/SamsungCodecExploit.kt, /Users/enayat/Documents/DeepEyeUnlocker/app/src/main/kotlin/com/deepeye/otg/exploit/payloads/android/AndroidFrameworkExploit.kt, /Users/enayat/Documents/DeepEyeUnlocker/app/src/main/kotlin/com/deepeye/otg/exploit/AslrDefeater.kt, /Users/enayat/Documents/DeepEyeUnlocker/app/src/main/kotlin/com/deepeye/otg/exploit/AmfiSymlinkBypass.kt, /Users/enayat/Documents/DeepEyeUnlocker/app/src/main/kotlin/com/deepeye/otg/exploit/UniversalExploitOrchestrator.kt, /Users/enayat/Documents/DeepEyeUnlocker/app/src/main/kotlin/com/deepeye/otg/di/ResearchModule.kt, /Users/enayat/Documents/DeepEyeUnlocker/app/src/main/kotlin/com/deepeye/otg/di/AppModule.kt, /Users/enayat/Documents/DeepEyeUnlocker/app/src/main/kotlin/com/deepeye/otg/di/NetworkModule.kt, /Users/enayat/Documents/DeepEyeUnlocker/app/src/main/kotlin/com/deepeye/otg/intelligence/vulndb/CveEntry.kt, /Users/enayat/Documents/DeepEyeUnlocker/app/src/main/kotlin/com/deepeye/otg/intelligence/vulndb/LogSafe.kt, /Users/enayat/Documents/DeepEyeUnlocker/app/src/main/kotlin/com/deepeye/otg/intelligence/vulndb/CveImporter.kt, /Users/enayat/Documents/DeepEyeUnlocker/app/src/main/kotlin/com/deepeye/otg/intelligence/vulndb/VersionMapping.kt, /Users/enayat/Documents/DeepEyeUnlocker/app/src/main/kotlin/com/deepeye/otg/intelligence/vulndb/PatchStateAnalyzer.kt, /Users/enayat/Documents/DeepEyeUnlocker/app/src/main/kotlin/com/deepeye/otg/intelligence/vulndb/CveRepository.kt, /Users/enayat/Documents/DeepEyeUnlocker/app/src/main/kotlin/com/deepeye/otg/intelligence/vulndb/CveDatabase.kt, /Users/enayat/Documents/DeepEyeUnlocker/app/src/main/kotlin/com/deepeye/otg/security/RemediationGenerator.kt, /Users/enayat/Documents/DeepEyeUnlocker/app/src/main/kotlin/com/deepeye/otg/security/Finding.kt, /Users/enayat/Documents/DeepEyeUnlocker/app/src/main/kotlin/com/deepeye/otg/security/SeverityScorer.kt, /Users/enayat/Documents/DeepEyeUnlocker/app/src/main/kotlin/com/deepeye/otg/security/RuleEngine.kt, /Users/enayat/Documents/DeepEyeUnlocker/app/src/main/kotlin/com/deepeye/otg/protocol/apple/iphone15/Iphone15Session.kt, /Users/enayat/Documents/DeepEyeUnlocker/app/src/main/kotlin/com/deepeye/otg/protocol/apple/iphone15/Iphone15Models.kt, /Users/enayat/Documents/DeepEyeUnlocker/app/src/main/kotlin/com/deepeye/otg/protocol/apple/iphone15/UsbCAnalyzer.kt, /Users/enayat/Documents/DeepEyeUnlocker/app/src/main/kotlin/com/deepeye/otg/protocol/apple/iphone15/IphoneCveDatabase.kt, /Users/enayat/Documents/DeepEyeUnlocker/app/src/main/kotlin/com/deepeye/otg/protocol/apple/TraceRecorder.kt, /Users/enayat/Documents/DeepEyeUnlocker/app/src/main/kotlin/com/deepeye/otg/protocol/apple/AppleSession.kt, /Users/enayat/Documents/DeepEyeUnlocker/app/src/main/kotlin/com/deepeye/otg/protocol/apple/AppleDfuProtocol.kt, /Users/enayat/Documents/DeepEyeUnlocker/app/src/main/kotlin/com/deepeye/otg/protocol/apple/model/AppleDeviceProfile.kt, /Users/enayat/Documents/DeepEyeUnlocker/app/src/main/kotlin/com/deepeye/otg/protocol/apple/UsbAppleSession.kt, /Users/enayat/Documents/DeepEyeUnlocker/app/src/main/kotlin/com/deepeye/otg/protocol/qualcomm/QcomSession.kt, /Users/enayat/Documents/DeepEyeUnlocker/app/src/main/kotlin/com/deepeye/otg/protocol/qualcomm/FirehoseProtocol.kt, /Users/enayat/Documents/DeepEyeUnlocker/app/src/main/kotlin/com/deepeye/otg/protocol/qualcomm/SaharaProtocol.kt, /Users/enayat/Documents/DeepEyeUnlocker/app/src/main/kotlin/com/deepeye/otg/protocol/samsung/OdinProtocol.kt, /Users/enayat/Documents/DeepEyeUnlocker/app/src/main/kotlin/com/deepeye/otg/protocol/fastboot/FastbootProtocol.kt, /Users/enayat/Documents/DeepEyeUnlocker/app/src/main/kotlin/com/deepeye/otg/protocol/fastboot/FastbootSession.kt, /Users/enayat/Documents/DeepEyeUnlocker/app/src/main/kotlin/com/deepeye/otg/protocol/mtk/MtkBromProtocol.kt, /Users/enayat/Documents/DeepEyeUnlocker/app/src/main/kotlin/com/deepeye/otg/protocol/mtk/MtkSession.kt, /Users/enayat/Documents/DeepEyeUnlocker/app/src/main/kotlin/com/deepeye/otg/protocol/mtk/MtkDaManager.kt, /Users/enayat/Documents/DeepEyeUnlocker/app/src/main/kotlin/com/deepeye/otg/BinaryDeployer.kt, /Users/enayat/Documents/DeepEyeUnlocker/app/src/main/kotlin/com/deepeye/otg/NativeBridge.kt, /Users/enayat/Documents/DeepEyeUnlocker/app/src/main/kotlin/com/deepeye/otg/testing/OtgTestHelper.kt, /Users/enayat/Documents/DeepEyeUnlocker/app/src/main/kotlin/com/deepeye/otg/usb/UsbSnapshotFactory.kt, /Users/enayat/Documents/DeepEyeUnlocker/app/src/main/kotlin/com/deepeye/otg/usb/SessionCoordinator.kt, /Users/enayat/Documents/DeepEyeUnlocker/app/src/main/kotlin/com/deepeye/otg/usb/UsbPermissionGuard.kt, /Users/enayat/Documents/DeepEyeUnlocker/app/src/main/kotlin/com/deepeye/otg/usb/UsbConnectionWatchdog.kt, /Users/enayat/Documents/DeepEyeUnlocker/app/src/main/kotlin/com/deepeye/otg/usb/OtgCapabilityChecker.kt, /Users/enayat/Documents/DeepEyeUnlocker/app/src/main/kotlin/com/deepeye/otg/usb/UsbLifecycleState.kt, /Users/enayat/Documents/DeepEyeUnlocker/app/src/main/kotlin/com/deepeye/otg/usb/gpt/GptParser.kt, /Users/enayat/Documents/DeepEyeUnlocker/app/src/main/kotlin/com/deepeye/otg/usb/gpt/GptStructure.kt, /Users/enayat/Documents/DeepEyeUnlocker/app/src/main/kotlin/com/deepeye/otg/usb/UsbEndpointResolver.kt, /Users/enayat/Documents/DeepEyeUnlocker/app/src/main/kotlin/com/deepeye/otg/usb/DeviceSession.kt, /Users/enayat/Documents/DeepEyeUnlocker/app/src/main/kotlin/com/deepeye/otg/usb/UsbBroadcastReceiver.kt, /Users/enayat/Documents/DeepEyeUnlocker/app/src/main/kotlin/com/deepeye/otg/usb/UsbLifecycleManager.kt, /Users/enayat/Documents/DeepEyeUnlocker/app/src/main/kotlin/com/deepeye/otg/usb/HardwareManager.kt, /Users/enayat/Documents/DeepEyeUnlocker/app/src/main/kotlin/com/deepeye/otg/usb/AdbManager.kt, /Users/enayat/Documents/DeepEyeUnlocker/app/src/main/kotlin/com/deepeye/otg/usb/UsbTimeoutConstants.kt, /Users/enayat/Documents/DeepEyeUnlocker/app/src/main/kotlin/com/deepeye/otg/usb/UsbLogger.kt, /Users/enayat/Documents/DeepEyeUnlocker/app/src/main/kotlin/com/deepeye/otg/usb/AdbCrypto.kt, /Users/enayat/Documents/DeepEyeUnlocker/app/src/main/kotlin/com/deepeye/otg/usb/ProtocolDetector.kt, /Users/enayat/Documents/DeepEyeUnlocker/app/src/main/kotlin/com/deepeye/otg/usb/UsbDescriptorSnapshot.kt, /Users/enayat/Documents/DeepEyeUnlocker/app/src/main/kotlin/com/deepeye/otg/usb/UsbSessionManager.kt, /Users/enayat/Documents/DeepEyeUnlocker/app/src/main/kotlin/com/deepeye/otg/usb/OemCompatibilityLayer.kt, /Users/enayat/Documents/DeepEyeUnlocker/app/src/main/kotlin/com/deepeye/otg/usb/UsbTransport.kt, /Users/enayat/Documents/DeepEyeUnlocker/app/src/main/kotlin/com/deepeye/otg/usb/UsbManifestReceiver.kt, /Users/enayat/Documents/DeepEyeUnlocker/app/src/main/kotlin/com/deepeye/otg/usb/UsbProtocols.kt, /Users/enayat/Documents/DeepEyeUnlocker/app/src/main/kotlin/com/deepeye/otg/usb/AdbSession.kt, /Users/enayat/Documents/DeepEyeUnlocker/app/src/main/kotlin/com/deepeye/otg/usb/IosSessionCoordinator.kt, /Users/enayat/Documents/DeepEyeUnlocker/app/src/main/kotlin/com/deepeye/otg/usb/AdbProtocol.kt, /Users/enayat/Documents/DeepEyeUnlocker/app/src/main/kotlin/com/deepeye/otg/UsbSessionState.kt, /Users/enayat/Documents/DeepEyeUnlocker/app/src/main/kotlin/com/deepeye/otg/PartitionAdapter.kt, /Users/enayat/Documents/DeepEyeUnlocker/app/src/main/kotlin/com/deepeye/otg/ConnectionState.kt, /Users/enayat/Documents/DeepEyeUnlocker/app/src/main/kotlin/com/deepeye/otg/ProtocolProbe.kt, /Users/enayat/Documents/DeepEyeUnlocker/app/src/main/kotlin/com/deepeye/otg/ModeHelper.kt, /Users/enayat/Documents/DeepEyeUnlocker/app/src/main/kotlin/com/deepeye/otg/hid/HidDescriptorParser.kt, /Users/enayat/Documents/DeepEyeUnlocker/app/src/main/kotlin/com/deepeye/otg/hid/HidCrashReport.kt, /Users/enayat/Documents/DeepEyeUnlocker/app/src/main/kotlin/com/deepeye/otg/hid/HidCorpusGenerator.kt, /Users/enayat/Documents/DeepEyeUnlocker/app/src/main/kotlin/com/deepeye/otg/hid/HidVariantTracker.kt, /Users/enayat/Documents/DeepEyeUnlocker/app/src/main/kotlin/com/deepeye/otg/fuzz/hid/MaliciousHidDevice.kt, /Users/enayat/Documents/DeepEyeUnlocker/app/src/main/kotlin/com/deepeye/otg/fuzz/hid/HidFuzzCoordinator.kt, /Users/enayat/Documents/DeepEyeUnlocker/app/src/main/kotlin/com/deepeye/otg/fuzz/hid/HidMutator.kt, /Users/enayat/Documents/DeepEyeUnlocker/app/src/main/kotlin/com/deepeye/otg/fuzz/hid/HidFuzzModels.kt, /Users/enayat/Documents/DeepEyeUnlocker/app/src/main/kotlin/com/deepeye/otg/fuzz/hid/HidCorpus.kt, /Users/enayat/Documents/DeepEyeUnlocker/app/src/main/kotlin/com/deepeye/otg/feature/forensics/ReportExporter.kt, /Users/enayat/Documents/DeepEyeUnlocker/app/src/main/kotlin/com/deepeye/otg/feature/forensics/HashVerifier.kt, /Users/enayat/Documents/DeepEyeUnlocker/app/src/main/kotlin/com/deepeye/otg/feature/forensics/TimelineBuilder.kt, /Users/enayat/Documents/DeepEyeUnlocker/app/src/main/kotlin/com/deepeye/otg/feature/forensics/ArtifactIndexer.kt, /Users/enayat/Documents/DeepEyeUnlocker/app/src/main/kotlin/com/deepeye/otg/service/CloudSyncService.kt, /Users/enayat/Documents/DeepEyeUnlocker/app/src/main/kotlin/com/deepeye/otg/service/VaultManager.kt, /Users/enayat/Documents/DeepEyeUnlocker/app/src/main/kotlin/com/deepeye/otg/service/UpdateManager.kt, /Users/enayat/Documents/DeepEyeUnlocker/app/src/main/kotlin/com/deepeye/otg/service/ModelSyncManager.kt, /Users/enayat/Documents/DeepEyeUnlocker/app/src/main/kotlin/com/deepeye/otg/service/TunnelManager.kt, /Users/enayat/Documents/DeepEyeUnlocker/app/src/main/kotlin/com/deepeye/otg/service/CloudClient.kt, /Users/enayat/Documents/DeepEyeUnlocker/app/src/main/kotlin/com/deepeye/otg/service/PhysicalIntegrityService.kt, /Users/enayat/Documents/DeepEyeUnlocker/app/src/main/kotlin/com/deepeye/otg/service/UsbForegroundService.kt, /Users/enayat/Documents/DeepEyeUnlocker/app/src/main/kotlin/com/deepeye/otg/service/MassExtractor.kt, /Users/enayat/Documents/DeepEyeUnlocker/app/src/main/kotlin/com/deepeye/otg/service/ReportManager.kt, /Users/enayat/Documents/DeepEyeUnlocker/app/src/main/kotlin/com/deepeye/otg/service/LicenseManager.kt, /Users/enayat/Documents/DeepEyeUnlocker/app/src/main/kotlin/com/deepeye/otg/service/MtkFsDecryptor.kt, /Users/enayat/Documents/DeepEyeUnlocker/app/src/main/kotlin/com/deepeye/otg/service/ForensicReportGenerator.kt, /Users/enayat/Documents/DeepEyeUnlocker/app/src/main/kotlin/com/deepeye/otg/service/BinaryAssetManager.kt, /Users/enayat/Documents/DeepEyeUnlocker/app/src/main/kotlin/com/deepeye/otg/UsbPermissionManager.kt, /Users/enayat/Documents/DeepEyeUnlocker/app/src/main/kotlin/com/deepeye/otg/data/ConnectionMode.kt, /Users/enayat/Documents/DeepEyeUnlocker/app/src/main/kotlin/com/deepeye/otg/data/repository/ForensicRepository.kt, /Users/enayat/Documents/DeepEyeUnlocker/app/src/main/kotlin/com/deepeye/otg/data/hardware/IspDatabase.kt, /Users/enayat/Documents/DeepEyeUnlocker/app/src/main/kotlin/com/deepeye/otg/data/hardware/TestPointDatabase.kt, /Users/enayat/Documents/DeepEyeUnlocker/app/src/main/kotlin/com/deepeye/otg/data/SettingsManager.kt, /Users/enayat/Documents/DeepEyeUnlocker/app/src/main/kotlin/com/deepeye/otg/data/HWIDEngine.kt, /Users/enayat/Documents/DeepEyeUnlocker/app/src/main/kotlin/com/deepeye/otg/data/UsbDeviceDatabase.kt, /Users/enayat/Documents/DeepEyeUnlocker/app/src/main/kotlin/com/deepeye/otg/data/db/dao/ForensicDao.kt, /Users/enayat/Documents/DeepEyeUnlocker/app/src/main/kotlin/com/deepeye/otg/data/db/dao/FuzzDao.kt, /Users/enayat/Documents/DeepEyeUnlocker/app/src/main/kotlin/com/deepeye/otg/data/db/AppDatabase.kt, /Users/enayat/Documents/DeepEyeUnlocker/app/src/main/kotlin/com/deepeye/otg/data/db/entities/FuzzFindingEntity.kt, /Users/enayat/Documents/DeepEyeUnlocker/app/src/main/kotlin/com/deepeye/otg/data/db/entities/DeviceEntity.kt, /Users/enayat/Documents/DeepEyeUnlocker/app/src/main/kotlin/com/deepeye/otg/data/db/entities/OperationLogEntity.kt, /Users/enayat/Documents/DeepEyeUnlocker/app/src/main/kotlin/com/deepeye/otg/data/db/entities/SessionEntity.kt, /Users/enayat/Documents/DeepEyeUnlocker/app/src/main/kotlin/com/deepeye/otg/data/FeatureData.kt, /Users/enayat/Documents/DeepEyeUnlocker/app/src/main/kotlin/com/deepeye/otg/data/device/DeviceData06.kt, /Users/enayat/Documents/DeepEyeUnlocker/app/src/main/kotlin/com/deepeye/otg/data/device/DeviceData02.kt, /Users/enayat/Documents/DeepEyeUnlocker/app/src/main/kotlin/com/deepeye/otg/data/device/DeviceData03.kt, /Users/enayat/Documents/DeepEyeUnlocker/app/src/main/kotlin/com/deepeye/otg/data/device/DeviceData07.kt, /Users/enayat/Documents/DeepEyeUnlocker/app/src/main/kotlin/com/deepeye/otg/data/device/DeviceDatabase.kt, /Users/enayat/Documents/DeepEyeUnlocker/app/src/main/kotlin/com/deepeye/otg/data/device/ProtocolRouter.kt, /Users/enayat/Documents/DeepEyeUnlocker/app/src/main/kotlin/com/deepeye/otg/data/device/XiaomiProtocolResolver.kt, /Users/enayat/Documents/DeepEyeUnlocker/app/src/main/kotlin/com/deepeye/otg/data/device/LiveTestHelper.kt, /Users/enayat/Documents/DeepEyeUnlocker/app/src/main/kotlin/com/deepeye/otg/data/device/DeviceData04.kt, /Users/enayat/Documents/DeepEyeUnlocker/app/src/main/kotlin/com/deepeye/otg/data/device/DeviceData05.kt, /Users/enayat/Documents/DeepEyeUnlocker/app/src/main/kotlin/com/deepeye/otg/data/device/DeviceData01.kt, /Users/enayat/Documents/DeepEyeUnlocker/app/src/main/kotlin/com/deepeye/otg/data/gsmg/UnifiedBypassRegistry.kt, /Users/enayat/Documents/DeepEyeUnlocker/app/src/main/kotlin/com/deepeye/otg/data/gsmg/BypassOperationEngine.kt, /Users/enayat/Documents/DeepEyeUnlocker/app/src/main/kotlin/com/deepeye/otg/data/gsmg/BypassModels.kt, /Users/enayat/Documents/DeepEyeUnlocker/app/src/main/kotlin/com/deepeye/otg/data/BrandData.kt, /Users/enayat/Documents/DeepEyeUnlocker/app/src/main/kotlin/com/deepeye/otg/DaManager.kt, /Users/enayat/Documents/DeepEyeUnlocker/app/src/main/kotlin/com/deepeye/otg/engine/EngineDispatcher.kt, /Users/enayat/Documents/DeepEyeUnlocker/app/src/main/kotlin/com/deepeye/otg/engine/JailbreakEngine.kt, /Users/enayat/Documents/DeepEyeUnlocker/app/src/main/kotlin/com/deepeye/otg/engine/PurpleEngine.kt, /Users/enayat/Documents/DeepEyeUnlocker/app/src/main/kotlin/com/deepeye/otg/engine/ForensicEngine.kt, /Users/enayat/Documents/DeepEyeUnlocker/app/src/main/kotlin/com/deepeye/otg/engine/CloudVaultManager.kt, /Users/enayat/Documents/DeepEyeUnlocker/app/src/main/kotlin/com/deepeye/otg/engine/RamdiskForensicEngine.kt, /Users/enayat/Documents/DeepEyeUnlocker/app/src/main/kotlin/com/deepeye/otg/engine/MtkEngine.kt, /Users/enayat/Documents/DeepEyeUnlocker/app/src/main/kotlin/com/deepeye/otg/engine/ProtectionUtils.kt, /Users/enayat/Documents/DeepEyeUnlocker/app/src/main/kotlin/com/deepeye/otg/engine/ForensicAiAssistant.kt, /Users/enayat/Documents/DeepEyeUnlocker/app/src/main/kotlin/com/deepeye/otg/engine/TokenManager.kt, /Users/enayat/Documents/DeepEyeUnlocker/app/src/main/kotlin/com/deepeye/otg/engine/ActivationEngine.kt, /Users/enayat/Documents/DeepEyeUnlocker/app/src/main/kotlin/com/deepeye/otg/RemoteShareActivity.kt, /Users/enayat/Documents/DeepEyeUnlocker/app/src/main/kotlin/com/deepeye/otg/domain/models/AuthModels.kt, /Users/enayat/Documents/DeepEyeUnlocker/app/src/main/kotlin/com/deepeye/otg/domain/models/DomainModels.kt, /Users/enayat/Documents/DeepEyeUnlocker/app/src/main/kotlin/com/deepeye/otg/domain/models/MtkModels.kt, /Users/enayat/Documents/DeepEyeUnlocker/app/src/main/kotlin/com/deepeye/otg/domain/models/DeepEyeCatalogs.kt, /Users/enayat/Documents/DeepEyeUnlocker/app/src/main/kotlin/com/deepeye/otg/domain/models/ConnectionState.kt, /Users/enayat/Documents/DeepEyeUnlocker/app/src/main/kotlin/com/deepeye/otg/domain/engine/AvailabilityEngine.kt, /Users/enayat/Documents/DeepEyeUnlocker/app/src/main/kotlin/com/deepeye/otg/domain/engine/mtk/MtkBromCommands.kt, /Users/enayat/Documents/DeepEyeUnlocker/app/src/main/kotlin/com/deepeye/otg/domain/engine/mtk/MtkChipDatabase.kt, /Users/enayat/Documents/DeepEyeUnlocker/app/src/main/kotlin/com/deepeye/otg/domain/engine/mtk/MtkCdcSession.kt, /Users/enayat/Documents/DeepEyeUnlocker/app/src/main/kotlin/com/deepeye/otg/logging/SafeLog.kt, /Users/enayat/Documents/DeepEyeUnlocker/app/src/main/kotlin/com/deepeye/otg/repair/NvBridge.kt, /Users/enayat/Documents/DeepEyeUnlocker/app/src/main/kotlin/com/deepeye/otg/policy/PolicyEngine.kt
Java source files: /Users/enayat/Documents/DeepEyeUnlocker/app/build/generated/source/buildConfig/release/com/deepeye/otg/BuildConfig.java
Script source files: 
Script file extensions: 
[KOTLIN] Kotlin compilation 'jdkHome' argument: null

Resolve mutations for :app:bundleReleaseResources (Thread[included builds,5,main]) started.
:app:bundleReleaseResources (Thread[included builds,5,main]) started.

> Task :app:bundleReleaseResources
Caching disabled for task ':app:bundleReleaseResources' because:
  Build cache is disabled
Task ':app:bundleReleaseResources' is not up-to-date because:
  Executed with '--rerun-tasks'.
Aapt output file /Users/enayat/Documents/DeepEyeUnlocker/app/build/intermediates/linked_res_for_bundle/release/bundled-res.ap_

> Task :app:kspReleaseKotlin
i: starting the daemon as: /Library/Java/JavaVirtualMachines/temurin-17.jdk/Contents/Home/bin/java -cp /Users/enayat/.gradle/caches/modules-2/files-2.1/org.jetbrains.kotlin/kotlin-compiler-embeddable/2.0.21/79346ed53db48b18312a472602eb5c057070c54d/kotlin-compiler-embeddable-2.0.21.jar:/Users/enayat/.gradle/caches/modules-2/files-2.1/org.jetbrains.kotlin/kotlin-stdlib/2.0.21/618b539767b4899b4660a83006e052b63f1db551/kotlin-stdlib-2.0.21.jar:/Users/enayat/.gradle/caches/modules-2/files-2.1/org.jetbrains.kotlin/kotlin-script-runtime/2.0.21/c9b044380ad41f89aa89aa896c2d32a8c0b2129d/kotlin-script-runtime-2.0.21.jar:/Users/enayat/.gradle/caches/modules-2/files-2.1/org.jetbrains.kotlin/kotlin-reflect/1.6.10/1cbe9c92c12a94eea200d23c2bbaedaf3daf5132/kotlin-reflect-1.6.10.jar:/Users/enayat/.gradle/caches/modules-2/files-2.1/org.jetbrains.kotlin/kotlin-daemon-embeddable/2.0.21/c9e933b23287de9b5a17e2116b4657bb91aea72c/kotlin-daemon-embeddable-2.0.21.jar:/Users/enayat/.gradle/caches/modules-2/files-2.1/org.jetbrains.intellij.deps/trove4j/1.0.20200330/3afb14d5f9ceb459d724e907a21145e8ff394f02/trove4j-1.0.20200330.jar:/Users/enayat/.gradle/caches/modules-2/files-2.1/org.jetbrains.kotlinx/kotlinx-coroutines-core-jvm/1.6.4/2c997cd1c0ef33f3e751d3831929aeff1390cb30/kotlinx-coroutines-core-jvm-1.6.4.jar:/Users/enayat/.gradle/caches/modules-2/files-2.1/org.jetbrains/annotations/13.0/919f0dfe192fb4e063e7dacadee7f8bb9a2672a9/annotations-13.0.jar -Djava.awt.headless=true -Djava.rmi.server.hostname=127.0.0.1 -Xmx8192m -XX:MaxMetaspaceSize=1024m -XX:ReservedCodeCacheSize=320m -Dkotlin.environment.keepalive -ea -XX:+UseCodeCacheFlushing -XX:+UseParallelGC --add-exports java.base/sun.nio.ch=ALL-UNNAMED org.jetbrains.kotlin.daemon.KotlinCompileDaemon --daemon-runFilesPath /Users/enayat/Library/Application Support/kotlin/daemon --daemon-autoshutdownIdleSeconds=7200 --daemon-compilerClasspath /Users/enayat/.gradle/caches/modules-2/files-2.1/org.jetbrains.kotlin/kotlin-compiler-embeddable/2.0.21/79346ed53db48b18312a472602eb5c057070c54d/kotlin-compiler-embeddable-2.0.21.jar:/Users/enayat/.gradle/caches/modules-2/files-2.1/org.jetbrains.kotlin/kotlin-stdlib/2.0.21/618b539767b4899b4660a83006e052b63f1db551/kotlin-stdlib-2.0.21.jar:/Users/enayat/.gradle/caches/modules-2/files-2.1/org.jetbrains.kotlin/kotlin-script-runtime/2.0.21/c9b044380ad41f89aa89aa896c2d32a8c0b2129d/kotlin-script-runtime-2.0.21.jar:/Users/enayat/.gradle/caches/modules-2/files-2.1/org.jetbrains.kotlin/kotlin-reflect/1.6.10/1cbe9c92c12a94eea200d23c2bbaedaf3daf5132/kotlin-reflect-1.6.10.jar:/Users/enayat/.gradle/caches/modules-2/files-2.1/org.jetbrains.kotlin/kotlin-daemon-embeddable/2.0.21/c9e933b23287de9b5a17e2116b4657bb91aea72c/kotlin-daemon-embeddable-2.0.21.jar:/Users/enayat/.gradle/caches/modules-2/files-2.1/org.jetbrains.intellij.deps/trove4j/1.0.20200330/3afb14d5f9ceb459d724e907a21145e8ff394f02/trove4j-1.0.20200330.jar:/Users/enayat/.gradle/caches/modules-2/files-2.1/org.jetbrains.kotlinx/kotlinx-coroutines-core-jvm/1.6.4/2c997cd1c0ef33f3e751d3831929aeff1390cb30/kotlinx-coroutines-core-jvm-1.6.4.jar:/Users/enayat/.gradle/caches/modules-2/files-2.1/org.jetbrains/annotations/13.0/919f0dfe192fb4e063e7dacadee7f8bb9a2672a9/annotations-13.0.jar
i: #1 retrying connecting to the daemon 
i: [ksp] loaded provider(s): [dagger.hilt.processor.internal.uninstallmodules.KspUninstallModulesProcessor$Provider, dagger.hilt.android.processor.internal.customtestapplication.KspCustomTestApplicationProcessor$Provider, dagger.hilt.processor.internal.aliasof.KspAliasOfProcessor$Provider, dagger.hilt.android.processor.internal.viewmodel.KspViewModelProcessor$Provider, dagger.hilt.processor.internal.earlyentrypoint.KspEarlyEntryPointProcessor$Provider, dagger.hilt.processor.internal.generatesrootinput.KspGeneratesRootInputProcessor$Provider, dagger.hilt.android.processor.internal.androidentrypoint.KspAndroidEntryPointProcessor$Provider, dagger.hilt.processor.internal.originatingelement.KspOriginatingElementProcessor$Provider, dagger.hilt.android.processor.internal.bindvalue.KspBindValueProcessor$Provider, dagger.hilt.processor.internal.definecomponent.KspDefineComponentProcessor$Provider, dagger.hilt.processor.internal.root.KspRootProcessor$Provider, dagger.hilt.processor.internal.aggregateddeps.KspAggregatedDepsProcessor$Provider, dagger.hilt.processor.internal.root.KspComponentTreeDepsProcessor$Provider, androidx.room.RoomKspProcessor$Provider, dagger.internal.codegen.KspComponentProcessor$Provider]
Finished executing kotlin compiler using DAEMON strategy
Resolve mutations for :app:compileReleaseKotlin (Thread[included builds,5,main]) started.
:app:compileReleaseKotlin (Thread[included builds,5,main]) started.

> Task :app:compileReleaseKotlin
Caching disabled for task ':app:compileReleaseKotlin' because:
  Build cache is disabled
Task ':app:compileReleaseKotlin' is not up-to-date because:
  Executed with '--rerun-tasks'.
The input changes require a full rebuild for incremental task ':app:compileReleaseKotlin'.
file or directory '/Users/enayat/Documents/DeepEyeUnlocker/app/src/release/kotlin', not found
file or directory '/Users/enayat/Documents/DeepEyeUnlocker/app/src/release/java', not found
file or directory '/Users/enayat/Documents/DeepEyeUnlocker/app/src/release/kotlin', not found
file or directory '/Users/enayat/Documents/DeepEyeUnlocker/app/src/release/kotlin', not found
file or directory '/Users/enayat/Documents/DeepEyeUnlocker/app/src/release/java', not found
file or directory '/Users/enayat/Documents/DeepEyeUnlocker/app/src/main/java', not found
file or directory '/Users/enayat/Documents/DeepEyeUnlocker/app/src/main/java', not found
file or directory '/Users/enayat/Documents/DeepEyeUnlocker/app/src/main/java', not found
file or directory '/Users/enayat/Documents/DeepEyeUnlocker/app/src/release/java', not found
file or directory '/Users/enayat/Documents/DeepEyeUnlocker/app/src/release/kotlin', not found
file or directory '/Users/enayat/Documents/DeepEyeUnlocker/app/src/release/java', not found
file or directory '/Users/enayat/Documents/DeepEyeUnlocker/app/src/release/kotlin', not found
file or directory '/Users/enayat/Documents/DeepEyeUnlocker/app/src/release/kotlin', not found
file or directory '/Users/enayat/Documents/DeepEyeUnlocker/app/src/release/java', not found
file or directory '/Users/enayat/Documents/DeepEyeUnlocker/app/src/release/kotlin', not found
file or directory '/Users/enayat/Documents/DeepEyeUnlocker/app/src/release/java', not found
file or directory '/Users/enayat/Documents/DeepEyeUnlocker/app/src/release/kotlin', not found
file or directory '/Users/enayat/Documents/DeepEyeUnlocker/app/src/release/kotlin', not found
file or directory '/Users/enayat/Documents/DeepEyeUnlocker/app/src/release/java', not found
file or directory '/Users/enayat/Documents/DeepEyeUnlocker/app/src/main/java', not found
file or directory '/Users/enayat/Documents/DeepEyeUnlocker/app/src/main/java', not found
file or directory '/Users/enayat/Documents/DeepEyeUnlocker/app/src/main/java', not found
file or directory '/Users/enayat/Documents/DeepEyeUnlocker/app/src/release/java', not found
file or directory '/Users/enayat/Documents/DeepEyeUnlocker/app/src/release/kotlin', not found
file or directory '/Users/enayat/Documents/DeepEyeUnlocker/app/src/release/java', not found
file or directory '/Users/enayat/Documents/DeepEyeUnlocker/app/src/release/kotlin', not found
file or directory '/Users/enayat/Documents/DeepEyeUnlocker/app/src/release/kotlin', not found
file or directory '/Users/enayat/Documents/DeepEyeUnlocker/app/src/release/java', not found
file or directory '/Users/enayat/Documents/DeepEyeUnlocker/app/src/main/java', not found
file or directory '/Users/enayat/Documents/DeepEyeUnlocker/app/src/main/java', not found
file or directory '/Users/enayat/Documents/DeepEyeUnlocker/app/src/main/java', not found
file or directory '/Users/enayat/Documents/DeepEyeUnlocker/app/src/release/java', not found
file or directory '/Users/enayat/Documents/DeepEyeUnlocker/app/src/release/kotlin', not found
file or directory '/Users/enayat/Documents/DeepEyeUnlocker/app/src/release/java', not found
file or directory '/Users/enayat/Documents/DeepEyeUnlocker/app/src/release/kotlin', not found
file or directory '/Users/enayat/Documents/DeepEyeUnlocker/app/src/release/kotlin', not found
file or directory '/Users/enayat/Documents/DeepEyeUnlocker/app/src/release/java', not found
file or directory '/Users/enayat/Documents/DeepEyeUnlocker/app/src/main/java', not found
file or directory '/Users/enayat/Documents/DeepEyeUnlocker/app/src/main/java', not found
file or directory '/Users/enayat/Documents/DeepEyeUnlocker/app/src/main/java', not found
file or directory '/Users/enayat/Documents/DeepEyeUnlocker/app/src/release/java', not found
Kotlin source files: /Users/enayat/Documents/DeepEyeUnlocker/app/src/main/kotlin/com/deepeye/otg/DeepEyeApplication.kt, /Users/enayat/Documents/DeepEyeUnlocker/app/src/main/kotlin/com/deepeye/otg/ModelAdapter.kt, /Users/enayat/Documents/DeepEyeUnlocker/app/src/main/kotlin/com/deepeye/otg/research/fuzz/Mutators.kt, /Users/enayat/Documents/DeepEyeUnlocker/app/src/main/kotlin/com/deepeye/otg/research/fuzz/CrashClassifier.kt, /Users/enayat/Documents/DeepEyeUnlocker/app/src/main/kotlin/com/deepeye/otg/research/fuzz/FuzzHarness.kt, /Users/enayat/Documents/DeepEyeUnlocker/app/src/main/kotlin/com/deepeye/otg/research/fuzz/ReproRecorder.kt, /Users/enayat/Documents/DeepEyeUnlocker/app/src/main/kotlin/com/deepeye/otg/research/fuzz/CorpusManager.kt, /Users/enayat/Documents/DeepEyeUnlocker/app/src/main/kotlin/com/deepeye/otg/viewmodel/research/DeviceAnalysisViewModel.kt, /Users/enayat/Documents/DeepEyeUnlocker/app/src/main/kotlin/com/deepeye/otg/viewmodel/research/HidResearchViewModel.kt, /Users/enayat/Documents/DeepEyeUnlocker/app/src/main/kotlin/com/deepeye/otg/viewmodel/research/FuzzDashboardViewModel.kt, /Users/enayat/Documents/DeepEyeUnlocker/app/src/main/kotlin/com/deepeye/otg/viewmodel/research/CveDashboardViewModel.kt, /Users/enayat/Documents/DeepEyeUnlocker/app/src/main/kotlin/com/deepeye/otg/viewmodel/research/ForensicsViewModel.kt, /Users/enayat/Documents/DeepEyeUnlocker/app/src/main/kotlin/com/deepeye/otg/viewmodel/TerminalViewModel.kt, /Users/enayat/Documents/DeepEyeUnlocker/app/src/main/kotlin/com/deepeye/otg/viewmodel/UsbViewModel.kt, /Users/enayat/Documents/DeepEyeUnlocker/app/src/main/kotlin/com/deepeye/otg/viewmodel/StorageViewModel.kt, /Users/enayat/Documents/DeepEyeUnlocker/app/src/main/kotlin/com/deepeye/otg/viewmodel/ForensicVaultViewModel.kt, /Users/enayat/Documents/DeepEyeUnlocker/app/src/main/kotlin/com/deepeye/otg/ui/viewmodel/LogEntry.kt, /Users/enayat/Documents/DeepEyeUnlocker/app/src/main/kotlin/com/deepeye/otg/ui/UsbStateMapper.kt, /Users/enayat/Documents/DeepEyeUnlocker/app/src/main/kotlin/com/deepeye/otg/ui/OtgActivity.kt, /Users/enayat/Documents/DeepEyeUnlocker/app/src/main/kotlin/com/deepeye/otg/ui/RemoteShareScreen.kt, /Users/enayat/Documents/DeepEyeUnlocker/app/src/main/kotlin/com/deepeye/otg/ui/state/UiEvents.kt, /Users/enayat/Documents/DeepEyeUnlocker/app/src/main/kotlin/com/deepeye/otg/ui/state/UiStateModels.kt, /Users/enayat/Documents/DeepEyeUnlocker/app/src/main/kotlin/com/deepeye/otg/ui/screens/ConnectionTestScreen.kt, /Users/enayat/Documents/DeepEyeUnlocker/app/src/main/kotlin/com/deepeye/otg/ui/screens/MtpOnlyScreen.kt, /Users/enayat/Documents/DeepEyeUnlocker/app/src/main/kotlin/com/deepeye/otg/ui/screens/FileExplorerScreen.kt, /Users/enayat/Documents/DeepEyeUnlocker/app/src/main/kotlin/com/deepeye/otg/ui/screens/PartitionManagerScreen.kt, /Users/enayat/Documents/DeepEyeUnlocker/app/src/main/kotlin/com/deepeye/otg/ui/screens/CompleteScreen.kt, /Users/enayat/Documents/DeepEyeUnlocker/app/src/main/kotlin/com/deepeye/otg/ui/screens/TerminalScreen.kt, /Users/enayat/Documents/DeepEyeUnlocker/app/src/main/kotlin/com/deepeye/otg/ui/screens/ExecutingScreen.kt, /Users/enayat/Documents/DeepEyeUnlocker/app/src/main/kotlin/com/deepeye/otg/ui/screens/ErrorScreen.kt, /Users/enayat/Documents/DeepEyeUnlocker/app/src/main/kotlin/com/deepeye/otg/ui/screens/Iphone15ResearchScreen.kt, /Users/enayat/Documents/DeepEyeUnlocker/app/src/main/kotlin/com/deepeye/otg/ui/screens/SettingsScreen.kt, /Users/enayat/Documents/DeepEyeUnlocker/app/src/main/kotlin/com/deepeye/otg/ui/screens/TargetDashboardScreen.kt, /Users/enayat/Documents/DeepEyeUnlocker/app/src/main/kotlin/com/deepeye/otg/ui/screens/ImeiRepairScreen.kt, /Users/enayat/Documents/DeepEyeUnlocker/app/src/main/kotlin/com/deepeye/otg/ui/screens/FuzzDashboardScreen.kt, /Users/enayat/Documents/DeepEyeUnlocker/app/src/main/kotlin/com/deepeye/otg/ui/screens/StorageScreen.kt, /Users/enayat/Documents/DeepEyeUnlocker/app/src/main/kotlin/com/deepeye/otg/ui/screens/WaitingScreen.kt, /Users/enayat/Documents/DeepEyeUnlocker/app/src/main/kotlin/com/deepeye/otg/ui/screens/ForensicLabScreen.kt, /Users/enayat/Documents/DeepEyeUnlocker/app/src/main/kotlin/com/deepeye/otg/ui/screens/MissionHubScreen.kt, /Users/enayat/Documents/DeepEyeUnlocker/app/src/main/kotlin/com/deepeye/otg/ui/screens/CveDashboardScreen.kt, /Users/enayat/Documents/DeepEyeUnlocker/app/src/main/kotlin/com/deepeye/otg/ui/screens/NavTarget.kt, /Users/enayat/Documents/DeepEyeUnlocker/app/src/main/kotlin/com/deepeye/otg/ui/screens/ReportingScreen.kt, /Users/enayat/Documents/DeepEyeUnlocker/app/src/main/kotlin/com/deepeye/otg/ui/screens/VaultScreen.kt, /Users/enayat/Documents/DeepEyeUnlocker/app/src/main/kotlin/com/deepeye/otg/ui/screens/MainScreen.kt, /Users/enayat/Documents/DeepEyeUnlocker/app/src/main/kotlin/com/deepeye/otg/ui/screens/TestHarnessScreen.kt, /Users/enayat/Documents/DeepEyeUnlocker/app/src/main/kotlin/com/deepeye/otg/ui/screens/HidResearchScreen.kt, /Users/enayat/Documents/DeepEyeUnlocker/app/src/main/kotlin/com/deepeye/otg/ui/screens/LoadingScreen.kt, /Users/enayat/Documents/DeepEyeUnlocker/app/src/main/kotlin/com/deepeye/otg/ui/components/BrandSelectorBar.kt, /Users/enayat/Documents/DeepEyeUnlocker/app/src/main/kotlin/com/deepeye/otg/ui/components/GlassButton.kt, /Users/enayat/Documents/DeepEyeUnlocker/app/src/main/kotlin/com/deepeye/otg/ui/components/SafeDumpDialog.kt, /Users/enayat/Documents/DeepEyeUnlocker/app/src/main/kotlin/com/deepeye/otg/ui/components/GlassCard.kt, /Users/enayat/Documents/DeepEyeUnlocker/app/src/main/kotlin/com/deepeye/otg/ui/components/GlassProgressBar.kt, /Users/enayat/Documents/DeepEyeUnlocker/app/src/main/kotlin/com/deepeye/otg/ui/components/DebugOverlayPanel.kt, /Users/enayat/Documents/DeepEyeUnlocker/app/src/main/kotlin/com/deepeye/otg/ui/components/ConnectionModeBar.kt, /Users/enayat/Documents/DeepEyeUnlocker/app/src/main/kotlin/com/deepeye/otg/ui/components/DeviceIdentityCard.kt, /Users/enayat/Documents/DeepEyeUnlocker/app/src/main/kotlin/com/deepeye/otg/ui/components/ForensicIntelPanel.kt, /Users/enayat/Documents/DeepEyeUnlocker/app/src/main/kotlin/com/deepeye/otg/ui/components/TargetComponents.kt, /Users/enayat/Documents/DeepEyeUnlocker/app/src/main/kotlin/com/deepeye/otg/ui/components/UsbTypeCIcon.kt, /Users/enayat/Documents/DeepEyeUnlocker/app/src/main/kotlin/com/deepeye/otg/ui/components/ForensicExplorer.kt, /Users/enayat/Documents/DeepEyeUnlocker/app/src/main/kotlin/com/deepeye/otg/ui/components/GlassTabRow.kt, /Users/enayat/Documents/DeepEyeUnlocker/app/src/main/kotlin/com/deepeye/otg/ui/components/ActivationOverlay.kt, /Users/enayat/Documents/DeepEyeUnlocker/app/src/main/kotlin/com/deepeye/otg/ui/components/OemWarningBanner.kt, /Users/enayat/Documents/DeepEyeUnlocker/app/src/main/kotlin/com/deepeye/otg/ui/components/GlassBadge.kt, /Users/enayat/Documents/DeepEyeUnlocker/app/src/main/kotlin/com/deepeye/otg/ui/components/HexPeekDialog.kt, /Users/enayat/Documents/DeepEyeUnlocker/app/src/main/kotlin/com/deepeye/otg/ui/theme/StitchTokens.kt, /Users/enayat/Documents/DeepEyeUnlocker/app/src/main/kotlin/com/deepeye/otg/ui/theme/DeepEyeTheme.kt, /Users/enayat/Documents/DeepEyeUnlocker/app/src/main/kotlin/com/deepeye/otg/ui/theme/GlassTokens.kt, /Users/enayat/Documents/DeepEyeUnlocker/app/src/main/kotlin/com/deepeye/otg/ui/device/DeviceSupportViewModel.kt, /Users/enayat/Documents/DeepEyeUnlocker/app/src/main/kotlin/com/deepeye/otg/ui/device/DeviceSupportScreen.kt, /Users/enayat/Documents/DeepEyeUnlocker/app/src/main/kotlin/com/deepeye/otg/ui/gsmg/BypassViewModel.kt, /Users/enayat/Documents/DeepEyeUnlocker/app/src/main/kotlin/com/deepeye/otg/ui/gsmg/BypassScreen.kt, /Users/enayat/Documents/DeepEyeUnlocker/app/src/main/kotlin/com/deepeye/otg/ui/DeepEyeApp.kt, /Users/enayat/Documents/DeepEyeUnlocker/app/src/main/kotlin/com/deepeye/otg/exploit/PostExploitExtractor.kt, /Users/enayat/Documents/DeepEyeUnlocker/app/src/main/kotlin/com/deepeye/otg/exploit/ExploitChainOrchestrator.kt, /Users/enayat/Documents/DeepEyeUnlocker/app/src/main/kotlin/com/deepeye/otg/exploit/payloads/WebKitUafExploit.kt, /Users/enayat/Documents/DeepEyeUnlocker/app/src/main/kotlin/com/deepeye/otg/exploit/payloads/ApplePayloadProvider.kt, /Users/enayat/Documents/DeepEyeUnlocker/app/src/main/kotlin/com/deepeye/otg/exploit/payloads/DyldExploit.kt, /Users/enayat/Documents/DeepEyeUnlocker/app/src/main/kotlin/com/deepeye/otg/exploit/payloads/KernelExploit.kt, /Users/enayat/Documents/DeepEyeUnlocker/app/src/main/kotlin/com/deepeye/otg/exploit/payloads/android/QualcommDspExploit.kt, /Users/enayat/Documents/DeepEyeUnlocker/app/src/main/kotlin/com/deepeye/otg/exploit/payloads/android/SamsungCodecExploit.kt, /Users/enayat/Documents/DeepEyeUnlocker/app/src/main/kotlin/com/deepeye/otg/exploit/payloads/android/AndroidFrameworkExploit.kt, /Users/enayat/Documents/DeepEyeUnlocker/app/src/main/kotlin/com/deepeye/otg/exploit/AslrDefeater.kt, /Users/enayat/Documents/DeepEyeUnlocker/app/src/main/kotlin/com/deepeye/otg/exploit/AmfiSymlinkBypass.kt, /Users/enayat/Documents/DeepEyeUnlocker/app/src/main/kotlin/com/deepeye/otg/exploit/UniversalExploitOrchestrator.kt, /Users/enayat/Documents/DeepEyeUnlocker/app/src/main/kotlin/com/deepeye/otg/di/ResearchModule.kt, /Users/enayat/Documents/DeepEyeUnlocker/app/src/main/kotlin/com/deepeye/otg/di/AppModule.kt, /Users/enayat/Documents/DeepEyeUnlocker/app/src/main/kotlin/com/deepeye/otg/di/NetworkModule.kt, /Users/enayat/Documents/DeepEyeUnlocker/app/src/main/kotlin/com/deepeye/otg/intelligence/vulndb/CveEntry.kt, /Users/enayat/Documents/DeepEyeUnlocker/app/src/main/kotlin/com/deepeye/otg/intelligence/vulndb/LogSafe.kt, /Users/enayat/Documents/DeepEyeUnlocker/app/src/main/kotlin/com/deepeye/otg/intelligence/vulndb/CveImporter.kt, /Users/enayat/Documents/DeepEyeUnlocker/app/src/main/kotlin/com/deepeye/otg/intelligence/vulndb/VersionMapping.kt, /Users/enayat/Documents/DeepEyeUnlocker/app/src/main/kotlin/com/deepeye/otg/intelligence/vulndb/PatchStateAnalyzer.kt, /Users/enayat/Documents/DeepEyeUnlocker/app/src/main/kotlin/com/deepeye/otg/intelligence/vulndb/CveRepository.kt, /Users/enayat/Documents/DeepEyeUnlocker/app/src/main/kotlin/com/deepeye/otg/intelligence/vulndb/CveDatabase.kt, /Users/enayat/Documents/DeepEyeUnlocker/app/src/main/kotlin/com/deepeye/otg/security/RemediationGenerator.kt, /Users/enayat/Documents/DeepEyeUnlocker/app/src/main/kotlin/com/deepeye/otg/security/Finding.kt, /Users/enayat/Documents/DeepEyeUnlocker/app/src/main/kotlin/com/deepeye/otg/security/SeverityScorer.kt, /Users/enayat/Documents/DeepEyeUnlocker/app/src/main/kotlin/com/deepeye/otg/security/RuleEngine.kt, /Users/enayat/Documents/DeepEyeUnlocker/app/src/main/kotlin/com/deepeye/otg/protocol/apple/iphone15/Iphone15Session.kt, /Users/enayat/Documents/DeepEyeUnlocker/app/src/main/kotlin/com/deepeye/otg/protocol/apple/iphone15/Iphone15Models.kt, /Users/enayat/Documents/DeepEyeUnlocker/app/src/main/kotlin/com/deepeye/otg/protocol/apple/iphone15/UsbCAnalyzer.kt, /Users/enayat/Documents/DeepEyeUnlocker/app/src/main/kotlin/com/deepeye/otg/protocol/apple/iphone15/IphoneCveDatabase.kt, /Users/enayat/Documents/DeepEyeUnlocker/app/src/main/kotlin/com/deepeye/otg/protocol/apple/TraceRecorder.kt, /Users/enayat/Documents/DeepEyeUnlocker/app/src/main/kotlin/com/deepeye/otg/protocol/apple/AppleSession.kt, /Users/enayat/Documents/DeepEyeUnlocker/app/src/main/kotlin/com/deepeye/otg/protocol/apple/AppleDfuProtocol.kt, /Users/enayat/Documents/DeepEyeUnlocker/app/src/main/kotlin/com/deepeye/otg/protocol/apple/model/AppleDeviceProfile.kt, /Users/enayat/Documents/DeepEyeUnlocker/app/src/main/kotlin/com/deepeye/otg/protocol/apple/UsbAppleSession.kt, /Users/enayat/Documents/DeepEyeUnlocker/app/src/main/kotlin/com/deepeye/otg/protocol/qualcomm/QcomSession.kt, /Users/enayat/Documents/DeepEyeUnlocker/app/src/main/kotlin/com/deepeye/otg/protocol/qualcomm/FirehoseProtocol.kt, /Users/enayat/Documents/DeepEyeUnlocker/app/src/main/kotlin/com/deepeye/otg/protocol/qualcomm/SaharaProtocol.kt, /Users/enayat/Documents/DeepEyeUnlocker/app/src/main/kotlin/com/deepeye/otg/protocol/samsung/OdinProtocol.kt, /Users/enayat/Documents/DeepEyeUnlocker/app/src/main/kotlin/com/deepeye/otg/protocol/fastboot/FastbootProtocol.kt, /Users/enayat/Documents/DeepEyeUnlocker/app/src/main/kotlin/com/deepeye/otg/protocol/fastboot/FastbootSession.kt, /Users/enayat/Documents/DeepEyeUnlocker/app/src/main/kotlin/com/deepeye/otg/protocol/mtk/MtkBromProtocol.kt, /Users/enayat/Documents/DeepEyeUnlocker/app/src/main/kotlin/com/deepeye/otg/protocol/mtk/MtkSession.kt, /Users/enayat/Documents/DeepEyeUnlocker/app/src/main/kotlin/com/deepeye/otg/protocol/mtk/MtkDaManager.kt, /Users/enayat/Documents/DeepEyeUnlocker/app/src/main/kotlin/com/deepeye/otg/BinaryDeployer.kt, /Users/enayat/Documents/DeepEyeUnlocker/app/src/main/kotlin/com/deepeye/otg/NativeBridge.kt, /Users/enayat/Documents/DeepEyeUnlocker/app/src/main/kotlin/com/deepeye/otg/testing/OtgTestHelper.kt, /Users/enayat/Documents/DeepEyeUnlocker/app/src/main/kotlin/com/deepeye/otg/usb/UsbSnapshotFactory.kt, /Users/enayat/Documents/DeepEyeUnlocker/app/src/main/kotlin/com/deepeye/otg/usb/SessionCoordinator.kt, /Users/enayat/Documents/DeepEyeUnlocker/app/src/main/kotlin/com/deepeye/otg/usb/UsbPermissionGuard.kt, /Users/enayat/Documents/DeepEyeUnlocker/app/src/main/kotlin/com/deepeye/otg/usb/UsbConnectionWatchdog.kt, /Users/enayat/Documents/DeepEyeUnlocker/app/src/main/kotlin/com/deepeye/otg/usb/OtgCapabilityChecker.kt, /Users/enayat/Documents/DeepEyeUnlocker/app/src/main/kotlin/com/deepeye/otg/usb/UsbLifecycleState.kt, /Users/enayat/Documents/DeepEyeUnlocker/app/src/main/kotlin/com/deepeye/otg/usb/gpt/GptParser.kt, /Users/enayat/Documents/DeepEyeUnlocker/app/src/main/kotlin/com/deepeye/otg/usb/gpt/GptStructure.kt, /Users/enayat/Documents/DeepEyeUnlocker/app/src/main/kotlin/com/deepeye/otg/usb/UsbEndpointResolver.kt, /Users/enayat/Documents/DeepEyeUnlocker/app/src/main/kotlin/com/deepeye/otg/usb/DeviceSession.kt, /Users/enayat/Documents/DeepEyeUnlocker/app/src/main/kotlin/com/deepeye/otg/usb/UsbBroadcastReceiver.kt, /Users/enayat/Documents/DeepEyeUnlocker/app/src/main/kotlin/com/deepeye/otg/usb/UsbLifecycleManager.kt, /Users/enayat/Documents/DeepEyeUnlocker/app/src/main/kotlin/com/deepeye/otg/usb/HardwareManager.kt, /Users/enayat/Documents/DeepEyeUnlocker/app/src/main/kotlin/com/deepeye/otg/usb/AdbManager.kt, /Users/enayat/Documents/DeepEyeUnlocker/app/src/main/kotlin/com/deepeye/otg/usb/UsbTimeoutConstants.kt, /Users/enayat/Documents/DeepEyeUnlocker/app/src/main/kotlin/com/deepeye/otg/usb/UsbLogger.kt, /Users/enayat/Documents/DeepEyeUnlocker/app/src/main/kotlin/com/deepeye/otg/usb/AdbCrypto.kt, /Users/enayat/Documents/DeepEyeUnlocker/app/src/main/kotlin/com/deepeye/otg/usb/ProtocolDetector.kt, /Users/enayat/Documents/DeepEyeUnlocker/app/src/main/kotlin/com/deepeye/otg/usb/UsbDescriptorSnapshot.kt, /Users/enayat/Documents/DeepEyeUnlocker/app/src/main/kotlin/com/deepeye/otg/usb/UsbSessionManager.kt, /Users/enayat/Documents/DeepEyeUnlocker/app/src/main/kotlin/com/deepeye/otg/usb/OemCompatibilityLayer.kt, /Users/enayat/Documents/DeepEyeUnlocker/app/src/main/kotlin/com/deepeye/otg/usb/UsbTransport.kt, /Users/enayat/Documents/DeepEyeUnlocker/app/src/main/kotlin/com/deepeye/otg/usb/UsbManifestReceiver.kt, /Users/enayat/Documents/DeepEyeUnlocker/app/src/main/kotlin/com/deepeye/otg/usb/UsbProtocols.kt, /Users/enayat/Documents/DeepEyeUnlocker/app/src/main/kotlin/com/deepeye/otg/usb/AdbSession.kt, /Users/enayat/Documents/DeepEyeUnlocker/app/src/main/kotlin/com/deepeye/otg/usb/IosSessionCoordinator.kt, /Users/enayat/Documents/DeepEyeUnlocker/app/src/main/kotlin/com/deepeye/otg/usb/AdbProtocol.kt, /Users/enayat/Documents/DeepEyeUnlocker/app/src/main/kotlin/com/deepeye/otg/UsbSessionState.kt, /Users/enayat/Documents/DeepEyeUnlocker/app/src/main/kotlin/com/deepeye/otg/PartitionAdapter.kt, /Users/enayat/Documents/DeepEyeUnlocker/app/src/main/kotlin/com/deepeye/otg/ConnectionState.kt, /Users/enayat/Documents/DeepEyeUnlocker/app/src/main/kotlin/com/deepeye/otg/ProtocolProbe.kt, /Users/enayat/Documents/DeepEyeUnlocker/app/src/main/kotlin/com/deepeye/otg/ModeHelper.kt, /Users/enayat/Documents/DeepEyeUnlocker/app/src/main/kotlin/com/deepeye/otg/hid/HidDescriptorParser.kt, /Users/enayat/Documents/DeepEyeUnlocker/app/src/main/kotlin/com/deepeye/otg/hid/HidCrashReport.kt, /Users/enayat/Documents/DeepEyeUnlocker/app/src/main/kotlin/com/deepeye/otg/hid/HidCorpusGenerator.kt, /Users/enayat/Documents/DeepEyeUnlocker/app/src/main/kotlin/com/deepeye/otg/hid/HidVariantTracker.kt, /Users/enayat/Documents/DeepEyeUnlocker/app/src/main/kotlin/com/deepeye/otg/fuzz/hid/MaliciousHidDevice.kt, /Users/enayat/Documents/DeepEyeUnlocker/app/src/main/kotlin/com/deepeye/otg/fuzz/hid/HidFuzzCoordinator.kt, /Users/enayat/Documents/DeepEyeUnlocker/app/src/main/kotlin/com/deepeye/otg/fuzz/hid/HidMutator.kt, /Users/enayat/Documents/DeepEyeUnlocker/app/src/main/kotlin/com/deepeye/otg/fuzz/hid/HidFuzzModels.kt, /Users/enayat/Documents/DeepEyeUnlocker/app/src/main/kotlin/com/deepeye/otg/fuzz/hid/HidCorpus.kt, /Users/enayat/Documents/DeepEyeUnlocker/app/src/main/kotlin/com/deepeye/otg/feature/forensics/ReportExporter.kt, /Users/enayat/Documents/DeepEyeUnlocker/app/src/main/kotlin/com/deepeye/otg/feature/forensics/HashVerifier.kt, /Users/enayat/Documents/DeepEyeUnlocker/app/src/main/kotlin/com/deepeye/otg/feature/forensics/TimelineBuilder.kt, /Users/enayat/Documents/DeepEyeUnlocker/app/src/main/kotlin/com/deepeye/otg/feature/forensics/ArtifactIndexer.kt, /Users/enayat/Documents/DeepEyeUnlocker/app/src/main/kotlin/com/deepeye/otg/service/CloudSyncService.kt, /Users/enayat/Documents/DeepEyeUnlocker/app/src/main/kotlin/com/deepeye/otg/service/VaultManager.kt, /Users/enayat/Documents/DeepEyeUnlocker/app/src/main/kotlin/com/deepeye/otg/service/UpdateManager.kt, /Users/enayat/Documents/DeepEyeUnlocker/app/src/main/kotlin/com/deepeye/otg/service/ModelSyncManager.kt, /Users/enayat/Documents/DeepEyeUnlocker/app/src/main/kotlin/com/deepeye/otg/service/TunnelManager.kt, /Users/enayat/Documents/DeepEyeUnlocker/app/src/main/kotlin/com/deepeye/otg/service/CloudClient.kt, /Users/enayat/Documents/DeepEyeUnlocker/app/src/main/kotlin/com/deepeye/otg/service/PhysicalIntegrityService.kt, /Users/enayat/Documents/DeepEyeUnlocker/app/src/main/kotlin/com/deepeye/otg/service/UsbForegroundService.kt, /Users/enayat/Documents/DeepEyeUnlocker/app/src/main/kotlin/com/deepeye/otg/service/MassExtractor.kt, /Users/enayat/Documents/DeepEyeUnlocker/app/src/main/kotlin/com/deepeye/otg/service/ReportManager.kt, /Users/enayat/Documents/DeepEyeUnlocker/app/src/main/kotlin/com/deepeye/otg/service/LicenseManager.kt, /Users/enayat/Documents/DeepEyeUnlocker/app/src/main/kotlin/com/deepeye/otg/service/MtkFsDecryptor.kt, /Users/enayat/Documents/DeepEyeUnlocker/app/src/main/kotlin/com/deepeye/otg/service/ForensicReportGenerator.kt, /Users/enayat/Documents/DeepEyeUnlocker/app/src/main/kotlin/com/deepeye/otg/service/BinaryAssetManager.kt, /Users/enayat/Documents/DeepEyeUnlocker/app/src/main/kotlin/com/deepeye/otg/UsbPermissionManager.kt, /Users/enayat/Documents/DeepEyeUnlocker/app/src/main/kotlin/com/deepeye/otg/data/ConnectionMode.kt, /Users/enayat/Documents/DeepEyeUnlocker/app/src/main/kotlin/com/deepeye/otg/data/repository/ForensicRepository.kt, /Users/enayat/Documents/DeepEyeUnlocker/app/src/main/kotlin/com/deepeye/otg/data/hardware/IspDatabase.kt, /Users/enayat/Documents/DeepEyeUnlocker/app/src/main/kotlin/com/deepeye/otg/data/hardware/TestPointDatabase.kt, /Users/enayat/Documents/DeepEyeUnlocker/app/src/main/kotlin/com/deepeye/otg/data/SettingsManager.kt, /Users/enayat/Documents/DeepEyeUnlocker/app/src/main/kotlin/com/deepeye/otg/data/HWIDEngine.kt, /Users/enayat/Documents/DeepEyeUnlocker/app/src/main/kotlin/com/deepeye/otg/data/UsbDeviceDatabase.kt, /Users/enayat/Documents/DeepEyeUnlocker/app/src/main/kotlin/com/deepeye/otg/data/db/dao/ForensicDao.kt, /Users/enayat/Documents/DeepEyeUnlocker/app/src/main/kotlin/com/deepeye/otg/data/db/dao/FuzzDao.kt, /Users/enayat/Documents/DeepEyeUnlocker/app/src/main/kotlin/com/deepeye/otg/data/db/AppDatabase.kt, /Users/enayat/Documents/DeepEyeUnlocker/app/src/main/kotlin/com/deepeye/otg/data/db/entities/FuzzFindingEntity.kt, /Users/enayat/Documents/DeepEyeUnlocker/app/src/main/kotlin/com/deepeye/otg/data/db/entities/DeviceEntity.kt, /Users/enayat/Documents/DeepEyeUnlocker/app/src/main/kotlin/com/deepeye/otg/data/db/entities/OperationLogEntity.kt, /Users/enayat/Documents/DeepEyeUnlocker/app/src/main/kotlin/com/deepeye/otg/data/db/entities/SessionEntity.kt, /Users/enayat/Documents/DeepEyeUnlocker/app/src/main/kotlin/com/deepeye/otg/data/FeatureData.kt, /Users/enayat/Documents/DeepEyeUnlocker/app/src/main/kotlin/com/deepeye/otg/data/device/DeviceData06.kt, /Users/enayat/Documents/DeepEyeUnlocker/app/src/main/kotlin/com/deepeye/otg/data/device/DeviceData02.kt, /Users/enayat/Documents/DeepEyeUnlocker/app/src/main/kotlin/com/deepeye/otg/data/device/DeviceData03.kt, /Users/enayat/Documents/DeepEyeUnlocker/app/src/main/kotlin/com/deepeye/otg/data/device/DeviceData07.kt, /Users/enayat/Documents/DeepEyeUnlocker/app/src/main/kotlin/com/deepeye/otg/data/device/DeviceDatabase.kt, /Users/enayat/Documents/DeepEyeUnlocker/app/src/main/kotlin/com/deepeye/otg/data/device/ProtocolRouter.kt, /Users/enayat/Documents/DeepEyeUnlocker/app/src/main/kotlin/com/deepeye/otg/data/device/XiaomiProtocolResolver.kt, /Users/enayat/Documents/DeepEyeUnlocker/app/src/main/kotlin/com/deepeye/otg/data/device/LiveTestHelper.kt, /Users/enayat/Documents/DeepEyeUnlocker/app/src/main/kotlin/com/deepeye/otg/data/device/DeviceData04.kt, /Users/enayat/Documents/DeepEyeUnlocker/app/src/main/kotlin/com/deepeye/otg/data/device/DeviceData05.kt, /Users/enayat/Documents/DeepEyeUnlocker/app/src/main/kotlin/com/deepeye/otg/data/device/DeviceData01.kt, /Users/enayat/Documents/DeepEyeUnlocker/app/src/main/kotlin/com/deepeye/otg/data/gsmg/UnifiedBypassRegistry.kt, /Users/enayat/Documents/DeepEyeUnlocker/app/src/main/kotlin/com/deepeye/otg/data/gsmg/BypassOperationEngine.kt, /Users/enayat/Documents/DeepEyeUnlocker/app/src/main/kotlin/com/deepeye/otg/data/gsmg/BypassModels.kt, /Users/enayat/Documents/DeepEyeUnlocker/app/src/main/kotlin/com/deepeye/otg/data/BrandData.kt, /Users/enayat/Documents/DeepEyeUnlocker/app/src/main/kotlin/com/deepeye/otg/DaManager.kt, /Users/enayat/Documents/DeepEyeUnlocker/app/src/main/kotlin/com/deepeye/otg/engine/EngineDispatcher.kt, /Users/enayat/Documents/DeepEyeUnlocker/app/src/main/kotlin/com/deepeye/otg/engine/JailbreakEngine.kt, /Users/enayat/Documents/DeepEyeUnlocker/app/src/main/kotlin/com/deepeye/otg/engine/PurpleEngine.kt, /Users/enayat/Documents/DeepEyeUnlocker/app/src/main/kotlin/com/deepeye/otg/engine/ForensicEngine.kt, /Users/enayat/Documents/DeepEyeUnlocker/app/src/main/kotlin/com/deepeye/otg/engine/CloudVaultManager.kt, /Users/enayat/Documents/DeepEyeUnlocker/app/src/main/kotlin/com/deepeye/otg/engine/RamdiskForensicEngine.kt, /Users/enayat/Documents/DeepEyeUnlocker/app/src/main/kotlin/com/deepeye/otg/engine/MtkEngine.kt, /Users/enayat/Documents/DeepEyeUnlocker/app/src/main/kotlin/com/deepeye/otg/engine/ProtectionUtils.kt, /Users/enayat/Documents/DeepEyeUnlocker/app/src/main/kotlin/com/deepeye/otg/engine/ForensicAiAssistant.kt, /Users/enayat/Documents/DeepEyeUnlocker/app/src/main/kotlin/com/deepeye/otg/engine/TokenManager.kt, /Users/enayat/Documents/DeepEyeUnlocker/app/src/main/kotlin/com/deepeye/otg/engine/ActivationEngine.kt, /Users/enayat/Documents/DeepEyeUnlocker/app/src/main/kotlin/com/deepeye/otg/RemoteShareActivity.kt, /Users/enayat/Documents/DeepEyeUnlocker/app/src/main/kotlin/com/deepeye/otg/domain/models/AuthModels.kt, /Users/enayat/Documents/DeepEyeUnlocker/app/src/main/kotlin/com/deepeye/otg/domain/models/DomainModels.kt, /Users/enayat/Documents/DeepEyeUnlocker/app/src/main/kotlin/com/deepeye/otg/domain/models/MtkModels.kt, /Users/enayat/Documents/DeepEyeUnlocker/app/src/main/kotlin/com/deepeye/otg/domain/models/DeepEyeCatalogs.kt, /Users/enayat/Documents/DeepEyeUnlocker/app/src/main/kotlin/com/deepeye/otg/domain/models/ConnectionState.kt, /Users/enayat/Documents/DeepEyeUnlocker/app/src/main/kotlin/com/deepeye/otg/domain/engine/AvailabilityEngine.kt, /Users/enayat/Documents/DeepEyeUnlocker/app/src/main/kotlin/com/deepeye/otg/domain/engine/mtk/MtkBromCommands.kt, /Users/enayat/Documents/DeepEyeUnlocker/app/src/main/kotlin/com/deepeye/otg/domain/engine/mtk/MtkChipDatabase.kt, /Users/enayat/Documents/DeepEyeUnlocker/app/src/main/kotlin/com/deepeye/otg/domain/engine/mtk/MtkCdcSession.kt, /Users/enayat/Documents/DeepEyeUnlocker/app/src/main/kotlin/com/deepeye/otg/logging/SafeLog.kt, /Users/enayat/Documents/DeepEyeUnlocker/app/src/main/kotlin/com/deepeye/otg/repair/NvBridge.kt, /Users/enayat/Documents/DeepEyeUnlocker/app/src/main/kotlin/com/deepeye/otg/policy/PolicyEngine.kt
Java source files: /Users/enayat/Documents/DeepEyeUnlocker/app/build/generated/ksp/release/java/dagger/hilt/internal/aggregatedroot/codegen/_com_deepeye_otg_DeepEyeApplication.java, /Users/enayat/Documents/DeepEyeUnlocker/app/build/generated/ksp/release/java/hilt_aggregated_deps/_com_deepeye_otg_viewmodel_TerminalViewModel_HiltModules_BindsModule.java, /Users/enayat/Documents/DeepEyeUnlocker/app/build/generated/ksp/release/java/hilt_aggregated_deps/_com_deepeye_otg_viewmodel_TerminalViewModel_HiltModules_KeyModule.java, /Users/enayat/Documents/DeepEyeUnlocker/app/build/generated/ksp/release/java/hilt_aggregated_deps/_com_deepeye_otg_DeepEyeApplication_GeneratedInjector.java, /Users/enayat/Documents/DeepEyeUnlocker/app/build/generated/ksp/release/java/hilt_aggregated_deps/_com_deepeye_otg_viewmodel_UsbViewModel_HiltModules_KeyModule.java, /Users/enayat/Documents/DeepEyeUnlocker/app/build/generated/ksp/release/java/hilt_aggregated_deps/_com_deepeye_otg_viewmodel_ForensicVaultViewModel_HiltModules_BindsModule.java, /Users/enayat/Documents/DeepEyeUnlocker/app/build/generated/ksp/release/java/hilt_aggregated_deps/_com_deepeye_otg_viewmodel_StorageViewModel_HiltModules_KeyModule.java, /Users/enayat/Documents/DeepEyeUnlocker/app/build/generated/ksp/release/java/hilt_aggregated_deps/_com_deepeye_otg_ui_gsmg_BypassViewModel_HiltModules_KeyModule.java, /Users/enayat/Documents/DeepEyeUnlocker/app/build/generated/ksp/release/java/hilt_aggregated_deps/_com_deepeye_otg_ui_OtgActivity_GeneratedInjector.java, /Users/enayat/Documents/DeepEyeUnlocker/app/build/generated/ksp/release/java/hilt_aggregated_deps/_com_deepeye_otg_viewmodel_research_ForensicsViewModel_HiltModules_BindsModule.java, /Users/enayat/Documents/DeepEyeUnlocker/app/build/generated/ksp/release/java/hilt_aggregated_deps/_com_deepeye_otg_viewmodel_ForensicVaultViewModel_HiltModules_KeyModule.java, /Users/enayat/Documents/DeepEyeUnlocker/app/build/generated/ksp/release/java/hilt_aggregated_deps/_com_deepeye_otg_ui_device_DeviceSupportViewModel_HiltModules_BindsModule.java, /Users/enayat/Documents/DeepEyeUnlocker/app/build/generated/ksp/release/java/hilt_aggregated_deps/_com_deepeye_otg_ui_gsmg_BypassViewModel_HiltModules_BindsModule.java, /Users/enayat/Documents/DeepEyeUnlocker/app/build/generated/ksp/release/java/hilt_aggregated_deps/_com_deepeye_otg_viewmodel_research_FuzzDashboardViewModel_HiltModules_KeyModule.java, /Users/enayat/Documents/DeepEyeUnlocker/app/build/generated/ksp/release/java/hilt_aggregated_deps/_com_deepeye_otg_di_NetworkModule.java, /Users/enayat/Documents/DeepEyeUnlocker/app/build/generated/ksp/release/java/hilt_aggregated_deps/_com_deepeye_otg_viewmodel_research_HidResearchViewModel_HiltModules_KeyModule.java, /Users/enayat/Documents/DeepEyeUnlocker/app/build/generated/ksp/release/java/hilt_aggregated_deps/_com_deepeye_otg_viewmodel_UsbViewModel_HiltModules_BindsModule.java, /Users/enayat/Documents/DeepEyeUnlocker/app/build/generated/ksp/release/java/hilt_aggregated_deps/_com_deepeye_otg_di_AppModule.java, /Users/enayat/Documents/DeepEyeUnlocker/app/build/generated/ksp/release/java/hilt_aggregated_deps/_com_deepeye_otg_viewmodel_research_FuzzDashboardViewModel_HiltModules_BindsModule.java, /Users/enayat/Documents/DeepEyeUnlocker/app/build/generated/ksp/release/java/hilt_aggregated_deps/_com_deepeye_otg_viewmodel_research_ForensicsViewModel_HiltModules_KeyModule.java, /Users/enayat/Documents/DeepEyeUnlocker/app/build/generated/ksp/release/java/hilt_aggregated_deps/_com_deepeye_otg_viewmodel_research_CveDashboardViewModel_HiltModules_BindsModule.java, /Users/enayat/Documents/DeepEyeUnlocker/app/build/generated/ksp/release/java/hilt_aggregated_deps/_com_deepeye_otg_viewmodel_research_HidResearchViewModel_HiltModules_BindsModule.java, /Users/enayat/Documents/DeepEyeUnlocker/app/build/generated/ksp/release/java/hilt_aggregated_deps/_com_deepeye_otg_RemoteShareActivity_GeneratedInjector.java, /Users/enayat/Documents/DeepEyeUnlocker/app/build/generated/ksp/release/java/hilt_aggregated_deps/_com_deepeye_otg_viewmodel_StorageViewModel_HiltModules_BindsModule.java, /Users/enayat/Documents/DeepEyeUnlocker/app/build/generated/ksp/release/java/hilt_aggregated_deps/_com_deepeye_otg_service_UsbForegroundService_GeneratedInjector.java, /Users/enayat/Documents/DeepEyeUnlocker/app/build/generated/ksp/release/java/hilt_aggregated_deps/_com_deepeye_otg_ui_device_DeviceSupportViewModel_HiltModules_KeyModule.java, /Users/enayat/Documents/DeepEyeUnlocker/app/build/generated/ksp/release/java/hilt_aggregated_deps/_com_deepeye_otg_di_ResearchModule.java, /Users/enayat/Documents/DeepEyeUnlocker/app/build/generated/ksp/release/java/hilt_aggregated_deps/_com_deepeye_otg_viewmodel_research_CveDashboardViewModel_HiltModules_KeyModule.java, /Users/enayat/Documents/DeepEyeUnlocker/app/build/generated/ksp/release/java/com/deepeye/otg/research/fuzz/ReproRecorder_Factory.java, /Users/enayat/Documents/DeepEyeUnlocker/app/build/generated/ksp/release/java/com/deepeye/otg/research/fuzz/CorpusManager_Factory.java, /Users/enayat/Documents/DeepEyeUnlocker/app/build/generated/ksp/release/java/com/deepeye/otg/research/fuzz/FuzzHarness_Factory.java, /Users/enayat/Documents/DeepEyeUnlocker/app/build/generated/ksp/release/java/com/deepeye/otg/viewmodel/research/HidResearchViewModel_Factory.java, /Users/enayat/Documents/DeepEyeUnlocker/app/build/generated/ksp/release/java/com/deepeye/otg/viewmodel/research/CveDashboardViewModel_HiltModules_KeyModule_ProvideFactory.java, /Users/enayat/Documents/DeepEyeUnlocker/app/build/generated/ksp/release/java/com/deepeye/otg/viewmodel/research/FuzzDashboardViewModel_HiltModules.java, /Users/enayat/Documents/DeepEyeUnlocker/app/build/generated/ksp/release/java/com/deepeye/otg/viewmodel/research/ForensicsViewModel_Factory.java, /Users/enayat/Documents/DeepEyeUnlocker/app/build/generated/ksp/release/java/com/deepeye/otg/viewmodel/research/ForensicsViewModel_HiltModules.java, /Users/enayat/Documents/DeepEyeUnlocker/app/build/generated/ksp/release/java/com/deepeye/otg/viewmodel/research/ForensicsViewModel_HiltModules_KeyModule_ProvideFactory.java, /Users/enayat/Documents/DeepEyeUnlocker/app/build/generated/ksp/release/java/com/deepeye/otg/viewmodel/research/HidResearchViewModel_HiltModules.java, /Users/enayat/Documents/DeepEyeUnlocker/app/build/generated/ksp/release/java/com/deepeye/otg/viewmodel/research/HidResearchViewModel_HiltModules_KeyModule_ProvideFactory.java, /Users/enayat/Documents/DeepEyeUnlocker/app/build/generated/ksp/release/java/com/deepeye/otg/viewmodel/research/FuzzDashboardViewModel_HiltModules_KeyModule_ProvideFactory.java, /Users/enayat/Documents/DeepEyeUnlocker/app/build/generated/ksp/release/java/com/deepeye/otg/viewmodel/research/CveDashboardViewModel_HiltModules.java, /Users/enayat/Documents/DeepEyeUnlocker/app/build/generated/ksp/release/java/com/deepeye/otg/viewmodel/research/CveDashboardViewModel_Factory.java, /Users/enayat/Documents/DeepEyeUnlocker/app/build/generated/ksp/release/java/com/deepeye/otg/viewmodel/research/FuzzDashboardViewModel_Factory.java, /Users/enayat/Documents/DeepEyeUnlocker/app/build/generated/ksp/release/java/com/deepeye/otg/viewmodel/ForensicVaultViewModel_HiltModules.java, /Users/enayat/Documents/DeepEyeUnlocker/app/build/generated/ksp/release/java/com/deepeye/otg/viewmodel/TerminalViewModel_HiltModules.java, /Users/enayat/Documents/DeepEyeUnlocker/app/build/generated/ksp/release/java/com/deepeye/otg/viewmodel/UsbViewModel_HiltModules_KeyModule_ProvideFactory.java, /Users/enayat/Documents/DeepEyeUnlocker/app/build/generated/ksp/release/java/com/deepeye/otg/viewmodel/UsbViewModel_HiltModules.java, /Users/enayat/Documents/DeepEyeUnlocker/app/build/generated/ksp/release/java/com/deepeye/otg/viewmodel/StorageViewModel_HiltModules.java, /Users/enayat/Documents/DeepEyeUnlocker/app/build/generated/ksp/release/java/com/deepeye/otg/viewmodel/StorageViewModel_Factory.java, /Users/enayat/Documents/DeepEyeUnlocker/app/build/generated/ksp/release/java/com/deepeye/otg/viewmodel/TerminalViewModel_HiltModules_KeyModule_ProvideFactory.java, /Users/enayat/Documents/DeepEyeUnlocker/app/build/generated/ksp/release/java/com/deepeye/otg/viewmodel/ForensicVaultViewModel_HiltModules_KeyModule_ProvideFactory.java, /Users/enayat/Documents/DeepEyeUnlocker/app/build/generated/ksp/release/java/com/deepeye/otg/viewmodel/ForensicVaultViewModel_Factory.java, /Users/enayat/Documents/DeepEyeUnlocker/app/build/generated/ksp/release/java/com/deepeye/otg/viewmodel/UsbViewModel_Factory.java, /Users/enayat/Documents/DeepEyeUnlocker/app/build/generated/ksp/release/java/com/deepeye/otg/viewmodel/StorageViewModel_HiltModules_KeyModule_ProvideFactory.java, /Users/enayat/Documents/DeepEyeUnlocker/app/build/generated/ksp/release/java/com/deepeye/otg/viewmodel/TerminalViewModel_Factory.java, /Users/enayat/Documents/DeepEyeUnlocker/app/build/generated/ksp/release/java/com/deepeye/otg/ui/OtgActivity_GeneratedInjector.java, /Users/enayat/Documents/DeepEyeUnlocker/app/build/generated/ksp/release/java/com/deepeye/otg/ui/Hilt_OtgActivity.java, /Users/enayat/Documents/DeepEyeUnlocker/app/build/generated/ksp/release/java/com/deepeye/otg/ui/device/DeviceSupportViewModel_Factory.java, /Users/enayat/Documents/DeepEyeUnlocker/app/build/generated/ksp/release/java/com/deepeye/otg/ui/device/DeviceSupportViewModel_HiltModules.java, /Users/enayat/Documents/DeepEyeUnlocker/app/build/generated/ksp/release/java/com/deepeye/otg/ui/device/DeviceSupportViewModel_HiltModules_KeyModule_ProvideFactory.java, /Users/enayat/Documents/DeepEyeUnlocker/app/build/generated/ksp/release/java/com/deepeye/otg/ui/gsmg/BypassViewModel_Factory.java, /Users/enayat/Documents/DeepEyeUnlocker/app/build/generated/ksp/release/java/com/deepeye/otg/ui/gsmg/BypassViewModel_HiltModules.java, /Users/enayat/Documents/DeepEyeUnlocker/app/build/generated/ksp/release/java/com/deepeye/otg/ui/gsmg/BypassViewModel_HiltModules_KeyModule_ProvideFactory.java, /Users/enayat/Documents/DeepEyeUnlocker/app/build/generated/ksp/release/java/com/deepeye/otg/ui/OtgActivity_MembersInjector.java, /Users/enayat/Documents/DeepEyeUnlocker/app/build/generated/ksp/release/java/com/deepeye/otg/exploit/UniversalExploitOrchestrator_Factory.java, /Users/enayat/Documents/DeepEyeUnlocker/app/build/generated/ksp/release/java/com/deepeye/otg/exploit/AslrDefeater_Factory.java, /Users/enayat/Documents/DeepEyeUnlocker/app/build/generated/ksp/release/java/com/deepeye/otg/exploit/PostExploitExtractor_Factory.java, /Users/enayat/Documents/DeepEyeUnlocker/app/build/generated/ksp/release/java/com/deepeye/otg/exploit/ExploitChainOrchestrator_Factory.java, /Users/enayat/Documents/DeepEyeUnlocker/app/build/generated/ksp/release/java/com/deepeye/otg/exploit/AmfiSymlinkBypass_Factory.java, /Users/enayat/Documents/DeepEyeUnlocker/app/build/generated/ksp/release/java/com/deepeye/otg/di/ResearchModule_ProvideMutatorsFactory.java, /Users/enayat/Documents/DeepEyeUnlocker/app/build/generated/ksp/release/java/com/deepeye/otg/di/AppModule_ProvideMassExtractorFactory.java, /Users/enayat/Documents/DeepEyeUnlocker/app/build/generated/ksp/release/java/com/deepeye/otg/di/AppModule_ProvideAmfiSymlinkBypassFactory.java, /Users/enayat/Documents/DeepEyeUnlocker/app/build/generated/ksp/release/java/com/deepeye/otg/di/NetworkModule_ProvideCloudClientFactory.java, /Users/enayat/Documents/DeepEyeUnlocker/app/build/generated/ksp/release/java/com/deepeye/otg/di/AppModule_ProvideMaliciousHidDeviceFactory.java, /Users/enayat/Documents/DeepEyeUnlocker/app/build/generated/ksp/release/java/com/deepeye/otg/di/NetworkModule_ProvideCloudSyncServiceFactory.java, /Users/enayat/Documents/DeepEyeUnlocker/app/build/generated/ksp/release/java/com/deepeye/otg/di/AppModule_ProvideExploitChainOrchestratorFactory.java, /Users/enayat/Documents/DeepEyeUnlocker/app/build/generated/ksp/release/java/com/deepeye/otg/di/AppModule_ProvideTokenManagerFactory.java, /Users/enayat/Documents/DeepEyeUnlocker/app/build/generated/ksp/release/java/com/deepeye/otg/di/NetworkModule_ProvideTunnelManagerFactory.java, /Users/enayat/Documents/DeepEyeUnlocker/app/build/generated/ksp/release/java/com/deepeye/otg/di/NetworkModule_ProvideOkHttpClientFactory.java, /Users/enayat/Documents/DeepEyeUnlocker/app/build/generated/ksp/release/java/com/deepeye/otg/di/ResearchModule_ProvideSecureRandomFactory.java, /Users/enayat/Documents/DeepEyeUnlocker/app/build/generated/ksp/release/java/com/deepeye/otg/di/ResearchModule_ProvideFuzzReproDirFactory.java, /Users/enayat/Documents/DeepEyeUnlocker/app/build/generated/ksp/release/java/com/deepeye/otg/di/AppModule_ProvideAslrDefeaterFactory.java, /Users/enayat/Documents/DeepEyeUnlocker/app/build/generated/ksp/release/java/com/deepeye/otg/di/AppModule_ProvideCveRepositoryFactory.java, /Users/enayat/Documents/DeepEyeUnlocker/app/build/generated/ksp/release/java/com/deepeye/otg/di/AppModule_ProvideUniversalExploitOrchestratorFactory.java, /Users/enayat/Documents/DeepEyeUnlocker/app/build/generated/ksp/release/java/com/deepeye/otg/di/NetworkModule_ProvideCertificatePinnerFactory.java, /Users/enayat/Documents/DeepEyeUnlocker/app/build/generated/ksp/release/java/com/deepeye/otg/di/AppModule_ProvideVersionMappingEngineFactory.java, /Users/enayat/Documents/DeepEyeUnlocker/app/build/generated/ksp/release/java/com/deepeye/otg/di/AppModule_ProvideCloudVaultManagerFactory.java, /Users/enayat/Documents/DeepEyeUnlocker/app/build/generated/ksp/release/java/com/deepeye/otg/di/AppModule_ProvideCveDatabaseFactory.java, /Users/enayat/Documents/DeepEyeUnlocker/app/build/generated/ksp/release/java/com/deepeye/otg/di/AppModule_ProvideForensicAiAssistantFactory.java, /Users/enayat/Documents/DeepEyeUnlocker/app/build/generated/ksp/release/java/com/deepeye/otg/di/ResearchModule_ProvideHidCorpusDirFactory.java, /Users/enayat/Documents/DeepEyeUnlocker/app/build/generated/ksp/release/java/com/deepeye/otg/di/AppModule_ProvideForensicDaoFactory.java, /Users/enayat/Documents/DeepEyeUnlocker/app/build/generated/ksp/release/java/com/deepeye/otg/di/ResearchModule_ProvideFuzzConfigFactory.java, /Users/enayat/Documents/DeepEyeUnlocker/app/build/generated/ksp/release/java/com/deepeye/otg/di/AppModule_ProvideCveImporterFactory.java, /Users/enayat/Documents/DeepEyeUnlocker/app/build/generated/ksp/release/java/com/deepeye/otg/di/AppModule_ProvideFuzzDaoFactory.java, /Users/enayat/Documents/DeepEyeUnlocker/app/build/generated/ksp/release/java/com/deepeye/otg/di/ResearchModule_ProvideFuzzCorpusDirFactory.java, /Users/enayat/Documents/DeepEyeUnlocker/app/build/generated/ksp/release/java/com/deepeye/otg/di/AppModule_ProvidePurpleEngineFactory.java, /Users/enayat/Documents/DeepEyeUnlocker/app/build/generated/ksp/release/java/com/deepeye/otg/di/AppModule_ProvideAppDatabaseFactory.java, /Users/enayat/Documents/DeepEyeUnlocker/app/build/generated/ksp/release/java/com/deepeye/otg/di/AppModule_ProvideIosSessionCoordinatorFactory.java, /Users/enayat/Documents/DeepEyeUnlocker/app/build/generated/ksp/release/java/com/deepeye/otg/di/AppModule_ProvideActivationEngineFactory.java, /Users/enayat/Documents/DeepEyeUnlocker/app/build/generated/ksp/release/java/com/deepeye/otg/di/AppModule_ProvideMtkEngineFactory.java, /Users/enayat/Documents/DeepEyeUnlocker/app/build/generated/ksp/release/java/com/deepeye/otg/di/AppModule_ProvideAdbManagerFactory.java, /Users/enayat/Documents/DeepEyeUnlocker/app/build/generated/ksp/release/java/com/deepeye/otg/di/AppModule_ProvideCveDaoFactory.java, /Users/enayat/Documents/DeepEyeUnlocker/app/build/generated/ksp/release/java/com/deepeye/otg/di/AppModule_ProvideUsbManagerFactory.java, /Users/enayat/Documents/DeepEyeUnlocker/app/build/generated/ksp/release/java/com/deepeye/otg/di/ResearchModule_ProvideFuzzTargetFactory.java, /Users/enayat/Documents/DeepEyeUnlocker/app/build/generated/ksp/release/java/com/deepeye/otg/di/AppModule_ProvideForensicEngineFactory.java, /Users/enayat/Documents/DeepEyeUnlocker/app/build/generated/ksp/release/java/com/deepeye/otg/di/AppModule_ProvideSettingsManagerFactory.java, /Users/enayat/Documents/DeepEyeUnlocker/app/build/generated/ksp/release/java/com/deepeye/otg/di/ResearchModule_ProvideFuzzSessionDirFactory.java, /Users/enayat/Documents/DeepEyeUnlocker/app/build/generated/ksp/release/java/com/deepeye/otg/di/ResearchModule_ProvideForensicsReportsDirFactory.java, /Users/enayat/Documents/DeepEyeUnlocker/app/build/generated/ksp/release/java/com/deepeye/otg/di/NetworkModule_ProvideLicenseManagerFactory.java, /Users/enayat/Documents/DeepEyeUnlocker/app/build/generated/ksp/release/java/com/deepeye/otg/di/AppModule_ProvideSessionCoordinatorFactory.java, /Users/enayat/Documents/DeepEyeUnlocker/app/build/generated/ksp/release/java/com/deepeye/otg/di/AppModule_ProvideAppScopeFactory.java, /Users/enayat/Documents/DeepEyeUnlocker/app/build/generated/ksp/release/java/com/deepeye/otg/di/AppModule_ProvidePatchStateAnalyzerFactory.java, /Users/enayat/Documents/DeepEyeUnlocker/app/build/generated/ksp/release/java/com/deepeye/otg/di/AppModule_ProvideJailbreakEngineFactory.java, /Users/enayat/Documents/DeepEyeUnlocker/app/build/generated/ksp/release/java/com/deepeye/otg/di/AppModule_ProvideHidFuzzCoordinatorFactory.java, /Users/enayat/Documents/DeepEyeUnlocker/app/build/generated/ksp/release/java/com/deepeye/otg/di/ResearchModule_ProvideCrashClassifierFactory.java, /Users/enayat/Documents/DeepEyeUnlocker/app/build/generated/ksp/release/java/com/deepeye/otg/di/AppModule_ProvideRamdiskForensicEngineFactory.java, /Users/enayat/Documents/DeepEyeUnlocker/app/build/generated/ksp/release/java/com/deepeye/otg/di/AppModule_ProvideUsbLifecycleManagerFactory.java, /Users/enayat/Documents/DeepEyeUnlocker/app/build/generated/ksp/release/java/com/deepeye/otg/di/AppModule_ProvidePostExploitExtractorFactory.java, /Users/enayat/Documents/DeepEyeUnlocker/app/build/generated/ksp/release/java/com/deepeye/otg/di/AppModule_ProvideHardwareManagerFactory.java, /Users/enayat/Documents/DeepEyeUnlocker/app/build/generated/ksp/release/java/com/deepeye/otg/intelligence/vulndb/CveDao_Impl.java, /Users/enayat/Documents/DeepEyeUnlocker/app/build/generated/ksp/release/java/com/deepeye/otg/intelligence/vulndb/CveDatabase_Impl.java, /Users/enayat/Documents/DeepEyeUnlocker/app/build/generated/ksp/release/java/com/deepeye/otg/DeepEyeApplication_MembersInjector.java, /Users/enayat/Documents/DeepEyeUnlocker/app/build/generated/ksp/release/java/com/deepeye/otg/RemoteShareActivity_GeneratedInjector.java, /Users/enayat/Documents/DeepEyeUnlocker/app/build/generated/ksp/release/java/com/deepeye/otg/DeepEyeApplication_GeneratedInjector.java, /Users/enayat/Documents/DeepEyeUnlocker/app/build/generated/ksp/release/java/com/deepeye/otg/Hilt_RemoteShareActivity.java, /Users/enayat/Documents/DeepEyeUnlocker/app/build/generated/ksp/release/java/com/deepeye/otg/usb/SessionCoordinator_Factory.java, /Users/enayat/Documents/DeepEyeUnlocker/app/build/generated/ksp/release/java/com/deepeye/otg/usb/UsbLifecycleManager_Factory.java, /Users/enayat/Documents/DeepEyeUnlocker/app/build/generated/ksp/release/java/com/deepeye/otg/usb/IosSessionCoordinator_Factory.java, /Users/enayat/Documents/DeepEyeUnlocker/app/build/generated/ksp/release/java/com/deepeye/otg/RemoteShareActivity_MembersInjector.java, /Users/enayat/Documents/DeepEyeUnlocker/app/build/generated/ksp/release/java/com/deepeye/otg/hid/HidCorpusGenerator_Factory.java, /Users/enayat/Documents/DeepEyeUnlocker/app/build/generated/ksp/release/java/com/deepeye/otg/hid/HidVariantTracker_Factory.java, /Users/enayat/Documents/DeepEyeUnlocker/app/build/generated/ksp/release/java/com/deepeye/otg/hid/HidDescriptorParser_Factory.java, /Users/enayat/Documents/DeepEyeUnlocker/app/build/generated/ksp/release/java/com/deepeye/otg/fuzz/hid/MaliciousHidDevice_Factory.java, /Users/enayat/Documents/DeepEyeUnlocker/app/build/generated/ksp/release/java/com/deepeye/otg/fuzz/hid/HidFuzzCoordinator_Factory.java, /Users/enayat/Documents/DeepEyeUnlocker/app/build/generated/ksp/release/java/com/deepeye/otg/feature/forensics/TimelineBuilder_Factory.java, /Users/enayat/Documents/DeepEyeUnlocker/app/build/generated/ksp/release/java/com/deepeye/otg/feature/forensics/ArtifactIndexer_Factory.java, /Users/enayat/Documents/DeepEyeUnlocker/app/build/generated/ksp/release/java/com/deepeye/otg/feature/forensics/HashVerifier_Factory.java, /Users/enayat/Documents/DeepEyeUnlocker/app/build/generated/ksp/release/java/com/deepeye/otg/feature/forensics/ReportExporter_Factory.java, /Users/enayat/Documents/DeepEyeUnlocker/app/build/generated/ksp/release/java/com/deepeye/otg/service/CloudSyncService_Factory.java, /Users/enayat/Documents/DeepEyeUnlocker/app/build/generated/ksp/release/java/com/deepeye/otg/service/TunnelManager_Factory.java, /Users/enayat/Documents/DeepEyeUnlocker/app/build/generated/ksp/release/java/com/deepeye/otg/service/UsbForegroundService_MembersInjector.java, /Users/enayat/Documents/DeepEyeUnlocker/app/build/generated/ksp/release/java/com/deepeye/otg/service/Hilt_UsbForegroundService.java, /Users/enayat/Documents/DeepEyeUnlocker/app/build/generated/ksp/release/java/com/deepeye/otg/service/MassExtractor_Factory.java, /Users/enayat/Documents/DeepEyeUnlocker/app/build/generated/ksp/release/java/com/deepeye/otg/service/CloudClient_Factory.java, /Users/enayat/Documents/DeepEyeUnlocker/app/build/generated/ksp/release/java/com/deepeye/otg/service/PhysicalIntegrityService_Factory.java, /Users/enayat/Documents/DeepEyeUnlocker/app/build/generated/ksp/release/java/com/deepeye/otg/service/LicenseManager_Factory.java, /Users/enayat/Documents/DeepEyeUnlocker/app/build/generated/ksp/release/java/com/deepeye/otg/service/UsbForegroundService_GeneratedInjector.java, /Users/enayat/Documents/DeepEyeUnlocker/app/build/generated/ksp/release/java/com/deepeye/otg/data/repository/ForensicRepository_Factory.java, /Users/enayat/Documents/DeepEyeUnlocker/app/build/generated/ksp/release/java/com/deepeye/otg/data/db/AppDatabase_Impl.java, /Users/enayat/Documents/DeepEyeUnlocker/app/build/generated/ksp/release/java/com/deepeye/otg/data/db/dao/ForensicDao_Impl.java, /Users/enayat/Documents/DeepEyeUnlocker/app/build/generated/ksp/release/java/com/deepeye/otg/data/db/dao/FuzzDao_Impl.java, /Users/enayat/Documents/DeepEyeUnlocker/app/build/generated/ksp/release/java/com/deepeye/otg/data/SettingsManager_Factory.java, /Users/enayat/Documents/DeepEyeUnlocker/app/build/generated/ksp/release/java/com/deepeye/otg/engine/PurpleEngine_Factory.java, /Users/enayat/Documents/DeepEyeUnlocker/app/build/generated/ksp/release/java/com/deepeye/otg/engine/ActivationEngine_Factory.java, /Users/enayat/Documents/DeepEyeUnlocker/app/build/generated/ksp/release/java/com/deepeye/otg/engine/CloudVaultManager_Factory.java, /Users/enayat/Documents/DeepEyeUnlocker/app/build/generated/ksp/release/java/com/deepeye/otg/engine/ForensicAiAssistant_Factory.java, /Users/enayat/Documents/DeepEyeUnlocker/app/build/generated/ksp/release/java/com/deepeye/otg/engine/MtkEngine_Factory.java, /Users/enayat/Documents/DeepEyeUnlocker/app/build/generated/ksp/release/java/com/deepeye/otg/engine/JailbreakEngine_Factory.java, /Users/enayat/Documents/DeepEyeUnlocker/app/build/generated/ksp/release/java/com/deepeye/otg/engine/ForensicEngine_Factory.java, /Users/enayat/Documents/DeepEyeUnlocker/app/build/generated/source/buildConfig/release/com/deepeye/otg/BuildConfig.java
Script source files: 
Script file extensions: 
Using Kotlin/JVM incremental compilation
[KOTLIN] Kotlin compilation 'jdkHome' argument: null
Options for KOTLIN DAEMON: IncrementalCompilationOptions(super=CompilationOptions(compilerMode=INCREMENTAL_COMPILER, targetPlatform=JVM, reportCategories=[0, 3], reportSeverity=2, requestedCompilationResults=[0], kotlinScriptExtensions=[]), areFileChangesKnown=false, modifiedFiles=null, deletedFiles=null, classpathChanges=NotAvailableForNonIncrementalRun, workingDir=/Users/enayat/Documents/DeepEyeUnlocker/app/build/kotlin/compileReleaseKotlin/cacheable, multiModuleICSettings=MultiModuleICSettings(buildHistoryFile=/Users/enayat/Documents/DeepEyeUnlocker/app/build/kotlin/compileReleaseKotlin/local-state/build-history.bin, useModuleDetection=true), usePreciseJavaTracking=true, icFeatures=IncrementalCompilationFeatures(withAbiSnapshot=false, preciseCompilationResultsBackup=true, keepIncrementalCompilationCachesInMemory=true, enableUnsafeIncrementalCompilationForMultiplatform=false), outputFiles=[/Users/enayat/Documents/DeepEyeUnlocker/app/build/tmp/kotlin-classes/release, /Users/enayat/Documents/DeepEyeUnlocker/app/build/kotlin/compileReleaseKotlin/cacheable, /Users/enayat/Documents/DeepEyeUnlocker/app/build/kotlin/compileReleaseKotlin/local-state])

AAPT2 aapt2-8.2.2-10154469-osx Daemon #0: shutdown
AAPT2 aapt2-8.2.2-10154469-osx Daemon #1: shutdown
AAPT2 aapt2-8.2.2-10154469-osx Daemon #2: shutdown

> Task :app:compileReleaseKotlin
w: file:///Users/enayat/Documents/DeepEyeUnlocker/app/src/main/kotlin/com/deepeye/otg/ui/RemoteShareScreen.kt:63:36 'val Icons.Filled.ArrowBack: ImageVector' is deprecated. Use the AutoMirrored version at Icons.AutoMirrored.Filled.ArrowBack.
w: file:///Users/enayat/Documents/DeepEyeUnlocker/app/src/main/kotlin/com/deepeye/otg/ui/components/ForensicExplorer.kt:57:21 'fun Divider(modifier: Modifier = ..., thickness: Dp = ..., color: Color = ...): Unit' is deprecated. Renamed to HorizontalDivider.
w: file:///Users/enayat/Documents/DeepEyeUnlocker/app/src/main/kotlin/com/deepeye/otg/ui/screens/CveDashboardScreen.kt:158:35 'val Icons.Filled.ArrowBack: ImageVector' is deprecated. Use the AutoMirrored version at Icons.AutoMirrored.Filled.ArrowBack.
w: file:///Users/enayat/Documents/DeepEyeUnlocker/app/src/main/kotlin/com/deepeye/otg/ui/screens/ForensicLabScreen.kt:52:42 'fun Modifier.hazeChild(state: HazeState, style: HazeStyle = ..., block: (HazeEffectScope.() -> Unit)? = ...): Modifier' is deprecated. Renamed to Modifier.hazeEffect().
w: file:///Users/enayat/Documents/DeepEyeUnlocker/app/src/main/kotlin/com/deepeye/otg/ui/screens/FuzzDashboardScreen.kt:198:31 'val Icons.Filled.ArrowBack: ImageVector' is deprecated. Use the AutoMirrored version at Icons.AutoMirrored.Filled.ArrowBack.
w: file:///Users/enayat/Documents/DeepEyeUnlocker/app/src/main/kotlin/com/deepeye/otg/ui/screens/HidResearchScreen.kt:109:31 'val Icons.Filled.ArrowBack: ImageVector' is deprecated. Use the AutoMirrored version at Icons.AutoMirrored.Filled.ArrowBack.
w: file:///Users/enayat/Documents/DeepEyeUnlocker/app/src/main/kotlin/com/deepeye/otg/ui/screens/MissionHubScreen.kt:90:44 'val Icons.Filled.ArrowBack: ImageVector' is deprecated. Use the AutoMirrored version at Icons.AutoMirrored.Filled.ArrowBack.
w: file:///Users/enayat/Documents/DeepEyeUnlocker/app/src/main/kotlin/com/deepeye/otg/ui/screens/TargetDashboardScreen.kt:199:25 Check for instance is always 'true'.
w: file:///Users/enayat/Documents/DeepEyeUnlocker/app/src/main/kotlin/com/deepeye/otg/ui/screens/TargetDashboardScreen.kt:200:25 Check for instance is always 'false'.
w: file:///Users/enayat/Documents/DeepEyeUnlocker/app/src/main/kotlin/com/deepeye/otg/ui/screens/TargetDashboardScreen.kt:201:25 Check for instance is always 'false'.
w: file:///Users/enayat/Documents/DeepEyeUnlocker/app/src/main/kotlin/com/deepeye/otg/ui/screens/TargetDashboardScreen.kt:205:25 Check for instance is always 'true'.
w: file:///Users/enayat/Documents/DeepEyeUnlocker/app/src/main/kotlin/com/deepeye/otg/ui/screens/TargetDashboardScreen.kt:209:25 Check for instance is always 'true'.
w: file:///Users/enayat/Documents/DeepEyeUnlocker/app/src/main/kotlin/com/deepeye/otg/ui/screens/TargetDashboardScreen.kt:544:21 'fun Divider(modifier: Modifier = ..., thickness: Dp = ..., color: Color = ...): Unit' is deprecated. Renamed to HorizontalDivider.
w: file:///Users/enayat/Documents/DeepEyeUnlocker/app/src/main/kotlin/com/deepeye/otg/ui/theme/DeepEyeTheme.kt:61:20 'var statusBarColor: Int' is deprecated. Deprecated in Java.
w: file:///Users/enayat/Documents/DeepEyeUnlocker/app/src/main/kotlin/com/deepeye/otg/ui/theme/DeepEyeTheme.kt:62:20 'var navigationBarColor: Int' is deprecated. Deprecated in Java.
w: file:///Users/enayat/Documents/DeepEyeUnlocker/app/src/main/kotlin/com/deepeye/otg/usb/UsbBroadcastReceiver.kt:16:62 'fun <T : Parcelable!> getParcelableExtra(p0: String!): T?' is deprecated. Deprecated in Java.
Finished executing kotlin compiler using DAEMON strategy
Resolve mutations for :app:compileReleaseJavaWithJavac (Thread[included builds,5,main]) started.
:app:compileReleaseJavaWithJavac (Thread[included builds,5,main]) started.

> Task :app:compileReleaseJavaWithJavac
file or directory '/Users/enayat/Documents/DeepEyeUnlocker/app/build/generated/ksp/release/classes', not found
file or directory '/Users/enayat/Documents/DeepEyeUnlocker/app/build/generated/ksp/release/classes', not found
Custom actions are attached to task ':app:compileReleaseJavaWithJavac'.
Caching disabled for task ':app:compileReleaseJavaWithJavac' because:
  Build cache is disabled
Task ':app:compileReleaseJavaWithJavac' is not up-to-date because:
  Executed with '--rerun-tasks'.
The input changes require a full rebuild for incremental task ':app:compileReleaseJavaWithJavac'.
Compilation mode: in-process compilation
file or directory '/Users/enayat/Documents/DeepEyeUnlocker/app/build/generated/ksp/release/classes', not found
Full recompilation is required because no incremental change information is available. This is usually caused by clean builds or changing compiler arguments.
Compiling with toolchain '/Library/Java/JavaVirtualMachines/temurin-17.jdk/Contents/Home'.
file or directory '/Users/enayat/Documents/DeepEyeUnlocker/app/src/main/java', not found
file or directory '/Users/enayat/Documents/DeepEyeUnlocker/app/src/release/java', not found
Compiling with JDK Java compiler API.
Class dependency analysis for incremental compilation took 0.347 secs.
Created classpath snapshot for incremental compilation in 2.522 secs.
Resolve mutations for :app:hiltAggregateDepsRelease (Thread[included builds,5,main]) started.
:app:hiltAggregateDepsRelease (Thread[included builds,5,main]) started.

> Task :app:hiltAggregateDepsRelease
file or directory '/Users/enayat/Documents/DeepEyeUnlocker/app/build/generated/ksp/release/classes', not found
Caching disabled for CopyTransform: /Users/enayat/Documents/DeepEyeUnlocker/app/build/tmp/kotlin-classes/release because:
  Build cache is disabled
  Caching not enabled.
Caching disabled for AggregatedPackagesTransform: /Users/enayat/Documents/DeepEyeUnlocker/app/build/tmp/kotlin-classes/release because:
  Build cache is disabled
Caching disabled for task ':app:hiltAggregateDepsRelease' because:
  Build cache is disabled
Task ':app:hiltAggregateDepsRelease' is not up-to-date because:
  Executed with '--rerun-tasks'.
The input changes require a full rebuild for incremental task ':app:hiltAggregateDepsRelease'.
Resolve mutations for :app:hiltJavaCompileRelease (Thread[Execution worker Thread 2,5,main]) started.
:app:hiltJavaCompileRelease (Thread[Execution worker Thread 2,5,main]) started.

> Task :app:hiltJavaCompileRelease
file or directory '/Users/enayat/Documents/DeepEyeUnlocker/app/build/generated/ksp/release/classes', not found
file or directory '/Users/enayat/Documents/DeepEyeUnlocker/app/build/generated/ksp/release/classes', not found
Caching disabled for task ':app:hiltJavaCompileRelease' because:
  Build cache is disabled
Task ':app:hiltJavaCompileRelease' is not up-to-date because:
  Executed with '--rerun-tasks'.
The input changes require a full rebuild for incremental task ':app:hiltJavaCompileRelease'.
Compilation mode: in-process compilation
file or directory '/Users/enayat/Documents/DeepEyeUnlocker/app/build/generated/ksp/release/classes', not found
Full recompilation is required because no incremental change information is available. This is usually caused by clean builds or changing compiler arguments.
Compiling with toolchain '/Library/Java/JavaVirtualMachines/temurin-17.jdk/Contents/Home'.
Compiling with JDK Java compiler API.
Class dependency analysis for incremental compilation took 0.027 secs.
Created classpath snapshot for incremental compilation in 0.688 secs.
Resolve mutations for :app:transformReleaseClassesWithAsm (Thread[Execution worker Thread 3,5,main]) started.
:app:transformReleaseClassesWithAsm (Thread[Execution worker Thread 3,5,main]) started.

> Task :app:transformReleaseClassesWithAsm
file or directory '/Users/enayat/Documents/DeepEyeUnlocker/app/build/generated/ksp/release/classes', not found
file or directory '/Users/enayat/Documents/DeepEyeUnlocker/app/build/generated/ksp/release/classes', not found
Caching disabled for task ':app:transformReleaseClassesWithAsm' because:
  Build cache is disabled
Task ':app:transformReleaseClassesWithAsm' is not up-to-date because:
  Executed with '--rerun-tasks'.
The input changes require a full rebuild for incremental task ':app:transformReleaseClassesWithAsm'.

Resolve mutations for :app:processReleaseJavaRes (Thread[included builds,5,main]) started.
:app:processReleaseJavaRes (Thread[included builds,5,main]) started.

> Task :app:processReleaseJavaRes
file or directory '/Users/enayat/Documents/DeepEyeUnlocker/app/src/main/resources', not found
file or directory '/Users/enayat/Documents/DeepEyeUnlocker/app/src/release/resources', not found
file or directory '/Users/enayat/Documents/DeepEyeUnlocker/app/build/generated/ksp/release/classes', not found
file or directory '/Users/enayat/Documents/DeepEyeUnlocker/app/build/generated/ksp/release/classes', not found
file or directory '/Users/enayat/Documents/DeepEyeUnlocker/app/src/main/resources', not found
file or directory '/Users/enayat/Documents/DeepEyeUnlocker/app/src/release/resources', not found
file or directory '/Users/enayat/Documents/DeepEyeUnlocker/app/build/generated/ksp/release/classes', not found
file or directory '/Users/enayat/Documents/DeepEyeUnlocker/app/build/generated/ksp/release/classes', not found
Caching disabled for task ':app:processReleaseJavaRes' because:
  Build cache is disabled
  Caching has been disabled for the task
Task ':app:processReleaseJavaRes' is not up-to-date because:
  Executed with '--rerun-tasks'.
file or directory '/Users/enayat/Documents/DeepEyeUnlocker/app/src/main/resources', not found
file or directory '/Users/enayat/Documents/DeepEyeUnlocker/app/src/release/resources', not found
file or directory '/Users/enayat/Documents/DeepEyeUnlocker/app/build/generated/ksp/release/classes', not found
file or directory '/Users/enayat/Documents/DeepEyeUnlocker/app/build/generated/ksp/release/classes', not found
file or directory '/Users/enayat/Documents/DeepEyeUnlocker/app/src/main/resources', not found
file or directory '/Users/enayat/Documents/DeepEyeUnlocker/app/src/release/resources', not found
file or directory '/Users/enayat/Documents/DeepEyeUnlocker/app/build/generated/ksp/release/resources', not found
Resolve mutations for :app:mergeReleaseJavaResource (Thread[included builds,5,main]) started.
:app:mergeReleaseJavaResource (Thread[included builds,5,main]) started.

> Task :app:mergeReleaseJavaResource
Caching disabled for task ':app:mergeReleaseJavaResource' because:
  Build cache is disabled
  Caching has been disabled for the task
Task ':app:mergeReleaseJavaResource' is not up-to-date because:
  Executed with '--rerun-tasks'.
The input changes require a full rebuild for incremental task ':app:mergeReleaseJavaResource'.

Resolve mutations for :app:expandReleaseArtProfileWildcards (Thread[Execution worker,5,main]) started.
:app:expandReleaseArtProfileWildcards (Thread[Execution worker,5,main]) started.
Resolve mutations for :app:mergeReleaseGeneratedProguardFiles (Thread[Execution worker Thread 3,5,main]) started.
:app:mergeReleaseGeneratedProguardFiles (Thread[Execution worker Thread 3,5,main]) started.

> Task :app:mergeReleaseGeneratedProguardFiles
Caching disabled for task ':app:mergeReleaseGeneratedProguardFiles' because:
  Build cache is disabled
  Tasks that merge files into a directory/jar without further processing usually do not benefit from caching. Also, their outputs are usually large, which would consume a lot of space when cached.
Task ':app:mergeReleaseGeneratedProguardFiles' is not up-to-date because:
  Executed with '--rerun-tasks'.

> Task :app:expandReleaseArtProfileWildcards
Caching disabled for task ':app:expandReleaseArtProfileWildcards' because:
  Build cache is disabled
Task ':app:expandReleaseArtProfileWildcards' is not up-to-date because:
  Executed with '--rerun-tasks'.
Resolve mutations for :app:minifyReleaseWithR8 (Thread[Execution worker,5,main]) started.
:app:minifyReleaseWithR8 (Thread[Execution worker,5,main]) started.

> Task :app:minifyReleaseWithR8
Caching disabled for task ':app:minifyReleaseWithR8' because:
  Build cache is disabled
  Gradle does not know how file 'build/intermediates/merged_java_res/release/base.jar' was created (output property 'outputResources'). Task output caching requires exclusive access to output paths to guarantee correctness (i.e. multiple tasks are not allowed to produce output in the same location).
Task ':app:minifyReleaseWithR8' is not up-to-date because:
  Executed with '--rerun-tasks'.
R8 is a new Android code shrinker. If you experience any issues, please file a bug at
https://issuetracker.google.com, using 'Shrinker (R8)' as component name.
Current version is: 8.2.47 (build 62baf24ba2b71f4e5bc04c7f01930bc5d47b02be from go/r8bot (luci-r8-custom-ci-archive-0-19z6)).

file or directory '/Users/enayat/Documents/DeepEyeUnlocker/app/build/intermediates/generated_proguard_file/release/proguard.txt', not found
INFO: /Users/enayat/Documents/DeepEyeUnlocker/app/build/intermediates/default_proguard_files/global/proguard-android-optimize.txt-8.2.2:15:1-15: R8: Ignoring option: -optimizations
INFO: /Users/enayat/Documents/DeepEyeUnlocker/app/build/intermediates/default_proguard_files/global/proguard-android-optimize.txt-8.2.2:16:1-22: R8: Ignoring option: -optimizationpasses
